Distance,Cosine Similarity
1.0,0.5089484440560423
2.0,0.0
3.0,0.0
4.0,0.0
5.0,0.11456559986277356
6.0,0.0
7.0,0.0
8.0,0.006518112343936241
9.0,0.0
1.0,0.1010990186819177
1.4142135623730951,0.0025868570828535484
2.23606797749979,0.0
3.1622776601683795,0.0006281145266423354
4.123105625617661,0.0
5.0990195135927845,0.0
6.082762530298219,0.0
7.0710678118654755,0.0
8.06225774829855,0.0
9.055385138137417,0.016554246067341745
2.0,0.000643266271285418
2.23606797749979,0.0
2.8284271247461903,0.0
3.605551275463989,0.0003316823707468691
4.47213595499958,0.0
5.385164807134504,0.0
6.324555320336759,0.0
7.280109889280518,0.0
8.246211251235321,0.0
9.219544457292887,0.0
3.0,0.0008375632885887524
3.1622776601683795,0.0
3.605551275463989,0.0
4.242640687119285,0.0
5.0,0.0
5.830951894845301,0.0
6.708203932499369,0.0
7.615773105863909,0.0
8.54400374531753,0.0
9.486832980505138,0.0
4.0,0.016840209757277746
4.123105625617661,0.0
4.47213595499958,0.0
5.0,0.0
5.656854249492381,0.0
6.4031242374328485,0.0002945535088192764
7.211102550927978,0.0
8.06225774829855,0.0
8.94427190999916,0.0
9.848857801796104,0.0
5.0,0.017892200750768507
5.0990195135927845,0.0
5.385164807134504,0.0
5.830951894845301,0.0
6.4031242374328485,0.0
7.0710678118654755,0.20281273730041227
7.810249675906654,0.012379341987080229
8.602325267042627,0.010830477177754216
9.433981132056603,0.0
10.295630140987,0.0
6.0,0.0099995548709089
6.082762530298219,0.0
6.324555320336759,0.0
6.708203932499369,0.0
7.211102550927978,0.0
7.810249675906654,0.0013506018714069192
8.48528137423857,0.0
9.219544457292887,0.0
10.0,0.0
10.816653826391969,0.0
7.0,0.0
7.0710678118654755,0.0
7.280109889280518,0.0
7.615773105863909,0.0
8.06225774829855,0.0
8.602325267042627,0.0012854927984281492
9.219544457292887,0.0
9.899494936611665,0.0
10.63014581273465,0.0
11.40175425099138,0.0
8.0,0.00034696806319306636
8.06225774829855,0.0
8.246211251235321,0.0
8.54400374531753,0.0
8.94427190999916,0.0
9.433981132056603,0.0
10.0,0.0
10.63014581273465,0.0
11.313708498984761,0.0
12.041594578792296,0.0002530715361559559
9.0,0.011715517750836178
9.055385138137417,0.0009634216954574292
9.219544457292887,0.0
9.486832980505138,1.3264390031730194e-05
9.848857801796104,0.0
10.295630140987,0.0
10.816653826391969,0.0
11.40175425099138,0.0
12.041594578792296,0.0
12.727922061357855,2.4475087345331406e-05
1.0,0.20982456208905426
2.0,8.468443724542416e-05
3.0,0.0
4.0,0.09498436135714328
5.0,0.15362724185509857
6.0,0.005778907429390476
7.0,0.0027769309153719266
8.0,0.0
1.4142135623730951,0.05381857771264345
1.0,0.1583040473706851
1.4142135623730951,0.03831336713305781
2.23606797749979,0.0007032348419262612
3.1622776601683795,0.0
4.123105625617661,6.674081506257073e-05
5.0990195135927845,0.00010126146710287192
6.082762530298219,0.00020642858259387357
7.0710678118654755,0.0
8.06225774829855,0.007052655011054089
2.23606797749979,0.0002896672315100758
2.0,0.000672544393825774
2.23606797749979,0.0
2.8284271247461903,0.00014130763337758204
3.605551275463989,0.0
4.47213595499958,0.0
5.385164807134504,0.0
6.324555320336759,0.0
7.280109889280518,0.0
8.246211251235321,0.0
3.1622776601683795,0.0
3.0,0.0
3.1622776601683795,0.0
3.605551275463989,0.0
4.242640687119285,0.0
5.0,0.0
5.830951894845301,0.0
6.708203932499369,0.0
7.615773105863909,0.0
8.54400374531753,0.0
4.123105625617661,0.008699820659757919
4.0,0.0
4.123105625617661,0.0
4.47213595499958,0.0
5.0,0.0
5.656854249492381,0.0
6.4031242374328485,0.0
7.211102550927978,0.0
8.06225774829855,0.0
8.94427190999916,0.0
5.0990195135927845,0.002178443532347171
5.0,7.601366531793725e-05
5.0990195135927845,0.013698626607282773
5.385164807134504,1.249355790828399e-06
5.830951894845301,0.0
6.4031242374328485,0.11213789026059151
7.0710678118654755,0.2374532939674919
7.810249675906654,0.0936265292910297
8.602325267042627,0.0
9.433981132056603,0.0
6.082762530298219,0.0012174838600526267
6.0,3.794899773274006e-05
6.082762530298219,0.0
6.324555320336759,0.0
6.708203932499369,0.0
7.211102550927978,0.0010741664489264493
7.810249675906654,0.002870126195233013
8.48528137423857,6.882684820133721e-06
9.219544457292887,0.0
10.0,0.0
7.0710678118654755,0.0
7.0,4.966359980751119e-06
7.0710678118654755,0.0
7.280109889280518,0.0
7.615773105863909,0.0
8.06225774829855,0.0006620258648167896
8.602325267042627,0.0
9.219544457292887,1.2186752674275138e-05
9.899494936611665,0.0
10.63014581273465,0.0
8.06225774829855,0.0
8.0,0.0
8.06225774829855,0.0
8.246211251235321,0.0
8.54400374531753,0.0
8.94427190999916,0.0
9.433981132056603,0.0
10.0,0.0
10.63014581273465,0.0
11.313708498984761,0.001817396342692591
9.055385138137417,0.0
9.0,0.0
9.055385138137417,0.0
9.219544457292887,0.0
9.486832980505138,0.0
9.848857801796104,0.0
10.295630140987,0.0
10.816653826391969,0.0
11.40175425099138,0.0
12.041594578792296,0.0006678835230572137
1.0,0.2982477526240012
2.0,0.0005068636820305438
3.0,0.00839991918689385
4.0,0.06862825895087563
5.0,0.21316629179262456
6.0,0.011012089799166975
7.0,0.0
2.23606797749979,8.018653738900623e-06
1.4142135623730951,0.006216714319393318
1.0,0.4874149104577288
1.4142135623730951,0.025235315610375345
2.23606797749979,0.00025225512917379287
3.1622776601683795,0.0
4.123105625617661,0.00019703085546340124
5.0990195135927845,0.009527963699798934
6.082762530298219,0.0005375975005718226
7.0710678118654755,0.0
2.8284271247461903,0.0
2.23606797749979,0.0
2.0,0.0
2.23606797749979,1.1276540128382115e-05
2.8284271247461903,0.0
3.605551275463989,0.0
4.47213595499958,0.0
5.385164807134504,0.0
6.324555320336759,0.0
7.280109889280518,0.0
3.605551275463989,0.0
3.1622776601683795,0.0
3.0,0.0
3.1622776601683795,5.873875060704224e-07
3.605551275463989,0.0
4.242640687119285,0.0
5.0,0.0
5.830951894845301,0.0
6.708203932499369,0.0
7.615773105863909,0.0
4.47213595499958,5.806200537017382e-05
4.123105625617661,3.648826280555185e-06
4.0,0.0
4.123105625617661,2.73142457791642e-06
4.47213595499958,0.0
5.0,0.0
5.656854249492381,0.0
6.4031242374328485,0.0
7.211102550927978,0.0
8.06225774829855,0.0
5.385164807134504,0.0
5.0990195135927845,0.0002133837439787547
5.0,0.18678389188217037
5.0990195135927845,0.06900186936045215
5.385164807134504,0.0003059980834364335
5.830951894845301,0.0004348871329495085
6.4031242374328485,0.09173542731949141
7.0710678118654755,0.22872691827984679
7.810249675906654,0.0018116242044228165
8.602325267042627,4.996713850858131e-05
6.324555320336759,0.0
6.082762530298219,0.0
6.0,0.0006938163858493926
6.082762530298219,0.00837283063765167
6.324555320336759,0.00012363157147608412
6.708203932499369,1.2111953543068562e-05
7.211102550927978,0.0010850018741421672
7.810249675906654,0.0016610141217914135
8.48528137423857,0.0006753183456556916
9.219544457292887,0.0
7.280109889280518,0.0
7.0710678118654755,0.0
7.0,0.0
7.0710678118654755,0.0
7.280109889280518,0.0
7.615773105863909,0.0
8.06225774829855,2.8882706310277662e-05
8.602325267042627,0.0006091176909584218
9.219544457292887,0.0
9.899494936611665,0.0
8.246211251235321,0.0
8.06225774829855,0.0
8.0,5.473908617419287e-05
8.06225774829855,5.662638688166562e-05
8.246211251235321,0.0
8.54400374531753,0.0
8.94427190999916,0.0
9.433981132056603,1.6332893400931688e-07
10.0,0.0
10.63014581273465,0.0
9.219544457292887,3.961339699437842e-06
9.055385138137417,0.0
9.0,1.5731414654599418e-06
9.055385138137417,9.168192943739916e-06
9.219544457292887,0.0
9.486832980505138,0.0
9.848857801796104,0.0
10.295630140987,0.0
10.816653826391969,0.0
11.40175425099138,0.0
1.0,0.32822477249672954
2.0,0.03595975081906602
3.0,0.0005307532256048307
4.0,0.24933176442424101
5.0,0.12670022189241825
6.0,0.01180605934866668
3.1622776601683795,0.0
2.23606797749979,2.6860247908791746e-06
1.4142135623730951,0.16150033416156767
1.0,0.262112361450635
1.4142135623730951,0.06292603618658271
2.23606797749979,0.014844490775115637
3.1622776601683795,0.0
4.123105625617661,0.04137120439605199
5.0990195135927845,0.0426023853195357
6.082762530298219,0.007134729326494029
3.605551275463989,0.0
2.8284271247461903,0.0
2.23606797749979,0.0
2.0,5.070396910570707e-05
2.23606797749979,0.0
2.8284271247461903,0.0
3.605551275463989,0.0
4.47213595499958,0.0
5.385164807134504,0.0
6.324555320336759,0.0
4.242640687119285,0.0
3.605551275463989,0.0
3.1622776601683795,0.0
3.0,0.0
3.1622776601683795,0.0
3.605551275463989,0.0
4.242640687119285,0.0
5.0,0.0
5.830951894845301,0.0
6.708203932499369,0.0
5.0,0.0
4.47213595499958,0.0
4.123105625617661,0.0
4.0,0.0
4.123105625617661,0.0
4.47213595499958,0.0
5.0,0.0
5.656854249492381,0.0
6.4031242374328485,0.0
7.211102550927978,0.0
5.830951894845301,0.0
5.385164807134504,0.0
5.0990195135927845,0.1717982485678758
5.0,0.37832285275360733
5.0990195135927845,0.0345670830241138
5.385164807134504,0.00042877170928267653
5.830951894845301,0.0005084809960877147
6.4031242374328485,0.12028701723665643
7.0710678118654755,0.013006476879598447
7.810249675906654,0.0005140503536785715
6.708203932499369,0.0
6.324555320336759,0.0
6.082762530298219,0.003165921837464665
6.0,0.18127783924456112
6.082762530298219,0.013380532343722143
6.324555320336759,0.0
6.708203932499369,0.0003857200226308356
7.211102550927978,0.006298507433184377
7.810249675906654,0.013311956691045729
8.48528137423857,0.000537002040857832
7.615773105863909,0.0
7.280109889280518,0.0
7.0710678118654755,0.0
7.0,1.5895181019062017e-05
7.0710678118654755,8.037836967011521e-08
7.280109889280518,0.0
7.615773105863909,0.00014314448953048944
8.06225774829855,0.0
8.602325267042627,0.0
9.219544457292887,5.883260832315672e-06
8.54400374531753,0.0
8.246211251235321,0.0
8.06225774829855,0.0
8.0,0.0
8.06225774829855,4.005830339380813e-05
8.246211251235321,0.0
8.54400374531753,0.0
8.94427190999916,0.0
9.433981132056603,0.0
10.0,0.0
9.486832980505138,0.0
9.219544457292887,0.0
9.055385138137417,0.0
9.0,0.0
9.055385138137417,0.0
9.219544457292887,0.0
9.486832980505138,0.0
9.848857801796104,0.0
10.295630140987,0.0
10.816653826391969,0.0
1.0,0.4122155422191316
2.0,0.0
3.0,0.0
4.0,0.0
5.0,0.0
4.123105625617661,0.0
3.1622776601683795,0.0
2.23606797749979,0.0
1.4142135623730951,0.009054509070933619
1.0,0.3930728760749353
1.4142135623730951,0.2875316664769618
2.23606797749979,0.0
3.1622776601683795,0.0
4.123105625617661,0.0
5.0990195135927845,0.0
4.47213595499958,0.0
3.605551275463989,0.0
2.8284271247461903,0.0
2.23606797749979,0.0
2.0,0.0
2.23606797749979,0.0
2.8284271247461903,0.0
3.605551275463989,0.0
4.47213595499958,0.0
5.385164807134504,0.0
5.0,0.0
4.242640687119285,0.0
3.605551275463989,0.0
3.1622776601683795,0.0
3.0,0.0
3.1622776601683795,0.0
3.605551275463989,0.0
4.242640687119285,0.0
5.0,0.0
5.830951894845301,0.0
5.656854249492381,0.0
5.0,0.0
4.47213595499958,0.0
4.123105625617661,0.0
4.0,0.0
4.123105625617661,0.0
4.47213595499958,0.0
5.0,0.0
5.656854249492381,0.0
6.4031242374328485,0.0
6.4031242374328485,0.0
5.830951894845301,0.0
5.385164807134504,0.0
5.0990195135927845,0.002755748506638372
5.0,0.0006037298016260817
5.0990195135927845,0.0
5.385164807134504,0.0
5.830951894845301,0.00027509302871410294
6.4031242374328485,3.471834404576595e-05
7.0710678118654755,0.0
7.211102550927978,0.0
6.708203932499369,0.0
6.324555320336759,0.0
6.082762530298219,0.005684172092374771
6.0,0.0011932915406184848
6.082762530298219,0.0
6.324555320336759,0.0002100132430776452
6.708203932499369,0.0004706063791428843
7.211102550927978,0.00026805168668550826
7.810249675906654,0.00012400620265691267
8.06225774829855,0.0
7.615773105863909,0.0
7.280109889280518,0.0
7.0710678118654755,0.0003575614781497442
7.0,0.0
7.0710678118654755,0.0
7.280109889280518,0.0002986418765866715
7.615773105863909,0.0
8.06225774829855,0.0
8.602325267042627,0.0
8.94427190999916,0.0
8.54400374531753,0.0
8.246211251235321,0.0
8.06225774829855,0.0
8.0,0.0009011099751858112
8.06225774829855,0.0
8.246211251235321,0.0
8.54400374531753,0.0
8.94427190999916,0.0
9.433981132056603,0.0
9.848857801796104,0.0
9.486832980505138,0.0
9.219544457292887,0.0
9.055385138137417,0.0
9.0,0.0
9.055385138137417,0.0
9.219544457292887,0.0
9.486832980505138,0.0
9.848857801796104,0.0
10.295630140987,0.0
1.0,0.29855382093720123
2.0,0.0
3.0,0.0
4.0,0.0
5.0990195135927845,0.0016104204387613272
4.123105625617661,0.0
3.1622776601683795,0.0
2.23606797749979,0.0005463736313150566
1.4142135623730951,0.20486855875256146
1.0,0.33705368230236193
1.4142135623730951,0.0015332858532169547
2.23606797749979,0.0002368086655117853
3.1622776601683795,0.0
4.123105625617661,0.0
5.385164807134504,0.0
4.47213595499958,0.0
3.605551275463989,0.0
2.8284271247461903,0.0
2.23606797749979,0.0
2.0,6.2556244048476884e-06
2.23606797749979,0.0
2.8284271247461903,0.0
3.605551275463989,0.0
4.47213595499958,0.0
5.830951894845301,0.0
5.0,0.0
4.242640687119285,0.0
3.605551275463989,0.0
3.1622776601683795,0.0
3.0,0.0
3.1622776601683795,0.0
3.605551275463989,0.0
4.242640687119285,0.0
5.0,0.0
6.4031242374328485,0.0
5.656854249492381,0.0
5.0,0.0
4.47213595499958,0.0
4.123105625617661,0.0
4.0,0.0
4.123105625617661,0.0
4.47213595499958,0.0
5.0,0.0
5.656854249492381,0.0
7.0710678118654755,0.0001573828966105713
6.4031242374328485,0.00022533547400172688
5.830951894845301,0.0005062459622841782
5.385164807134504,0.0
5.0990195135927845,0.0
5.0,0.2969581119451794
5.0990195135927845,0.07969733626293801
5.385164807134504,0.013322725224782873
5.830951894845301,0.0
6.4031242374328485,0.0
7.810249675906654,0.002726662758568546
7.211102550927978,0.0022067748513925193
6.708203932499369,0.0
6.324555320336759,0.0
6.082762530298219,0.0
6.0,0.07270548868568387
6.082762530298219,0.02971085560910426
6.324555320336759,9.073551493206585e-05
6.708203932499369,0.0004663844063059214
7.211102550927978,7.964112418152148e-06
8.602325267042627,2.943741051627038e-05
8.06225774829855,3.30423878605357e-05
7.615773105863909,0.0
7.280109889280518,0.00012989942712405395
7.0710678118654755,0.0
7.0,1.717612072084181e-05
7.0710678118654755,0.00010849437384755034
7.280109889280518,0.0
7.615773105863909,0.0
8.06225774829855,1.1676350385905645e-05
9.433981132056603,0.0
8.94427190999916,0.0
8.54400374531753,0.0
8.246211251235321,0.0
8.06225774829855,0.00032736655569867105
8.0,8.978403863634097e-05
8.06225774829855,5.305651164121358e-05
8.246211251235321,0.0
8.54400374531753,0.0
8.94427190999916,0.00010621159609245685
10.295630140987,0.0
9.848857801796104,0.0
9.486832980505138,0.0
9.219544457292887,0.0
9.055385138137417,0.0
9.0,0.0
9.055385138137417,1.6903704778858426e-05
9.219544457292887,1.2809346627702002e-05
9.486832980505138,0.0
9.848857801796104,0.0003398637331265255
1.0,0.061892516918771505
2.0,8.555613330698637e-05
3.0,0.0
6.082762530298219,0.0
5.0990195135927845,0.004953193602931025
4.123105625617661,0.00010161744371643579
3.1622776601683795,0.0
2.23606797749979,0.0
1.4142135623730951,0.06366484000005826
1.0,0.04710298957945931
1.4142135623730951,0.04554684451772263
2.23606797749979,0.0
3.1622776601683795,0.0
6.324555320336759,0.0
5.385164807134504,0.0
4.47213595499958,0.0
3.605551275463989,0.0
2.8284271247461903,0.0
2.23606797749979,0.0
2.0,0.0
2.23606797749979,0.0
2.8284271247461903,0.0
3.605551275463989,0.0
6.708203932499369,0.0
5.830951894845301,0.0
5.0,0.0
4.242640687119285,0.0
3.605551275463989,0.0
3.1622776601683795,0.0
3.0,0.0
3.1622776601683795,0.0
3.605551275463989,0.0
4.242640687119285,0.0
7.211102550927978,0.0
6.4031242374328485,0.0
5.656854249492381,0.0
5.0,0.0
4.47213595499958,0.0
4.123105625617661,0.0
4.0,0.0
4.123105625617661,0.0
4.47213595499958,0.0
5.0,0.0
7.810249675906654,0.0002379119310559912
7.0710678118654755,0.0005326660318517324
6.4031242374328485,0.06885629552221001
5.830951894845301,0.001044806988891903
5.385164807134504,0.0
5.0990195135927845,0.2292884531732124
5.0,0.9253081292806171
5.0990195135927845,0.2658845550421826
5.385164807134504,8.216705909188915e-06
5.830951894845301,4.394421464626158e-05
8.48528137423857,0.0003104375021496828
7.810249675906654,0.0032964458615241782
7.211102550927978,1.7653221160116078e-05
6.708203932499369,6.425821224024696e-05
6.324555320336759,0.0
6.082762530298219,0.13394151223856654
6.0,0.33077019604916846
6.082762530298219,0.0015889511745573463
6.324555320336759,0.0005630359266112684
6.708203932499369,0.0013554944748047101
9.219544457292887,0.0
8.602325267042627,0.0
8.06225774829855,0.0
7.615773105863909,0.0
7.280109889280518,0.0
7.0710678118654755,0.0
7.0,0.0
7.0710678118654755,0.00028818196963062664
7.280109889280518,0.0
7.615773105863909,0.0019873185614387922
10.0,0.0
9.433981132056603,0.0
8.94427190999916,0.0
8.54400374531753,0.0
8.246211251235321,0.0
8.06225774829855,0.000840970854427324
8.0,0.00041405823830604663
8.06225774829855,0.0
8.246211251235321,0.0
8.54400374531753,8.280196232448308e-05
10.816653826391969,0.0
10.295630140987,0.0
9.848857801796104,0.0
9.486832980505138,0.0
9.219544457292887,0.0
9.055385138137417,0.0
9.0,0.00011114302846467267
9.055385138137417,1.0314472333537356e-05
9.219544457292887,0.0
9.486832980505138,0.0
1.0,0.2290462893388788
2.0,0.0016269004546187367
7.0710678118654755,0.0
6.082762530298219,0.0
5.0990195135927845,0.011639277950804494
4.123105625617661,0.059057575610895405
3.1622776601683795,0.0020967150746458822
2.23606797749979,0.0
1.4142135623730951,0.0064390817104935565
1.0,0.19362826083820708
1.4142135623730951,0.04532484469592584
2.23606797749979,0.0
7.280109889280518,0.0
6.324555320336759,0.0
5.385164807134504,0.0
4.47213595499958,0.0
3.605551275463989,0.0
2.8284271247461903,0.0
2.23606797749979,0.0
2.0,0.0
2.23606797749979,0.0
2.8284271247461903,0.0
7.615773105863909,0.0
6.708203932499369,0.0
5.830951894845301,0.0
5.0,0.0
4.242640687119285,0.0
3.605551275463989,0.0
3.1622776601683795,0.0
3.0,0.0
3.1622776601683795,0.0
3.605551275463989,0.0
8.06225774829855,0.0
7.211102550927978,0.0
6.4031242374328485,0.0
5.656854249492381,0.0
5.0,0.0
4.47213595499958,0.0
4.123105625617661,0.0
4.0,9.136092602394433e-05
4.123105625617661,0.0
4.47213595499958,0.0
8.602325267042627,0.0
7.810249675906654,6.947663923236566e-05
7.0710678118654755,0.7257776111954735
6.4031242374328485,0.3712324592757839
5.830951894845301,0.01631709426353857
5.385164807134504,0.00023943908619196221
5.0990195135927845,0.06370357803662371
5.0,0.6339672399027847
5.0990195135927845,0.004871275711833888
5.385164807134504,0.0006323023717462736
9.219544457292887,0.0
8.48528137423857,0.0
7.810249675906654,0.004172482967251301
7.211102550927978,0.05743757611265543
6.708203932499369,0.0011265416130840377
6.324555320336759,0.0
6.082762530298219,0.007765295653510514
6.0,0.064595438018464
6.082762530298219,0.0024888937329179913
6.324555320336759,0.0
9.899494936611665,0.0
9.219544457292887,0.0
8.602325267042627,0.0
8.06225774829855,0.0
7.615773105863909,0.0
7.280109889280518,0.0
7.0710678118654755,0.0
7.0,0.00044680260815948295
7.0710678118654755,0.0
7.280109889280518,0.0
10.63014581273465,0.0
10.0,0.0
9.433981132056603,0.0
8.94427190999916,0.0
8.54400374531753,0.0
8.246211251235321,0.0
8.06225774829855,0.0
8.0,0.0
8.06225774829855,0.0
8.246211251235321,0.0
11.40175425099138,0.0
10.816653826391969,0.0
10.295630140987,0.0
9.848857801796104,0.0
9.486832980505138,0.0
9.219544457292887,0.0
9.055385138137417,0.0
9.0,0.0
9.055385138137417,0.0
9.219544457292887,0.0
1.0,0.15490607785104588
8.06225774829855,0.00039711568064170285
7.0710678118654755,0.0
6.082762530298219,0.006113178726384026
5.0990195135927845,0.03968399425376609
4.123105625617661,0.0017847473314020858
3.1622776601683795,0.0
2.23606797749979,2.3580206965991123e-05
1.4142135623730951,0.025768985234139445
1.0,0.07876783051682336
1.4142135623730951,0.02683166113819056
8.246211251235321,0.0
7.280109889280518,0.0
6.324555320336759,0.0
5.385164807134504,0.007377257039570105
4.47213595499958,0.016170860153483985
3.605551275463989,0.0
2.8284271247461903,0.0
2.23606797749979,0.0
2.0,0.00039373581348597973
2.23606797749979,1.881240351910453e-06
8.54400374531753,0.0
7.615773105863909,0.0
6.708203932499369,0.0
5.830951894845301,3.676983041790194e-05
5.0,0.00013042952293752856
4.242640687119285,0.0
3.605551275463989,0.0
3.1622776601683795,0.0
3.0,0.004810485462081142
3.1622776601683795,0.0
8.94427190999916,0.0
8.06225774829855,0.0
7.211102550927978,0.0
6.4031242374328485,0.00011111133453778197
5.656854249492381,0.00017118651514031705
5.0,0.0
4.47213595499958,0.0
4.123105625617661,0.0
4.0,0.0
4.123105625617661,6.160240883664132e-05
9.433981132056603,0.0
8.602325267042627,0.0
7.810249675906654,0.1401320511365518
7.0710678118654755,0.6116706395312561
6.4031242374328485,0.15320272162691337
5.830951894845301,0.00033808872125406234
5.385164807134504,4.06981164403995e-05
5.0990195135927845,0.030082258803567477
5.0,0.009973297858206857
5.0990195135927845,0.0
10.0,0.0
9.219544457292887,0.0
8.48528137423857,0.0007226619098573262
7.810249675906654,0.05964680929531525
7.211102550927978,0.019962878519597653
6.708203932499369,0.0
6.324555320336759,6.307504037983567e-05
6.082762530298219,0.0047104830843564365
6.0,0.021065894397301065
6.082762530298219,0.0019355248971126423
10.63014581273465,0.0
9.899494936611665,0.0
9.219544457292887,0.0
8.602325267042627,0.0
8.06225774829855,3.842824071107876e-05
7.615773105863909,0.0
7.280109889280518,0.0
7.0710678118654755,0.0
7.0,5.733491055962699e-05
7.0710678118654755,0.0022204884655131468
11.313708498984761,0.0
10.63014581273465,0.0
10.0,0.0
9.433981132056603,0.0
8.94427190999916,3.866428813856427e-07
8.54400374531753,0.0
8.246211251235321,0.0
8.06225774829855,0.0
8.0,3.3637884832672494e-05
8.06225774829855,0.00015998805661114368
12.041594578792296,0.0
11.40175425099138,0.0
10.816653826391969,0.0
10.295630140987,0.0
9.848857801796104,0.0
9.486832980505138,0.0
9.219544457292887,0.0
9.055385138137417,0.0
9.0,6.818456047930664e-05
9.055385138137417,0.00011218129302951701
9.055385138137417,0.0
8.06225774829855,0.0
7.0710678118654755,0.0
6.082762530298219,0.00784245929288161
5.0990195135927845,3.694128786468502e-05
4.123105625617661,0.0
3.1622776601683795,0.0
2.23606797749979,0.0
1.4142135623730951,0.002465602070918331
1.0,0.3199365283726532
9.219544457292887,0.0
8.246211251235321,0.0
7.280109889280518,0.0
6.324555320336759,0.0
5.385164807134504,0.0
4.47213595499958,0.0
3.605551275463989,0.0
2.8284271247461903,0.0
2.23606797749979,0.0
2.0,0.0
9.486832980505138,0.0
8.54400374531753,0.0
7.615773105863909,0.0
6.708203932499369,0.0
5.830951894845301,0.0
5.0,0.0
4.242640687119285,0.0
3.605551275463989,0.0
3.1622776601683795,0.0
3.0,0.0
9.848857801796104,0.0
8.94427190999916,0.0
8.06225774829855,0.0
7.211102550927978,0.0
6.4031242374328485,0.0
5.656854249492381,0.0
5.0,0.0
4.47213595499958,0.0
4.123105625617661,1.106447837611679e-05
4.0,0.002223312203282328
10.295630140987,0.0
9.433981132056603,0.0
8.602325267042627,0.0017835757326406057
7.810249675906654,0.08842162593202983
7.0710678118654755,0.7163727223630323
6.4031242374328485,1.2495943273103384e-05
5.830951894845301,0.0
5.385164807134504,0.002104894801927038
5.0990195135927845,0.039419586651498445
5.0,0.09165863028672673
10.816653826391969,0.0
10.0,0.0
9.219544457292887,1.1847273345451315e-05
8.48528137423857,0.029766447858164558
7.810249675906654,0.06798791242306006
7.211102550927978,0.0
6.708203932499369,0.0
6.324555320336759,0.0
6.082762530298219,0.014864926137887046
6.0,0.011294403170537141
11.40175425099138,0.0
10.63014581273465,0.0
9.899494936611665,0.0
9.219544457292887,0.0
8.602325267042627,0.000271411965717523
8.06225774829855,0.0
7.615773105863909,0.0
7.280109889280518,0.0
7.0710678118654755,0.0
7.0,0.0003427336416793219
12.041594578792296,0.0
11.313708498984761,0.0
10.63014581273465,0.0
10.0,0.0
9.433981132056603,0.0
8.94427190999916,0.0
8.54400374531753,0.0
8.246211251235321,0.0
8.06225774829855,0.0
8.0,0.0
12.727922061357855,0.0
12.041594578792296,0.0
11.40175425099138,0.0
10.816653826391969,0.0
10.295630140987,0.0
9.848857801796104,0.0
9.486832980505138,0.0
9.219544457292887,0.0
9.055385138137417,0.0
9.0,0.0
1.0,0.3403850656751357
2.0,0.00020914506966900436
3.0,3.8267847285657635e-05
4.0,0.00010834914787170307
5.0,0.015352727760006141
6.0,0.0019140122864135581
7.0,0.0
8.0,0.00030849576957643664
9.0,0.0010085666443994871
1.0,0.18610298892921973
1.4142135623730951,0.0601205861255639
2.23606797749979,0.0
3.1622776601683795,2.0207732463913634e-05
4.123105625617661,0.0
5.0990195135927845,0.02309619280447104
6.082762530298219,0.009357841710520964
7.0710678118654755,1.8212068513128142e-05
8.06225774829855,9.697471355927295e-05
9.055385138137417,0.0
2.0,0.010389631729387559
2.23606797749979,0.0002396189807628049
2.8284271247461903,0.0
3.605551275463989,0.0
4.47213595499958,0.0
5.385164807134504,0.0005957392461726551
6.324555320336759,4.713265067100019e-06
7.280109889280518,0.0
8.246211251235321,6.253146683982354e-05
9.219544457292887,0.0
3.0,0.008306260381114901
3.1622776601683795,5.401730388417476e-06
3.605551275463989,0.00021585012014311352
4.242640687119285,0.0006611292797159185
5.0,0.0
5.830951894845301,0.0003938666661025702
6.708203932499369,0.0
7.615773105863909,0.0
8.54400374531753,0.0
9.486832980505138,0.0
4.0,0.0013550988563578211
4.123105625617661,0.00011705588343851013
4.47213595499958,2.856152113438649e-05
5.0,0.0
5.656854249492381,0.0
6.4031242374328485,0.0030443689121003063
7.211102550927978,0.0012178135200406268
8.06225774829855,0.0003647885009089237
8.94427190999916,0.0
9.848857801796104,0.0
5.0,0.011658553765250265
5.0990195135927845,0.0014107732805681238
5.385164807134504,0.0018210251335507742
5.830951894845301,0.0
6.4031242374328485,0.0
7.0710678118654755,0.05564763933189522
7.810249675906654,0.020567475633853725
8.602325267042627,2.4883127871867197e-05
9.433981132056603,0.0
10.295630140987,0.0
6.0,0.005556767936567678
6.082762530298219,0.0001594650647912966
6.324555320336759,0.0
6.708203932499369,0.0
7.211102550927978,0.0
7.810249675906654,0.028447643089019363
8.48528137423857,5.740375577011428e-05
9.219544457292887,0.0
10.0,0.0
10.816653826391969,0.0
7.0,0.0006157472640510353
7.0710678118654755,0.0
7.280109889280518,0.0
7.615773105863909,0.0
8.06225774829855,0.0
8.602325267042627,3.168538432801382e-05
9.219544457292887,0.0
9.899494936611665,0.0
10.63014581273465,0.0
11.40175425099138,2.5453993301113248e-05
8.0,0.015663801480997754
8.06225774829855,0.0012880339994203367
8.246211251235321,0.0003824486622483628
8.54400374531753,0.0008209177060555563
8.94427190999916,0.0
9.433981132056603,0.0
10.0,0.0
10.63014581273465,0.0004773908779412017
11.313708498984761,0.00126443883137503
12.041594578792296,8.485124872932564e-06
1.0,0.08805489215556278
2.0,0.002382555589431739
3.0,0.0
4.0,0.009841789845607575
5.0,0.1420594173783208
6.0,0.014922829118016063
7.0,0.0
8.0,0.0
1.4142135623730951,0.14426562471185939
1.0,0.16453621587359193
1.4142135623730951,0.004233512134847327
2.23606797749979,0.0016852431206872734
3.1622776601683795,0.0
4.123105625617661,0.001418799166655956
5.0990195135927845,0.10328097459614595
6.082762530298219,0.005010169207173071
7.0710678118654755,0.0
8.06225774829855,0.0
2.23606797749979,0.0
2.0,0.0
2.23606797749979,6.49899078323504e-05
2.8284271247461903,0.0
3.605551275463989,0.0
4.47213595499958,0.0
5.385164807134504,2.8252342390663303e-05
6.324555320336759,0.0
7.280109889280518,0.0
8.246211251235321,0.0
3.1622776601683795,0.00017260177247419795
3.0,1.959692896337663e-06
3.1622776601683795,0.0
3.605551275463989,0.0
4.242640687119285,0.0
5.0,0.0
5.830951894845301,0.0
6.708203932499369,0.0
7.615773105863909,0.0
8.54400374531753,0.0
4.123105625617661,2.7039526963013614e-06
4.0,0.0
4.123105625617661,3.4667836135053534e-05
4.47213595499958,0.0
5.0,0.0
5.656854249492381,0.0014939324860636254
6.4031242374328485,0.014647292347453498
7.211102550927978,0.0013004009150303615
8.06225774829855,0.0
8.94427190999916,0.0
5.0990195135927845,0.00012488404345541477
5.0,0.024397083694298202
5.0990195135927845,0.031699956248293054
5.385164807134504,0.0
5.830951894845301,0.0
6.4031242374328485,0.020461220908916763
7.0710678118654755,0.1126144363396614
7.810249675906654,0.02135223823453157
8.602325267042627,0.00026778783853886315
9.433981132056603,0.0
6.082762530298219,0.0
6.0,0.008894230343252894
6.082762530298219,0.012811153516721479
6.324555320336759,0.00057760041493521
6.708203932499369,0.0
7.211102550927978,0.005578377418860949
7.810249675906654,0.059122946772008814
8.48528137423857,0.004913560757638488
9.219544457292887,0.00010027922557094619
10.0,0.0
7.0710678118654755,0.0
7.0,0.0
7.0710678118654755,1.349771768400117e-06
7.280109889280518,0.0
7.615773105863909,0.0
8.06225774829855,0.0
8.602325267042627,0.0
9.219544457292887,0.0
9.899494936611665,0.0
10.63014581273465,0.0003380238747344327
8.06225774829855,2.127535999819519e-06
8.0,0.0
8.06225774829855,9.295608093639079e-06
8.246211251235321,2.207037934910204e-05
8.54400374531753,0.0
8.94427190999916,0.0
9.433981132056603,0.0
10.0,0.0
10.63014581273465,0.0
11.313708498984761,0.00013377092166063905
1.0,0.4686842513332354
2.0,0.032098311769734406
3.0,0.0013350599836222548
4.0,0.031501744803388076
5.0,0.10384970992572175
6.0,0.037359202669155774
7.0,0.0
2.23606797749979,0.0
1.4142135623730951,0.01114762105749418
1.0,0.055638553682798186
1.4142135623730951,0.03499359959449469
2.23606797749979,3.3338783785415434e-05
3.1622776601683795,0.0016262743733299302
4.123105625617661,0.032833807072415504
5.0990195135927845,0.07050120235305729
6.082762530298219,0.001009092389680207
7.0710678118654755,0.0
2.8284271247461903,0.0
2.23606797749979,0.0
2.0,0.0005453991886509486
2.23606797749979,9.60332323117289e-06
2.8284271247461903,0.0
3.605551275463989,0.0
4.47213595499958,0.0
5.385164807134504,2.4106679150610966e-05
6.324555320336759,0.0
7.280109889280518,0.0
3.605551275463989,0.002607770430780716
3.1622776601683795,0.00017095735677242482
3.0,0.0
3.1622776601683795,0.0
3.605551275463989,0.0
4.242640687119285,0.0
5.0,0.0
5.830951894845301,0.0
6.708203932499369,0.0
7.615773105863909,0.0
4.47213595499958,0.0
4.123105625617661,0.0
4.0,0.0034364210653517547
4.123105625617661,0.016845798158373993
4.47213595499958,0.00028554840251596213
5.0,0.0
5.656854249492381,0.0004368687738520177
6.4031242374328485,0.004957247576067398
7.211102550927978,0.0004558987568308409
8.06225774829855,0.0
5.385164807134504,0.0
5.0990195135927845,0.002961890921106514
5.0,0.031228752204966966
5.0990195135927845,0.05944482247756323
5.385164807134504,0.0010929337192730464
5.830951894845301,1.737130788871993e-06
6.4031242374328485,0.028596582422274808
7.0710678118654755,0.1504116147262728
7.810249675906654,0.006975108150147267
8.602325267042627,0.0
6.324555320336759,0.0
6.082762530298219,0.002982049808855965
6.0,0.06754342892580055
6.082762530298219,0.01622015114601388
6.324555320336759,0.0
6.708203932499369,0.000606509071800178
7.211102550927978,0.028220262814309297
7.810249675906654,0.06922479343282198
8.48528137423857,0.0018610987805322628
9.219544457292887,0.0
7.280109889280518,0.0
7.0710678118654755,0.0
7.0,6.559873629453616e-05
7.0710678118654755,0.0
7.280109889280518,0.0
7.615773105863909,0.0
8.06225774829855,0.0
8.602325267042627,5.362313172951237e-05
9.219544457292887,0.0
9.899494936611665,0.0
8.246211251235321,0.00017791780474358854
8.06225774829855,0.0
8.0,0.0
8.06225774829855,0.0
8.246211251235321,0.0
8.54400374531753,0.0
8.94427190999916,0.0
9.433981132056603,0.0
10.0,0.0
10.63014581273465,0.0
1.0,0.1340239307190765
2.0,0.0001676774785662971
3.0,0.0001981908543543242
4.0,0.08641185734759965
5.0,0.2102414812787112
6.0,0.006390348497991499
3.1622776601683795,0.0
2.23606797749979,0.00018832235081388455
1.4142135623730951,0.010430607193613784
1.0,0.03913638513787593
1.4142135623730951,0.004501836602749727
2.23606797749979,0.00020575652991262357
3.1622776601683795,0.0007090695064848484
4.123105625617661,0.013048115320158175
5.0990195135927845,0.010880850476964434
6.082762530298219,0.00026242467568763755
3.605551275463989,0.0
2.8284271247461903,0.0
2.23606797749979,0.0005891312520651343
2.0,3.8271289546648634e-05
2.23606797749979,0.0
2.8284271247461903,0.0
3.605551275463989,0.0
4.47213595499958,9.176395042154233e-05
5.385164807134504,0.0010454785138312697
6.324555320336759,0.0
4.242640687119285,0.0
3.605551275463989,0.0
3.1622776601683795,0.0
3.0,0.0
3.1622776601683795,0.0
3.605551275463989,0.0
4.242640687119285,0.0
5.0,0.0
5.830951894845301,0.0
6.708203932499369,0.0
5.0,0.0
4.47213595499958,0.0
4.123105625617661,0.013610779327126366
4.0,0.0982465488136407
4.123105625617661,0.018796831625395555
4.47213595499958,0.0
5.0,0.0
5.656854249492381,0.016049572483674772
6.4031242374328485,0.005298679362035481
7.211102550927978,0.00029659193965622774
5.830951894845301,0.0
5.385164807134504,0.0
5.0990195135927845,0.006169115183596052
5.0,0.3157132242892471
5.0990195135927845,0.01723344164699223
5.385164807134504,0.0
5.830951894845301,0.010089994918491213
6.4031242374328485,0.034233912664277326
7.0710678118654755,0.016844554639730527
7.810249675906654,0.0008527702897808525
6.708203932499369,0.0
6.324555320336759,0.0
6.082762530298219,0.0059241698710854095
6.0,0.001998641002358548
6.082762530298219,4.6560974700578165e-05
6.324555320336759,0.0
6.708203932499369,0.003281968711253341
7.211102550927978,0.012449705435240719
7.810249675906654,0.003117884663029897
8.48528137423857,0.0
7.615773105863909,0.0
7.280109889280518,0.0
7.0710678118654755,9.206765335212171e-06
7.0,1.6484344734359534e-06
7.0710678118654755,0.0
7.280109889280518,0.0
7.615773105863909,0.0
8.06225774829855,3.863185048480383e-05
8.602325267042627,0.000123263998680092
9.219544457292887,0.0
8.54400374531753,0.0
8.246211251235321,0.0
8.06225774829855,0.0
8.0,0.0
8.06225774829855,0.0
8.246211251235321,0.0
8.54400374531753,0.0
8.94427190999916,0.0
9.433981132056603,0.0
10.0,0.0
1.0,0.3506814767963759
2.0,0.0
3.0,0.0018391340078500699
4.0,0.007445577403934155
5.0,0.010893892052892066
4.123105625617661,0.0
3.1622776601683795,0.0
2.23606797749979,0.0
1.4142135623730951,0.003534920284586242
1.0,0.01244475214318253
1.4142135623730951,0.0019491159330226502
2.23606797749979,0.0
3.1622776601683795,0.0
4.123105625617661,0.0
5.0990195135927845,0.007065837163353644
4.47213595499958,0.0
3.605551275463989,0.0
2.8284271247461903,0.0
2.23606797749979,0.0
2.0,0.0
2.23606797749979,0.0
2.8284271247461903,0.0
3.605551275463989,0.0
4.47213595499958,0.0005093089734055981
5.385164807134504,0.0
5.0,0.0
4.242640687119285,0.0
3.605551275463989,0.0
3.1622776601683795,0.0
3.0,0.0
3.1622776601683795,0.0
3.605551275463989,0.0
4.242640687119285,0.0
5.0,0.0
5.830951894845301,0.0
5.656854249492381,0.0
5.0,0.0007747245347295564
4.47213595499958,0.0034230331973485284
4.123105625617661,0.007954188087562654
4.0,0.001492250985699372
4.123105625617661,0.0
4.47213595499958,0.0
5.0,3.475613366428775e-06
5.656854249492381,0.000602240377734036
6.4031242374328485,2.8257742486975747e-06
6.4031242374328485,0.0
5.830951894845301,0.00015929388100005605
5.385164807134504,0.0011499186273579646
5.0990195135927845,0.022219296456907282
5.0,0.021062064264525313
5.0990195135927845,0.0
5.385164807134504,0.005195332269757794
5.830951894845301,0.009241209263685764
6.4031242374328485,0.0012679977946236471
7.0710678118654755,0.004425543958063402
7.211102550927978,0.0
6.708203932499369,0.0
6.324555320336759,0.0
6.082762530298219,0.00025012696778142155
6.0,0.009367711154497634
6.082762530298219,0.0
6.324555320336759,0.0006144312400197318
6.708203932499369,0.00023044191608535052
7.211102550927978,0.0010726202931539105
7.810249675906654,0.001982679393425069
8.06225774829855,0.0
7.615773105863909,0.0
7.280109889280518,0.0
7.0710678118654755,0.0
7.0,0.0006334734057130274
7.0710678118654755,0.0
7.280109889280518,0.0
7.615773105863909,1.2101485678508802e-05
8.06225774829855,0.0
8.602325267042627,0.0
8.94427190999916,0.0
8.54400374531753,0.0
8.246211251235321,0.0
8.06225774829855,0.0
8.0,0.0
8.06225774829855,0.0
8.246211251235321,0.0
8.54400374531753,0.0
8.94427190999916,0.0
9.433981132056603,0.0
1.0,0.06807859161524565
2.0,0.0051391031820230085
3.0,0.0014844419091745594
4.0,0.0
5.0990195135927845,0.010377274973561527
4.123105625617661,0.0008014693641604865
3.1622776601683795,0.0
2.23606797749979,0.0
1.4142135623730951,0.0
1.0,0.20719671529519987
1.4142135623730951,0.04604437021074172
2.23606797749979,0.0
3.1622776601683795,0.0
4.123105625617661,0.0
5.385164807134504,0.0
4.47213595499958,0.0
3.605551275463989,0.0
2.8284271247461903,0.0
2.23606797749979,0.0
2.0,0.0
2.23606797749979,0.0
2.8284271247461903,0.0
3.605551275463989,0.00018710632535388704
4.47213595499958,0.0
5.830951894845301,0.0
5.0,0.0
4.242640687119285,0.00043345994431722963
3.605551275463989,0.0014126481001645954
3.1622776601683795,0.0
3.0,0.0
3.1622776601683795,0.0
3.605551275463989,0.0
4.242640687119285,0.0
5.0,0.0
6.4031242374328485,0.005617517218693338
5.656854249492381,0.009468760206171949
5.0,0.0010215916205384367
4.47213595499958,0.0
4.123105625617661,0.0
4.0,0.12828212137185968
4.123105625617661,0.06809380046736489
4.47213595499958,0.00037317480238434423
5.0,0.0
5.656854249492381,0.0
7.0710678118654755,0.08942284510395689
6.4031242374328485,0.06937197650881709
5.830951894845301,0.012420866482659646
5.385164807134504,0.0
5.0990195135927845,0.0
5.0,0.3882009004992202
5.0990195135927845,0.19033675000049965
5.385164807134504,0.0063578529370859815
5.830951894845301,0.001974045257976009
6.4031242374328485,0.0
7.810249675906654,0.00819024996647223
7.211102550927978,0.0031604460506661916
6.708203932499369,0.0006012165501655837
6.324555320336759,0.00013967923154701336
6.082762530298219,0.0
6.0,0.032627363675712784
6.082762530298219,0.0035293095612188605
6.324555320336759,1.2544453902703764e-05
6.708203932499369,0.0
7.211102550927978,0.0
8.602325267042627,0.0
8.06225774829855,0.0
7.615773105863909,0.0
7.280109889280518,0.0
7.0710678118654755,0.0003526935819404751
7.0,0.00017225261114155266
7.0710678118654755,9.185810863159958e-05
7.280109889280518,0.0
7.615773105863909,0.0
8.06225774829855,5.4189358157775465e-06
9.433981132056603,0.0
8.94427190999916,0.0
8.54400374531753,0.00040498036249969816
8.246211251235321,0.0020620155221859667
8.06225774829855,1.349474312250554e-05
8.0,0.0
8.06225774829855,2.6776845628256833e-05
8.246211251235321,6.75025832479884e-07
8.54400374531753,0.0
8.94427190999916,0.0
1.0,0.6412007068046938
2.0,4.65991347810329e-05
3.0,0.0
6.082762530298219,0.00018808542425667658
5.0990195135927845,0.02552591356217071
4.123105625617661,0.035341420102352264
3.1622776601683795,0.0017028021977721357
2.23606797749979,2.4602729013670007e-05
1.4142135623730951,0.03843654656016041
1.0,0.36389709846084767
1.4142135623730951,0.05028302439428241
2.23606797749979,9.112851783926719e-05
3.1622776601683795,0.0
6.324555320336759,0.0
5.385164807134504,0.0
4.47213595499958,0.0007791826634745332
3.605551275463989,0.0
2.8284271247461903,0.0
2.23606797749979,1.971496572169687e-05
2.0,4.918088682248914e-05
2.23606797749979,0.0
2.8284271247461903,5.873583075000805e-06
3.605551275463989,0.0
6.708203932499369,0.0
5.830951894845301,0.0
5.0,0.0
4.242640687119285,0.0
3.605551275463989,0.0
3.1622776601683795,0.0
3.0,0.0
3.1622776601683795,0.0
3.605551275463989,0.0
4.242640687119285,0.0
7.211102550927978,0.0005189292987369079
6.4031242374328485,0.0014649111098202214
5.656854249492381,0.01293636518252192
5.0,4.316909179831528e-05
4.47213595499958,0.0
4.123105625617661,0.005376452061159331
4.0,0.08381066079589801
4.123105625617661,0.02186165606265923
4.47213595499958,0.0
5.0,0.0
7.810249675906654,0.007148603114629441
7.0710678118654755,0.16357173941377942
6.4031242374328485,0.6904881358306958
5.830951894845301,0.011250438455490109
5.385164807134504,0.0
5.0990195135927845,0.03242531469433646
5.0,0.3416030764024182
5.0990195135927845,0.07478281504092499
5.385164807134504,0.000687251395169615
5.830951894845301,0.0
8.48528137423857,0.0006658157171309656
7.810249675906654,0.0805065147546278
7.211102550927978,0.09356373343972317
6.708203932499369,0.00640291539586014
6.324555320336759,0.0
6.082762530298219,0.006070784897669895
6.0,0.08753436201909054
6.082762530298219,0.03363634458828101
6.324555320336759,0.00010400187160890756
6.708203932499369,0.0
9.219544457292887,0.0
8.602325267042627,0.0
8.06225774829855,6.433658822314415e-05
7.615773105863909,0.0
7.280109889280518,0.0
7.0710678118654755,0.00010783066882922074
7.0,2.805447827939033e-05
7.0710678118654755,7.914186554187847e-05
7.280109889280518,0.0
7.615773105863909,0.0
10.0,0.0
9.433981132056603,0.0
8.94427190999916,0.0
8.54400374531753,0.0
8.246211251235321,0.0
8.06225774829855,0.0
8.0,0.005891050167271857
8.06225774829855,0.0
8.246211251235321,0.0
8.54400374531753,0.0
1.0,0.07135129922683649
2.0,0.0
7.0710678118654755,1.417214694574892e-06
6.082762530298219,0.020882233110068787
5.0990195135927845,0.21891521242051423
4.123105625617661,0.08449193520273121
3.1622776601683795,0.0
2.23606797749979,0.007806994091093399
1.4142135623730951,0.13834099318652332
1.0,0.2574515568889255
1.4142135623730951,0.06485978731056735
2.23606797749979,0.0008542548819771906
7.280109889280518,2.3646098247555797e-07
6.324555320336759,0.0
5.385164807134504,0.005074588044375344
4.47213595499958,3.0184237838564508e-05
3.605551275463989,0.0
2.8284271247461903,2.3255261704073047e-07
2.23606797749979,0.0
2.0,0.0
2.23606797749979,0.0
2.8284271247461903,0.0
7.615773105863909,0.0
6.708203932499369,0.0
5.830951894845301,0.0
5.0,0.0
4.242640687119285,0.0
3.605551275463989,0.0
3.1622776601683795,0.0
3.0,0.00013957129468676952
3.1622776601683795,0.0
3.605551275463989,0.0
8.06225774829855,0.0
7.211102550927978,0.0
6.4031242374328485,0.048635753877507945
5.656854249492381,0.03275031025084856
5.0,0.00030914466087487535
4.47213595499958,0.0015294799652710782
4.123105625617661,0.05856627128389247
4.0,0.11364756332295974
4.123105625617661,0.0011496596322982159
4.47213595499958,0.0
8.602325267042627,0.0
7.810249675906654,0.055321564142758795
7.0710678118654755,0.6164573884643699
6.4031242374328485,0.07092081837014727
5.830951894845301,0.0011339731127719636
5.385164807134504,0.0005665131622291685
5.0990195135927845,0.10797776084586595
5.0,0.41946218229200866
5.0990195135927845,0.013080059724007297
5.385164807134504,0.0
9.219544457292887,3.173623752832532e-07
8.48528137423857,0.029388565650357308
7.810249675906654,0.25743823169243635
7.211102550927978,0.03917990556466128
6.708203932499369,0.00015156707288810454
6.324555320336759,0.00034371631215644673
6.082762530298219,0.09429549317729298
6.0,0.2434562493336784
6.082762530298219,0.005463265017040322
6.324555320336759,1.497868761034128e-06
9.899494936611665,3.708753743466112e-08
9.219544457292887,0.0
8.602325267042627,0.0013369726767549991
8.06225774829855,0.00016472460681155832
7.615773105863909,0.0
7.280109889280518,1.1810975194245529e-09
7.0710678118654755,0.0
7.0,0.005244995441867043
7.0710678118654755,0.0
7.280109889280518,0.0
10.63014581273465,0.0
10.0,0.0
9.433981132056603,0.0
8.94427190999916,0.0
8.54400374531753,0.0
8.246211251235321,0.0
8.06225774829855,0.007170074267346603
8.0,0.0
8.06225774829855,0.0
8.246211251235321,0.0
1.0,0.049415138453191544
8.06225774829855,8.102910894940938e-05
7.0710678118654755,0.0
6.082762530298219,0.0
5.0990195135927845,0.0362714669546216
4.123105625617661,0.0004440157308539873
3.1622776601683795,0.0009180584565939899
2.23606797749979,0.0
1.4142135623730951,0.007681028167695923
1.0,0.2884434181375846
1.4142135623730951,0.0034504505717077917
8.246211251235321,0.0
7.280109889280518,0.0
6.324555320336759,0.0
5.385164807134504,0.0013965403226933342
4.47213595499958,0.00495379189900292
3.605551275463989,0.0
2.8284271247461903,0.0
2.23606797749979,0.0
2.0,0.031181186412495444
2.23606797749979,0.0
8.54400374531753,0.0
7.615773105863909,0.0
6.708203932499369,0.0
5.830951894845301,0.0042200754593291106
5.0,0.0065017670295920505
4.242640687119285,0.0
3.605551275463989,0.0
3.1622776601683795,0.0
3.0,0.0
3.1622776601683795,0.0
8.94427190999916,0.0
8.06225774829855,0.0
7.211102550927978,0.0055924253114548374
6.4031242374328485,0.038517111975206283
5.656854249492381,0.00903741841800508
5.0,0.0
4.47213595499958,0.0
4.123105625617661,0.00025220994436245557
4.0,0.006539293047595657
4.123105625617661,0.0026949529835954226
9.433981132056603,0.0006126705535288222
8.602325267042627,0.0
7.810249675906654,0.0018379597406100803
7.0710678118654755,0.29255528927179053
6.4031242374328485,0.09147254390768898
5.830951894845301,0.002680028596120729
5.385164807134504,8.919846979253053e-05
5.0990195135927845,0.0023344369904279155
5.0,0.11304329641635164
5.0990195135927845,0.0695920276567665
10.0,0.00012930492995291747
9.219544457292887,0.0
8.48528137423857,1.0852873978084355e-05
7.810249675906654,0.007433543810592919
7.211102550927978,0.02257990956821782
6.708203932499369,0.0006450171236015743
6.324555320336759,0.0
6.082762530298219,0.0008605027875235093
6.0,0.013198181364482734
6.082762530298219,0.018236344773602597
10.63014581273465,0.0
9.899494936611665,0.0
9.219544457292887,2.3062753720279236e-06
8.602325267042627,0.0
8.06225774829855,1.4684929688294055e-05
7.615773105863909,0.0
7.280109889280518,0.0
7.0710678118654755,0.0
7.0,0.0022808821956548236
7.0710678118654755,0.006076442824659477
11.313708498984761,0.0
10.63014581273465,0.0
10.0,0.0
9.433981132056603,0.0
8.94427190999916,0.0
8.54400374531753,0.0
8.246211251235321,0.0
8.06225774829855,0.0
8.0,0.0025896907060010146
8.06225774829855,0.0042607131277745056
9.055385138137417,0.0
8.06225774829855,0.0
7.0710678118654755,0.0
6.082762530298219,1.960354932068661e-05
5.0990195135927845,0.010684925879968287
4.123105625617661,0.0
3.1622776601683795,0.0
2.23606797749979,0.0
1.4142135623730951,0.00022059721436078493
1.0,0.03264536544837797
9.219544457292887,0.0
8.246211251235321,0.0
7.280109889280518,0.0
6.324555320336759,0.0
5.385164807134504,0.00014784306238396704
4.47213595499958,0.0
3.605551275463989,0.0
2.8284271247461903,0.0
2.23606797749979,0.0
2.0,0.0
9.486832980505138,0.0
8.54400374531753,0.0
7.615773105863909,0.0
6.708203932499369,0.0
5.830951894845301,0.0
5.0,0.0
4.242640687119285,0.0
3.605551275463989,0.0
3.1622776601683795,0.0
3.0,0.0017892063301681266
9.848857801796104,0.0
8.94427190999916,0.0
8.06225774829855,0.0
7.211102550927978,0.04684029064187761
6.4031242374328485,0.47052500875598324
5.656854249492381,0.0
5.0,0.0
4.47213595499958,0.0008879922873076357
4.123105625617661,0.022261941071750353
4.0,0.054796686258279555
10.295630140987,0.0
9.433981132056603,0.0
8.602325267042627,0.0
7.810249675906654,0.05565544435963851
7.0710678118654755,0.6854153315368622
6.4031242374328485,0.0
5.830951894845301,1.779907835270255e-06
5.385164807134504,0.0
5.0990195135927845,0.05604010531664957
5.0,0.2811867931556802
10.816653826391969,0.0
10.0,0.0
9.219544457292887,0.0
8.48528137423857,4.240345825047741e-05
7.810249675906654,0.1082586642944325
7.211102550927978,0.0
6.708203932499369,0.0
6.324555320336759,0.0
6.082762530298219,0.0006884434203309037
6.0,0.06997921204047149
11.40175425099138,0.0
10.63014581273465,0.0
9.899494936611665,0.0
9.219544457292887,0.0
8.602325267042627,0.0
8.06225774829855,0.0
7.615773105863909,0.0
7.280109889280518,0.0
7.0710678118654755,7.390452304415915e-05
7.0,0.00021830218652365812
12.041594578792296,0.0
11.313708498984761,0.0
10.63014581273465,0.0
10.0,0.0
9.433981132056603,0.0
8.94427190999916,0.0
8.54400374531753,0.0
8.246211251235321,0.0
8.06225774829855,0.0
8.0,0.0001197107267771997
1.0,0.3063749265177142
2.0,0.0
3.0,0.0
4.0,0.0
5.0,0.40005781789444217
6.0,0.11018439531976773
7.0,0.0018059267911167648
8.0,0.009616108853935155
9.0,0.0
1.0,0.2537216161720881
1.4142135623730951,0.03485030105591791
2.23606797749979,0.0
3.1622776601683795,0.0
4.123105625617661,0.0
5.0990195135927845,0.04820388669721589
6.082762530298219,0.0018335730525773333
7.0710678118654755,0.0
8.06225774829855,0.002355088151363915
9.055385138137417,0.0
2.0,0.034224391005025
2.23606797749979,0.00010880819500524555
2.8284271247461903,0.0
3.605551275463989,0.0
4.47213595499958,0.0
5.385164807134504,6.296998044823126e-07
6.324555320336759,0.0
7.280109889280518,0.0
8.246211251235321,0.0
9.219544457292887,0.0
3.0,0.012098414504881883
3.1622776601683795,0.0015846744592027668
3.605551275463989,7.501933044127657e-06
4.242640687119285,0.0
5.0,0.0
5.830951894845301,4.328183074763454e-05
6.708203932499369,3.3956735287254936e-05
7.615773105863909,2.108158706421153e-05
8.54400374531753,0.0
9.486832980505138,0.0
4.0,0.08937116210360643
4.123105625617661,0.0006196849630940685
4.47213595499958,0.00027111226533045265
5.0,0.0
5.656854249492381,0.0
6.4031242374328485,0.3062708624237916
7.211102550927978,0.0072470496895894465
8.06225774829855,6.966032821244761e-06
8.94427190999916,0.0
9.848857801796104,0.0
5.0,0.2849919179814918
5.0990195135927845,0.002066990200083361
5.385164807134504,0.0
5.830951894845301,0.0
6.4031242374328485,0.0
7.0710678118654755,0.5233951044574079
7.810249675906654,0.013797700711161634
8.602325267042627,0.0
9.433981132056603,0.0
10.295630140987,0.0
6.0,0.012661014676140182
6.082762530298219,0.0003583158607270376
6.324555320336759,0.0
6.708203932499369,0.0
7.211102550927978,5.775116889392285e-05
7.810249675906654,0.004722310008935655
8.48528137423857,0.0004549272584657705
9.219544457292887,0.0
10.0,0.0
10.816653826391969,0.0
7.0,1.2114634446327463e-05
7.0710678118654755,0.0
7.280109889280518,0.00035221200957985587
7.615773105863909,0.00010112505212910453
8.06225774829855,0.0
8.602325267042627,0.0
9.219544457292887,0.0
9.899494936611665,0.0
10.63014581273465,0.0
11.40175425099138,0.0
1.0,0.15249366499060624
2.0,0.0008708085670011298
3.0,0.0
4.0,0.042966222969852266
5.0,0.11168360186436221
6.0,0.04828389162827072
7.0,0.0008326702729697267
8.0,0.0
1.4142135623730951,0.0377938610518509
1.0,0.2739320189089147
1.4142135623730951,0.11758047751649851
2.23606797749979,0.0
3.1622776601683795,0.0
4.123105625617661,0.00910832297749829
5.0990195135927845,0.011878955019616982
6.082762530298219,6.70632098818237e-06
7.0710678118654755,0.001362294919894668
8.06225774829855,0.0013727240008142932
2.23606797749979,0.0017437090230396559
2.0,0.02411666772235013
2.23606797749979,0.0
2.8284271247461903,0.0
3.605551275463989,0.0
4.47213595499958,3.202568771130327e-08
5.385164807134504,0.0
6.324555320336759,0.0
7.280109889280518,0.0
8.246211251235321,0.0
3.1622776601683795,0.0008152215914420054
3.0,0.006754377082413629
3.1622776601683795,3.7619838185622415e-06
3.605551275463989,0.0
4.242640687119285,0.0
5.0,0.0
5.830951894845301,0.00012003726453105325
6.708203932499369,0.000681789732980031
7.615773105863909,0.0
8.54400374531753,0.0
4.123105625617661,0.0035392962489169347
4.0,0.0032827103105882802
4.123105625617661,0.013032973465887039
4.47213595499958,0.0
5.0,0.0
5.656854249492381,0.01290445819668384
6.4031242374328485,0.011369862234288746
7.211102550927978,0.02573699372506847
8.06225774829855,7.236400656721254e-05
8.94427190999916,0.0
5.0990195135927845,0.006328336625483765
5.0,0.03194758070387754
5.0990195135927845,0.11870453574412242
5.385164807134504,0.0024491981992853674
5.830951894845301,0.005117095923683233
6.4031242374328485,0.04747217299744196
7.0710678118654755,0.2574033580338971
7.810249675906654,0.09628571288921829
8.602325267042627,3.6613728571864524e-05
9.433981132056603,0.0
6.082762530298219,8.12789941136989e-05
6.0,0.005683974695626509
6.082762530298219,0.019196109053144724
6.324555320336759,6.974258125492489e-05
6.708203932499369,0.00010294078162188964
7.211102550927978,0.009302501001209924
7.810249675906654,0.050599265861711894
8.48528137423857,0.02307152549721499
9.219544457292887,0.0
10.0,0.0
7.0710678118654755,0.0
7.0,0.0
7.0710678118654755,1.725379707071558e-05
7.280109889280518,0.0
7.615773105863909,0.0
8.06225774829855,0.0
8.602325267042627,0.0
9.219544457292887,0.0
9.899494936611665,0.0
10.63014581273465,0.0
1.0,0.25714598210220735
2.0,0.0008073981152789274
3.0,0.002067281056467882
4.0,0.17192888733347408
5.0,0.8078077564835211
6.0,0.034406510600015906
7.0,0.0004611095636650726
2.23606797749979,1.961909310025684e-07
1.4142135623730951,0.02379325781744762
1.0,0.21569191378212843
1.4142135623730951,0.021326087230293295
2.23606797749979,0.0
3.1622776601683795,0.0
4.123105625617661,0.007548580450765757
5.0990195135927845,0.005063843090018892
6.082762530298219,0.00035116356049193334
7.0710678118654755,0.0033048352015148563
2.8284271247461903,0.0
2.23606797749979,0.0
2.0,0.0
2.23606797749979,0.00029259985327366363
2.8284271247461903,0.0
3.605551275463989,0.0
4.47213595499958,0.0
5.385164807134504,0.0
6.324555320336759,0.00023377635005723907
7.280109889280518,0.0
3.605551275463989,0.0
3.1622776601683795,0.0
3.0,0.0
3.1622776601683795,0.0
3.605551275463989,0.0
4.242640687119285,0.0
5.0,0.0
5.830951894845301,0.005199906644009699
6.708203932499369,0.0
7.615773105863909,0.0
4.47213595499958,0.0
4.123105625617661,0.0001578888414073258
4.0,0.1138364939741212
4.123105625617661,0.022146005835051875
4.47213595499958,0.0
5.0,0.0
5.656854249492381,0.02160359820583821
6.4031242374328485,0.4327661720651884
7.211102550927978,0.009917906534984068
8.06225774829855,0.0
5.385164807134504,0.0
5.0990195135927845,0.061775042681865164
5.0,0.9256478402888033
5.0990195135927845,0.15524699289685626
5.385164807134504,0.001318533305137014
5.830951894845301,0.00010601411739916783
6.4031242374328485,0.5370962268401662
7.0710678118654755,0.9284945816757831
7.810249675906654,0.01762802788486506
8.602325267042627,6.661115080928257e-05
6.324555320336759,0.0
6.082762530298219,0.007142233505526646
6.0,0.044139977240800446
6.082762530298219,0.002542828352191998
6.324555320336759,4.6389666980262835e-05
6.708203932499369,0.0
7.211102550927978,0.05979577116536301
7.810249675906654,0.08344633836788654
8.48528137423857,0.00013544356336975488
9.219544457292887,1.0779743756199538e-05
7.280109889280518,0.0
7.0710678118654755,0.0
7.0,0.0
7.0710678118654755,0.0
7.280109889280518,0.0
7.615773105863909,0.0
8.06225774829855,0.0
8.602325267042627,0.0
9.219544457292887,0.0
9.899494936611665,0.0
1.0,0.03603045185523556
2.0,0.008627604822700441
3.0,0.02699708168549709
4.0,0.30481377135209053
5.0,0.2066761457654433
6.0,0.016806814916495022
3.1622776601683795,0.0
2.23606797749979,0.0
1.4142135623730951,0.18928749613669518
1.0,0.43998786067914847
1.4142135623730951,4.169033253142676e-05
2.23606797749979,2.6276564412383476e-05
3.1622776601683795,0.00024404887709599264
4.123105625617661,0.004531587118029973
5.0990195135927845,0.009986878467976046
6.082762530298219,7.685435543615229e-07
3.605551275463989,0.0
2.8284271247461903,5.517251609957649e-05
2.23606797749979,0.0
2.0,0.010045503459251062
2.23606797749979,0.0
2.8284271247461903,0.0
3.605551275463989,0.0
4.47213595499958,0.0
5.385164807134504,0.008012998278407658
6.324555320336759,0.0
4.242640687119285,8.800299405992951e-06
3.605551275463989,0.0
3.1622776601683795,0.0
3.0,1.031998117166532e-05
3.1622776601683795,0.0
3.605551275463989,0.0
4.242640687119285,0.0
5.0,0.0015949826928993284
5.830951894845301,1.277441009686938e-06
6.708203932499369,0.0
5.0,0.0
4.47213595499958,0.0
4.123105625617661,0.025747949302738587
4.0,0.04105725194287974
4.123105625617661,0.0007836596843544479
4.47213595499958,0.0
5.0,0.008918588986829923
5.656854249492381,0.2502285877155302
6.4031242374328485,0.012505415494524913
7.211102550927978,9.098636992979882e-07
5.830951894845301,3.095122643823336e-06
5.385164807134504,0.0001454472730068888
5.0990195135927845,0.1619858278392507
5.0,0.05863423238034565
5.0990195135927845,0.00040727359692234824
5.385164807134504,0.0
5.830951894845301,0.00949809526448971
6.4031242374328485,0.25487657811851755
7.0710678118654755,0.03644413967610222
7.810249675906654,4.116911807363322e-05
6.708203932499369,0.0
6.324555320336759,0.0
6.082762530298219,0.0018180497009698331
6.0,0.0006893151206384942
6.082762530298219,1.1934535195896875e-06
6.324555320336759,0.0
6.708203932499369,0.0
7.211102550927978,0.01785804236317581
7.810249675906654,0.0007561416165418599
8.48528137423857,1.4416233995819014e-05
7.615773105863909,0.0
7.280109889280518,0.0
7.0710678118654755,0.0
7.0,0.0
7.0710678118654755,0.0
7.280109889280518,0.0
7.615773105863909,0.0
8.06225774829855,0.0
8.602325267042627,4.899940281373189e-07
9.219544457292887,0.0
1.0,0.0024433383408978865
2.0,0.0028271855775756317
3.0,0.000503077814724982
4.0,0.0787512452763406
5.0,0.7232399230151665
4.123105625617661,0.0
3.1622776601683795,0.0
2.23606797749979,0.00022860298139649912
1.4142135623730951,0.003966100714283789
1.0,0.14396940159785507
1.4142135623730951,1.8809828080583652e-05
2.23606797749979,4.692293352372315e-05
3.1622776601683795,3.5607536652572356e-05
4.123105625617661,0.022936758927971326
5.0990195135927845,0.2983988379491182
4.47213595499958,0.0
3.605551275463989,4.14654218509931e-05
2.8284271247461903,0.0
2.23606797749979,6.759364239329741e-05
2.0,0.00016282429652064888
2.23606797749979,0.0
2.8284271247461903,0.0
3.605551275463989,0.0
4.47213595499958,0.0
5.385164807134504,0.006643819641009007
5.0,0.0
4.242640687119285,5.007278044673522e-07
3.605551275463989,0.0
3.1622776601683795,0.0
3.0,0.00010062517609075995
3.1622776601683795,0.0
3.605551275463989,0.0
4.242640687119285,0.0
5.0,8.877674963028673e-06
5.830951894845301,0.0003824647061844467
5.656854249492381,0.0
5.0,0.0
4.47213595499958,0.0
4.123105625617661,0.0008529157474051048
4.0,0.024812613846124272
4.123105625617661,0.0
4.47213595499958,2.4173322077295595e-08
5.0,1.0562317229480475e-05
5.656854249492381,0.0030477811484006263
6.4031242374328485,0.021477592444399767
6.4031242374328485,0.0
5.830951894845301,5.834873474020783e-07
5.385164807134504,8.562026650029743e-06
5.0990195135927845,0.0007267031860434194
5.0,0.6191056114025173
5.0990195135927845,0.0
5.385164807134504,0.0
5.830951894845301,0.00017072979704817358
6.4031242374328485,0.037482452375373336
7.0710678118654755,0.5229089508573795
7.211102550927978,0.0
6.708203932499369,0.0
6.324555320336759,3.8986192954745324e-05
6.082762530298219,0.0
6.0,0.0012851128533428737
6.082762530298219,0.0
6.324555320336759,0.0
6.708203932499369,6.710041730056398e-07
7.211102550927978,0.006682571876298564
7.810249675906654,0.05474946810980303
8.06225774829855,0.0
7.615773105863909,0.0
7.280109889280518,0.0
7.0710678118654755,0.0
7.0,0.0
7.0710678118654755,0.0
7.280109889280518,0.0
7.615773105863909,0.0
8.06225774829855,1.4560939445142932e-07
8.602325267042627,0.0005593011724376845
1.0,0.4751332637573223
2.0,0.0012930353412547381
3.0,0.0006215076102897667
4.0,0.0
5.0990195135927845,0.094754222679636
4.123105625617661,0.002767755824274874
3.1622776601683795,0.00037063894461014305
2.23606797749979,2.2998274301661486e-05
1.4142135623730951,0.0
1.0,0.16470110076461134
1.4142135623730951,0.016437893592112313
2.23606797749979,5.7731267214691326e-05
3.1622776601683795,0.0002672703535249663
4.123105625617661,0.0
5.385164807134504,0.022409452204195282
4.47213595499958,2.8676396769707917e-05
3.605551275463989,0.0
2.8284271247461903,0.0
2.23606797749979,0.0
2.0,4.209869618589347e-07
2.23606797749979,0.0
2.8284271247461903,0.0
3.605551275463989,0.0
4.47213595499958,0.0
5.830951894845301,0.008055617518103237
5.0,0.000821449879557532
4.242640687119285,8.499677660608769e-05
3.605551275463989,0.0
3.1622776601683795,0.0
3.0,5.017875813276425e-05
3.1622776601683795,2.63513327812927e-06
3.605551275463989,0.0006297228215075847
4.242640687119285,0.0
5.0,0.0
6.4031242374328485,0.08462307803934019
5.656854249492381,0.0021693721095699375
5.0,0.010972698241733709
4.47213595499958,0.0
4.123105625617661,0.0
4.0,0.2921111622322254
4.123105625617661,0.00602785181715102
4.47213595499958,0.00017099271723592096
5.0,0.0
5.656854249492381,0.0
7.0710678118654755,0.4941602159535907
6.4031242374328485,0.007670482610521267
5.830951894845301,0.0030588939518126934
5.385164807134504,0.0
5.0990195135927845,0.0
5.0,0.516558811628231
5.0990195135927845,0.030086972460756548
5.385164807134504,0.0002579078135346634
5.830951894845301,0.0
6.4031242374328485,0.0
7.810249675906654,0.09133154664888642
7.211102550927978,0.0049159850421218645
6.708203932499369,0.0
6.324555320336759,0.0
6.082762530298219,0.000423154788904279
6.0,0.02214456838392716
6.082762530298219,0.005153245887169754
6.324555320336759,0.0
6.708203932499369,0.0
7.211102550927978,0.0
8.602325267042627,8.89328712770148e-05
8.06225774829855,0.0
7.615773105863909,0.0001651669341001806
7.280109889280518,0.0003100460216798723
7.0710678118654755,0.0
7.0,0.0
7.0710678118654755,0.0
7.280109889280518,0.0
7.615773105863909,0.0
8.06225774829855,0.0
1.0,0.11054504592373829
2.0,0.0007490134280999504
3.0,0.0
6.082762530298219,0.0008193240587155674
5.0990195135927845,0.011376932117553097
4.123105625617661,0.09744578245358854
3.1622776601683795,0.009398666732258547
2.23606797749979,0.0
1.4142135623730951,0.008203413480649338
1.0,0.039740641001102285
1.4142135623730951,0.0005721728409426432
2.23606797749979,0.0
3.1622776601683795,0.0008595579943349651
6.324555320336759,0.0
5.385164807134504,0.0
4.47213595499958,0.0
3.605551275463989,0.0
2.8284271247461903,0.0
2.23606797749979,0.0
2.0,0.0
2.23606797749979,0.0
2.8284271247461903,0.0
3.605551275463989,0.0
6.708203932499369,5.603627260929229e-05
5.830951894845301,0.0011909328444160224
5.0,0.00022422976731865913
4.242640687119285,0.0
3.605551275463989,0.0
3.1622776601683795,0.0
3.0,0.00033592715118910504
3.1622776601683795,0.0004370155959205433
3.605551275463989,0.0
4.242640687119285,0.0
7.211102550927978,0.019748840578367954
6.4031242374328485,0.1219464573143978
5.656854249492381,0.13566553316573676
5.0,7.672684257656634e-05
4.47213595499958,0.0
4.123105625617661,0.0641949274242754
4.0,0.05903193913548487
4.123105625617661,0.07535321713029934
4.47213595499958,0.00011714725464702506
5.0,0.0
7.810249675906654,0.044166973322906575
7.0710678118654755,0.08207606585193453
6.4031242374328485,0.1955574765411914
5.830951894845301,0.007477484714018734
5.385164807134504,3.331994212986039e-05
5.0990195135927845,0.0891965461285862
5.0,0.18461027946073078
5.0990195135927845,0.1302277819164634
5.385164807134504,0.00038748647841261897
5.830951894845301,0.0
8.48528137423857,0.0009687709449843109
7.810249675906654,0.003401730059764868
7.211102550927978,0.014850332172687226
6.708203932499369,0.00027380605920238033
6.324555320336759,6.262553722152395e-07
6.082762530298219,0.005244268901711739
6.0,0.037167304870746
6.082762530298219,0.02499801576896536
6.324555320336759,0.0
6.708203932499369,0.0
9.219544457292887,0.0
8.602325267042627,0.0
8.06225774829855,8.176626286412561e-05
7.615773105863909,0.0
7.280109889280518,0.0
7.0710678118654755,0.0
7.0,5.4901141281934626e-05
7.0710678118654755,0.0
7.280109889280518,0.0
7.615773105863909,0.0
1.0,0.17607798896300023
2.0,7.500713479719222e-06
7.0710678118654755,0.0011047974825392462
6.082762530298219,0.002505753770383282
5.0990195135927845,0.06277666328166882
4.123105625617661,0.021632834198522417
3.1622776601683795,0.0
2.23606797749979,0.0
1.4142135623730951,2.9707862485106042e-05
1.0,0.10682894299286368
1.4142135623730951,0.024960126099938536
2.23606797749979,0.0006410224151098893
7.280109889280518,0.0
6.324555320336759,0.0
5.385164807134504,0.0
4.47213595499958,4.759622954183105e-06
3.605551275463989,0.0
2.8284271247461903,0.0
2.23606797749979,0.0
2.0,0.0
2.23606797749979,3.8027609017182337e-06
2.8284271247461903,0.0
7.615773105863909,0.0
6.708203932499369,0.0
5.830951894845301,0.0006230123575754602
5.0,0.0
4.242640687119285,0.0
3.605551275463989,0.0
3.1622776601683795,0.0
3.0,0.005775240356377762
3.1622776601683795,0.0
3.605551275463989,0.0
8.06225774829855,0.0
7.211102550927978,0.0007752545348143989
6.4031242374328485,0.15033770480723768
5.656854249492381,0.027890816446204024
5.0,0.0005342054999864036
4.47213595499958,0.0
4.123105625617661,0.023900965633198042
4.0,0.532694846319255
4.123105625617661,0.01354843581863978
4.47213595499958,0.0
8.602325267042627,0.0
7.810249675906654,0.021949337793139716
7.0710678118654755,0.9082032342571827
6.4031242374328485,0.2727716511630153
5.830951894845301,0.003649330975324684
5.385164807134504,0.0002457711866696675
5.0990195135927845,0.23042590561272572
5.0,0.9441639456086378
5.0990195135927845,0.09508947820313884
5.385164807134504,0.001560064115718612
9.219544457292887,0.0
8.48528137423857,0.0005213758633778908
7.810249675906654,0.06979210992616093
7.211102550927978,0.032542502413385035
6.708203932499369,0.0008197171887552076
6.324555320336759,2.267647992264716e-05
6.082762530298219,0.004206666219613838
6.0,0.13262008727891114
6.082762530298219,0.0040019300165405995
6.324555320336759,0.0002523491874156282
9.899494936611665,0.0
9.219544457292887,0.0
8.602325267042627,0.0
8.06225774829855,0.0
7.615773105863909,0.0
7.280109889280518,0.0
7.0710678118654755,0.00037139695940381824
7.0,0.0
7.0710678118654755,0.0
7.280109889280518,0.0
1.0,0.10280699608609381
8.06225774829855,0.005882770500946633
7.0710678118654755,0.00015725513780983448
6.082762530298219,0.06438522606460456
5.0990195135927845,0.12914262371454474
4.123105625617661,0.010711868761274276
3.1622776601683795,0.0
2.23606797749979,0.0003962260389109441
1.4142135623730951,0.07026130568652816
1.0,0.15610969551949183
1.4142135623730951,0.0394538473018478
8.246211251235321,0.0
7.280109889280518,0.0
6.324555320336759,0.0
5.385164807134504,0.003993782035728096
4.47213595499958,0.0
3.605551275463989,0.0
2.8284271247461903,0.0
2.23606797749979,0.0
2.0,0.0026057683014181015
2.23606797749979,0.0
8.54400374531753,1.953455770730616e-05
7.615773105863909,0.0
6.708203932499369,0.0
5.830951894845301,0.0
5.0,0.0
4.242640687119285,0.0
3.605551275463989,0.0
3.1622776601683795,0.0004336549691631299
3.0,0.00045429963457041414
3.1622776601683795,0.0
8.94427190999916,0.0
8.06225774829855,0.0
7.211102550927978,0.003249196179901778
6.4031242374328485,0.05899371311067511
5.656854249492381,0.0025246084196651575
5.0,0.0
4.47213595499958,0.000816271948771637
4.123105625617661,0.02874966034845016
4.0,0.014500569636702381
4.123105625617661,0.0061537510895656065
9.433981132056603,0.0
8.602325267042627,0.0
7.810249675906654,0.06474306348099239
7.0710678118654755,0.14434520932092393
6.4031242374328485,0.0513173613042672
5.830951894845301,0.00031994355245046016
5.385164807134504,0.0009605071124157485
5.0990195135927845,0.09393602858349587
5.0,0.23708243611431318
5.0990195135927845,0.05117852072255813
10.0,0.0
9.219544457292887,0.0
8.48528137423857,0.031239347307503662
7.810249675906654,0.030158921896400976
7.211102550927978,1.9470003300017694e-05
6.708203932499369,0.00012074658863962288
6.324555320336759,0.0007825696434450633
6.082762530298219,0.0605308683553249
6.0,0.01710293096746514
6.082762530298219,0.0013361190269690368
10.63014581273465,0.0
9.899494936611665,0.0
9.219544457292887,0.0
8.602325267042627,0.0
8.06225774829855,0.0
7.615773105863909,0.0
7.280109889280518,0.0
7.0710678118654755,7.271718456612218e-05
7.0,0.00014312671772184348
7.0710678118654755,2.678476957613179e-05
9.055385138137417,0.0
8.06225774829855,0.0
7.0710678118654755,0.006787817256357053
6.082762530298219,0.021891228908162814
5.0990195135927845,0.10715025135056698
4.123105625617661,0.0
3.1622776601683795,0.0
2.23606797749979,0.0
1.4142135623730951,0.0010376056386171848
1.0,0.3433153671143263
9.219544457292887,0.0
8.246211251235321,0.0
7.280109889280518,0.0
6.324555320336759,0.0013104191383052298
5.385164807134504,0.0009654037314391789
4.47213595499958,0.0
3.605551275463989,0.0
2.8284271247461903,0.0
2.23606797749979,0.000571161571829512
2.0,0.0009731814573088534
9.486832980505138,0.0
8.54400374531753,0.0
7.615773105863909,0.0
6.708203932499369,0.0
5.830951894845301,0.0
5.0,0.0
4.242640687119285,0.0
3.605551275463989,0.0
3.1622776601683795,0.0
3.0,1.2271584893409574e-05
9.848857801796104,0.0
8.94427190999916,0.0
8.06225774829855,0.0
7.211102550927978,0.005431941332835572
6.4031242374328485,0.10059191403726837
5.656854249492381,0.0
5.0,0.0
4.47213595499958,0.0
4.123105625617661,0.023464925050343307
4.0,0.21566572281835572
10.295630140987,0.0
9.433981132056603,0.0
8.602325267042627,0.0
7.810249675906654,0.0008960798061082376
7.0710678118654755,0.5675246521556303
6.4031242374328485,0.0
5.830951894845301,0.0
5.385164807134504,0.0
5.0990195135927845,0.051410766003714144
5.0,0.499105994304365
10.816653826391969,0.0
10.0,0.0
9.219544457292887,3.1379464712129874e-05
8.48528137423857,0.0
7.810249675906654,0.00020494336128938984
7.211102550927978,0.0
6.708203932499369,0.0
6.324555320336759,0.0
6.082762530298219,0.0007975029133485343
6.0,0.010004508424090756
11.40175425099138,0.0
10.63014581273465,0.0
9.899494936611665,0.0
9.219544457292887,0.0
8.602325267042627,0.0
8.06225774829855,0.0
7.615773105863909,0.0
7.280109889280518,0.0
7.0710678118654755,0.00033984619408461544
7.0,0.0013456273201123946
1.0,0.19839119076653122
2.0,0.0011659919077542263
3.0,0.0
4.0,0.0
5.0,0.17501101488736862
6.0,0.07254707964705179
7.0,4.884041253157821e-07
8.0,0.0015189306081908234
9.0,0.0
1.0,0.52328978075318
1.4142135623730951,0.03826349816998247
2.23606797749979,0.0
3.1622776601683795,0.0
4.123105625617661,0.0
5.0990195135927845,0.0547113544180401
6.082762530298219,0.023486036084556818
7.0710678118654755,7.488469623460912e-05
8.06225774829855,0.0
9.055385138137417,0.0
2.0,0.08628351278665077
2.23606797749979,0.006404901743451816
2.8284271247461903,0.0
3.605551275463989,0.0
4.47213595499958,0.0
5.385164807134504,9.90273605242148e-07
6.324555320336759,0.0
7.280109889280518,7.010640552816532e-06
8.246211251235321,0.0
9.219544457292887,0.0
3.0,0.0023679813687804596
3.1622776601683795,0.00027698707395752426
3.605551275463989,0.0
4.242640687119285,0.0
5.0,0.0
5.830951894845301,0.008225084874300162
6.708203932499369,6.9900384580668855e-06
7.615773105863909,0.0
8.54400374531753,0.0
9.486832980505138,0.0
4.0,0.027082969866023696
4.123105625617661,0.00021958627523075707
4.47213595499958,0.0
5.0,0.0
5.656854249492381,1.3430042465860691e-06
6.4031242374328485,0.027465341946732082
7.211102550927978,0.0012032188980692048
8.06225774829855,0.0
8.94427190999916,0.0
9.848857801796104,0.0
5.0,0.012979390713841419
5.0990195135927845,0.000493392884100623
5.385164807134504,1.2108677859328224e-05
5.830951894845301,0.0
6.4031242374328485,0.0031376968129971598
7.0710678118654755,0.034075359042271436
7.810249675906654,0.040580091855767234
8.602325267042627,2.9215153928073837e-05
9.433981132056603,0.0
10.295630140987,0.0
6.0,0.01925475150928171
6.082762530298219,0.001924105092505784
6.324555320336759,0.0
6.708203932499369,6.845646780476207e-05
7.211102550927978,0.00179243646557844
7.810249675906654,0.004964176201286278
8.48528137423857,0.02183797713493567
9.219544457292887,0.00019491106223053193
10.0,0.0
10.816653826391969,0.0
1.0,0.07900841545308118
2.0,0.0
3.0,0.0
4.0,0.22839346567496935
5.0,0.20335770842962037
6.0,0.00014896709745274735
7.0,0.0023411847076106823
8.0,0.00024313616610176832
1.4142135623730951,0.04448537920202051
1.0,0.2430495475568166
1.4142135623730951,0.004644510183247287
2.23606797749979,0.0
3.1622776601683795,0.0
4.123105625617661,0.11412113939021548
5.0990195135927845,0.05915179087583127
6.082762530298219,0.0007061540886049728
7.0710678118654755,0.0
8.06225774829855,0.0
2.23606797749979,0.002965974761134322
2.0,0.005674970978648906
2.23606797749979,8.522399609668939e-07
2.8284271247461903,0.0
3.605551275463989,0.0
4.47213595499958,0.0
5.385164807134504,0.0
6.324555320336759,0.00012864292393216742
7.280109889280518,0.0
8.246211251235321,0.0
3.1622776601683795,7.366741420562544e-06
3.0,7.438416067206796e-05
3.1622776601683795,0.00016714418659499018
3.605551275463989,0.0
4.242640687119285,0.0
5.0,0.00035975578676810587
5.830951894845301,0.00010072023335623437
6.708203932499369,0.0007403832364273029
7.615773105863909,0.0
8.54400374531753,0.0
4.123105625617661,5.905388011243204e-05
4.0,0.005414722092716954
4.123105625617661,0.014882331713747829
4.47213595499958,0.0001162232133011137
5.0,0.00047387903099538873
5.656854249492381,0.009995266991418854
6.4031242374328485,0.05683397041608021
7.211102550927978,0.011509994146953768
8.06225774829855,0.0
8.94427190999916,0.0
5.0990195135927845,1.5479634736936306e-05
5.0,0.0027834479944156216
5.0990195135927845,0.0065290043051057485
5.385164807134504,0.0
5.830951894845301,0.00014569645879479294
6.4031242374328485,0.06576598696857644
7.0710678118654755,0.15406234162815613
7.810249675906654,0.013166090738987534
8.602325267042627,1.9640605811523666e-05
9.433981132056603,5.473704788454429e-06
6.082762530298219,1.0613012780025519e-05
6.0,0.00019294323269956125
6.082762530298219,0.0002448332085398944
6.324555320336759,0.0
6.708203932499369,9.073423063354486e-05
7.211102550927978,0.004293523031111528
7.810249675906654,0.03417084755304601
8.48528137423857,0.0005954622887411099
9.219544457292887,0.0
10.0,5.601320111893047e-06
1.0,0.4088506695820626
2.0,1.1788259691764137e-05
3.0,0.0003224415135528578
4.0,0.1286085939565073
5.0,0.009301962158878694
6.0,0.005795114496071678
7.0,0.0014125555310193852
2.23606797749979,0.0
1.4142135623730951,0.01595277060427138
1.0,0.07479816102118213
1.4142135623730951,0.006286463387042237
2.23606797749979,0.0
3.1622776601683795,0.0
4.123105625617661,0.005873270573786502
5.0990195135927845,0.00122169287722898
6.082762530298219,0.003441332099976332
7.0710678118654755,0.0
2.8284271247461903,0.0015531269649558155
2.23606797749979,0.00019270202462007442
2.0,0.0
2.23606797749979,0.0
2.8284271247461903,0.0
3.605551275463989,0.0
4.47213595499958,0.0
5.385164807134504,0.00047381476596971417
6.324555320336759,0.0
7.280109889280518,0.0
3.605551275463989,0.0
3.1622776601683795,0.0
3.0,0.003362693994585149
3.1622776601683795,0.0
3.605551275463989,0.0
4.242640687119285,0.0
5.0,0.0010911017582056772
5.830951894845301,0.009066478208935164
6.708203932499369,1.8094049341580345e-05
7.615773105863909,0.0
4.47213595499958,0.0
4.123105625617661,0.04045341111705058
4.0,0.14441714873915004
4.123105625617661,0.00979887976014252
4.47213595499958,0.0010130572145819778
5.0,3.439678004387043e-06
5.656854249492381,0.36964300579002285
6.4031242374328485,0.12112839079848241
7.211102550927978,0.009939441965776447
8.06225774829855,0.0006034671299872904
5.385164807134504,0.00019695259477434725
5.0990195135927845,0.017083907888702683
5.0,0.05506244534380627
5.0990195135927845,0.0028679514591871394
5.385164807134504,3.4801811606455566e-05
5.830951894845301,0.00043741351368430716
6.4031242374328485,0.2036010396061471
7.0710678118654755,0.09079437896918198
7.810249675906654,0.0024544337182358183
8.602325267042627,0.00017565876843751214
6.324555320336759,0.004021892143710341
6.082762530298219,0.0022362448877417205
6.0,0.0014850969424710472
6.082762530298219,0.0
6.324555320336759,1.1558984477534177e-05
6.708203932499369,0.0
7.211102550927978,0.0019127969113034759
7.810249675906654,0.0007230506075759554
8.48528137423857,0.0003909974201919877
9.219544457292887,7.593966485028051e-05
1.0,0.2768310210429806
2.0,0.0
3.0,0.015682601227529652
4.0,0.04254765371806462
5.0,0.23265128985688666
6.0,0.19579729529730946
3.1622776601683795,0.0
2.23606797749979,0.0
1.4142135623730951,0.01063817182665618
1.0,0.26114520903997945
1.4142135623730951,0.05611320261606497
2.23606797749979,0.0
3.1622776601683795,3.92433218672158e-05
4.123105625617661,0.006553568026995102
5.0990195135927845,0.014875437003931418
6.082762530298219,0.004855326714535496
3.605551275463989,0.0007576504028633433
2.8284271247461903,0.0
2.23606797749979,0.0
2.0,0.0
2.23606797749979,0.0
2.8284271247461903,0.0
3.605551275463989,0.0
4.47213595499958,1.7960157381361694e-05
5.385164807134504,2.0453440043825057e-05
6.324555320336759,1.3378609390412488e-06
4.242640687119285,0.0
3.605551275463989,0.0
3.1622776601683795,2.3442962320949307e-05
3.0,9.944467898229229e-06
3.1622776601683795,6.163841741429395e-05
3.605551275463989,0.0
4.242640687119285,8.614009512906612e-05
5.0,0.0001272261832820709
5.830951894845301,1.1915174106577224e-05
6.708203932499369,0.0
5.0,2.519577280990679e-05
4.47213595499958,0.0
4.123105625617661,0.0025239562638284608
4.0,0.018155550739726373
4.123105625617661,0.003946155614909615
4.47213595499958,0.0
5.0,0.0026484476677593525
5.656854249492381,0.015278985201863616
6.4031242374328485,0.051863169405364694
7.211102550927978,0.015326043511303658
5.830951894845301,0.0
5.385164807134504,8.642385123567244e-05
5.0990195135927845,0.006082831784938216
5.0,0.040835628077710476
5.0990195135927845,0.012319183326909051
5.385164807134504,0.0006133922248937462
5.830951894845301,0.0005067612268214076
6.4031242374328485,0.07983408432809351
7.0710678118654755,0.3483377194785473
7.810249675906654,0.06004219076475736
6.708203932499369,0.0
6.324555320336759,0.0
6.082762530298219,0.004095274831148283
6.0,0.008179270762973765
6.082762530298219,0.00014241641718532554
6.324555320336759,0.0
6.708203932499369,0.0003307632984056316
7.211102550927978,0.026892928582743093
7.810249675906654,0.09756963831875577
8.48528137423857,0.020257754425878658
1.0,0.0
2.0,0.0
3.0,0.00031894230146906354
4.0,0.1880082443475452
5.0,0.8582906115303343
4.123105625617661,0.0
3.1622776601683795,0.0
2.23606797749979,0.0
1.4142135623730951,0.1152728734487288
1.0,0.20129969396330086
1.4142135623730951,0.0
2.23606797749979,0.0
3.1622776601683795,0.0
4.123105625617661,0.010956744720939599
5.0990195135927845,0.020185595305175642
4.47213595499958,0.0
3.605551275463989,0.0
2.8284271247461903,0.0
2.23606797749979,0.0
2.0,0.0
2.23606797749979,0.0
2.8284271247461903,0.0
3.605551275463989,0.0
4.47213595499958,3.137223123853022e-06
5.385164807134504,8.179023581321581e-05
5.0,0.0
4.242640687119285,0.0
3.605551275463989,0.0
3.1622776601683795,3.527490306841655e-05
3.0,0.0010661257519656243
3.1622776601683795,0.0
3.605551275463989,0.0
4.242640687119285,0.0
5.0,0.0
5.830951894845301,0.000580254001036404
5.656854249492381,0.0
5.0,0.0
4.47213595499958,0.0
4.123105625617661,9.800496815574108e-05
4.0,0.06678379119379826
4.123105625617661,0.0
4.47213595499958,0.0
5.0,7.883810064325947e-05
5.656854249492381,0.017958547744947262
6.4031242374328485,0.09844786196253362
6.4031242374328485,0.0
5.830951894845301,8.362712468376599e-06
5.385164807134504,0.0003642983930595502
5.0990195135927845,0.004731975160052353
5.0,0.0038298650092570856
5.0990195135927845,5.935424924695885e-05
5.385164807134504,1.0280779934635565e-05
5.830951894845301,0.00032267293671550185
6.4031242374328485,0.10494878516878377
7.0710678118654755,0.4454678885433264
7.211102550927978,0.0
6.708203932499369,0.0
6.324555320336759,0.0
6.082762530298219,0.00010199599589670881
6.0,3.817420864627697e-05
6.082762530298219,4.145793909435897e-06
6.324555320336759,3.6044503278253727e-07
6.708203932499369,0.00031980364954228185
7.211102550927978,0.0569196402355445
7.810249675906654,0.12060161559033913
1.0,0.5897693428417795
2.0,9.759935209590235e-05
3.0,0.022147853935969443
4.0,0.0
5.0990195135927845,0.025694615908911755
4.123105625617661,0.04398792659412046
3.1622776601683795,0.0
2.23606797749979,0.0
1.4142135623730951,0.0
1.0,0.47811245031685223
1.4142135623730951,0.22576092411470403
2.23606797749979,0.0017748219993422348
3.1622776601683795,0.0
4.123105625617661,0.0
5.385164807134504,0.00502698380552108
4.47213595499958,0.0004606583220305035
3.605551275463989,0.0
2.8284271247461903,0.0
2.23606797749979,0.0
2.0,2.7277590440627817e-06
2.23606797749979,1.1531332750773425e-06
2.8284271247461903,0.0003838558523068144
3.605551275463989,2.2523228964647485e-05
4.47213595499958,3.5409252371165443e-06
5.830951894845301,0.00040395028768189565
5.0,0.0
4.242640687119285,0.0
3.605551275463989,0.0
3.1622776601683795,0.0
3.0,0.0008567597070299321
3.1622776601683795,0.0
3.605551275463989,0.0
4.242640687119285,8.872322693908676e-05
5.0,1.9603114211979343e-05
6.4031242374328485,0.13469043454351182
5.656854249492381,0.002895494858901034
5.0,0.0
4.47213595499958,0.0
4.123105625617661,7.63460394398678e-06
4.0,0.0851238126130338
4.123105625617661,0.026330527931941124
4.47213595499958,2.5722741490626e-05
5.0,3.812144498132317e-05
5.656854249492381,9.549636256264102e-05
7.0710678118654755,0.16162838298794957
6.4031242374328485,0.011193240507181231
5.830951894845301,3.271462244777904e-05
5.385164807134504,2.6900361257088575e-06
5.0990195135927845,0.0011904674385244919
5.0,0.3516902359845449
5.0990195135927845,0.3965318610670968
5.385164807134504,0.0010525300010086963
5.830951894845301,1.5277585846194533e-06
6.4031242374328485,0.00012277237639199214
7.810249675906654,0.00019843396452605487
7.211102550927978,0.00014942650500922408
6.708203932499369,0.00026653090190561867
6.324555320336759,0.0006174916200381271
6.082762530298219,1.484228790431347e-07
6.0,0.030825677470539062
6.082762530298219,0.14811387803681364
6.324555320336759,0.0014758230562953915
6.708203932499369,0.0
7.211102550927978,0.00030569632518872084
1.0,0.06288024698653079
2.0,0.01332760683842731
3.0,0.0
6.082762530298219,0.011717592387512259
5.0990195135927845,0.038390099662721076
4.123105625617661,0.0
3.1622776601683795,0.0
2.23606797749979,5.473448709925884e-06
1.4142135623730951,0.3642493174752263
1.0,0.36477130120212103
1.4142135623730951,0.04288095148733528
2.23606797749979,0.0
3.1622776601683795,0.0
6.324555320336759,0.00013905051793767148
5.385164807134504,0.011375784037931217
4.47213595499958,4.2484459384093816e-05
3.605551275463989,0.0
2.8284271247461903,0.0
2.23606797749979,0.0
2.0,0.0
2.23606797749979,8.279577603437613e-06
2.8284271247461903,0.0
3.605551275463989,4.102369220477595e-06
6.708203932499369,1.1345420201927492e-06
5.830951894845301,0.0011054233958583029
5.0,4.00701507957429e-06
4.242640687119285,0.0
3.605551275463989,0.0
3.1622776601683795,0.0
3.0,1.0699205345108544e-05
3.1622776601683795,4.007637211403369e-07
3.605551275463989,0.00016279241827776028
4.242640687119285,3.596846596364449e-05
7.211102550927978,0.012055248437980729
6.4031242374328485,0.0018878751426940938
5.656854249492381,0.004204902914066471
5.0,0.0
4.47213595499958,1.4008233035615594e-05
4.123105625617661,0.010943023625785798
4.0,0.02405483586860802
4.123105625617661,0.0024983645107488272
4.47213595499958,6.99465340796594e-05
5.0,3.609242734838638e-05
7.810249675906654,0.0016122189817158743
7.0710678118654755,0.025636062693526616
6.4031242374328485,0.032282828398823675
5.830951894845301,0.0
5.385164807134504,0.00031817502634327557
5.0990195135927845,0.23344247561759476
5.0,0.8984962156867409
5.0990195135927845,0.08963474092167337
5.385164807134504,0.0014773005957219988
5.830951894845301,0.0010128660918048032
8.48528137423857,0.0005562546259780357
7.810249675906654,0.0109858039994947
7.211102550927978,0.017425056822979148
6.708203932499369,7.623706157492262e-05
6.324555320336759,0.00010693872989272678
6.082762530298219,0.027371592993105976
6.0,0.1906164194624521
6.082762530298219,0.02284767771004525
6.324555320336759,0.0
6.708203932499369,0.0017502078386054361
1.0,0.07143609042946344
2.0,0.0002179757014387444
7.0710678118654755,0.0
6.082762530298219,2.207017922584389e-05
5.0990195135927845,0.0
4.123105625617661,0.017243339104200277
3.1622776601683795,0.0
2.23606797749979,0.0
1.4142135623730951,0.004683865078584068
1.0,0.12747120993829789
1.4142135623730951,0.013046620330233339
2.23606797749979,2.373781379407726e-05
7.280109889280518,0.0
6.324555320336759,0.0
5.385164807134504,1.8217581887689217e-06
4.47213595499958,0.0
3.605551275463989,0.0
2.8284271247461903,0.0
2.23606797749979,0.0
2.0,0.0
2.23606797749979,0.0
2.8284271247461903,0.0
7.615773105863909,0.0
6.708203932499369,6.314805151058451e-05
5.830951894845301,0.0
5.0,0.0
4.242640687119285,0.0
3.605551275463989,0.0
3.1622776601683795,3.702381856264364e-05
3.0,0.0
3.1622776601683795,0.0
3.605551275463989,0.0
8.06225774829855,0.0
7.211102550927978,0.0
6.4031242374328485,0.06331752182337268
5.656854249492381,0.10990086739094045
5.0,0.006097404070273812
4.47213595499958,0.0006426306700387101
4.123105625617661,0.0003039353453797897
4.0,0.059968801149143616
4.123105625617661,0.03634850062508562
4.47213595499958,0.001349639987202427
8.602325267042627,5.3744436739771205e-05
7.810249675906654,0.00176670469594448
7.0710678118654755,0.13330851978400896
6.4031242374328485,0.15179098405859898
5.830951894845301,0.00892289439863997
5.385164807134504,0.00043690349870621905
5.0990195135927845,0.011389264234995828
5.0,0.14515282538615948
5.0990195135927845,0.021260844354786538
5.385164807134504,0.0007539069089463628
9.219544457292887,3.829705619017195e-05
8.48528137423857,0.0007520139112997978
7.810249675906654,0.0013228456162519043
7.211102550927978,0.00018024195449315895
6.708203932499369,7.362524923557382e-06
6.324555320336759,0.0
6.082762530298219,0.0019157825811246683
6.0,0.0034621541771090018
6.082762530298219,0.003369983872526272
6.324555320336759,0.0005527895279116404
1.0,0.21545216838321543
8.06225774829855,0.0
7.0710678118654755,0.0
6.082762530298219,0.0
5.0990195135927845,0.0959879064902134
4.123105625617661,0.0619548014405615
3.1622776601683795,0.025946393374661484
2.23606797749979,0.010405422757334777
1.4142135623730951,0.004906308914740409
1.0,0.3985752000241176
1.4142135623730951,0.06799335259535566
8.246211251235321,0.0
7.280109889280518,0.0
6.324555320336759,5.048632976121238e-07
5.385164807134504,0.0
4.47213595499958,0.0
3.605551275463989,0.0
2.8284271247461903,0.0
2.23606797749979,0.0
2.0,0.0010921043390941217
2.23606797749979,0.0035676632311169294
8.54400374531753,7.722399591039148e-05
7.615773105863909,0.0
6.708203932499369,1.0338890623178944e-05
5.830951894845301,2.619071383670799e-05
5.0,6.622018213162264e-07
4.242640687119285,0.0003378039244003312
3.605551275463989,9.868160392966249e-06
3.1622776601683795,4.398427497326244e-07
3.0,0.0024148882236929886
3.1622776601683795,0.0
8.94427190999916,1.6298226386700014e-05
8.06225774829855,0.0
7.211102550927978,0.008831476674457116
6.4031242374328485,0.08942932025231932
5.656854249492381,0.002421258364081274
5.0,0.00015931890876678983
4.47213595499958,3.3120875978300785e-06
4.123105625617661,0.010672352643076857
4.0,0.018014316351168295
4.123105625617661,0.0004483982705525246
9.433981132056603,0.0
8.602325267042627,0.0004036431089861591
7.810249675906654,0.019629666613426747
7.0710678118654755,0.16393808712118701
6.4031242374328485,0.005071345256835002
5.830951894845301,0.011532912330112985
5.385164807134504,0.012217164826136152
5.0990195135927845,0.03987064193700612
5.0,0.07052640095011704
5.0990195135927845,0.028414800093163526
10.0,0.0
9.219544457292887,0.0
8.48528137423857,0.0
7.810249675906654,0.001906595715407278
7.211102550927978,0.0
6.708203932499369,0.0018640773835203203
6.324555320336759,0.00936998857912789
6.082762530298219,0.006736189187010181
6.0,0.013947491158497369
6.082762530298219,0.008445022109082826
9.055385138137417,0.0
8.06225774829855,0.0
7.0710678118654755,0.0
6.082762530298219,0.03411725531170441
5.0990195135927845,0.07943408426935887
4.123105625617661,0.0
3.1622776601683795,0.0
2.23606797749979,0.0
1.4142135623730951,0.07976400692167084
1.0,0.14396380970701675
9.219544457292887,0.0
8.246211251235321,0.0
7.280109889280518,0.0
6.324555320336759,6.284178919630899e-05
5.385164807134504,0.0008915042034975286
4.47213595499958,0.0
3.605551275463989,0.0
2.8284271247461903,3.7373118334197174e-05
2.23606797749979,0.002024194407909043
2.0,0.0189374150673953
9.486832980505138,0.0
8.54400374531753,0.0
7.615773105863909,2.246667192105914e-05
6.708203932499369,2.7930382539449175e-05
5.830951894845301,0.00036937312089378396
5.0,0.0
4.242640687119285,9.05105678127876e-06
3.605551275463989,0.00021992405983476933
3.1622776601683795,0.0006090180619771582
3.0,0.004377152350143827
9.848857801796104,0.0
8.94427190999916,0.0006464897073659774
8.06225774829855,0.003061114873988043
7.211102550927978,0.0006457393599316198
6.4031242374328485,0.12257767178357706
5.656854249492381,0.0
5.0,0.0033388681643134765
4.47213595499958,0.002570260046367468
4.123105625617661,0.007875149758514943
4.0,0.15153126701561737
10.295630140987,0.0
9.433981132056603,1.9006673094016624e-05
8.602325267042627,0.0005586187086979165
7.810249675906654,0.00013724356363470068
7.0710678118654755,1.2906750107048974e-05
6.4031242374328485,0.0
5.830951894845301,2.6965011504339395e-05
5.385164807134504,0.0003585943649968577
5.0990195135927845,0.0092146189389866
5.0,0.1723277698432816
10.816653826391969,0.0
10.0,0.0
9.219544457292887,0.0
8.48528137423857,0.0
7.810249675906654,3.030236688828922e-06
7.211102550927978,0.0
6.708203932499369,0.0
6.324555320336759,0.0
6.082762530298219,0.0013441660099924937
6.0,0.021281430110167244
1.0,0.17969462100076425
2.0,0.0
3.0,0.0
4.0,0.0
5.0,0.007629175686986945
6.0,0.004366532986022959
7.0,4.708250850883112e-05
8.0,0.0
9.0,0.0
1.0,0.2701770355910907
1.4142135623730951,0.07875086157044026
2.23606797749979,0.0
3.1622776601683795,0.0
4.123105625617661,0.0
5.0990195135927845,0.011827155742411275
6.082762530298219,0.0002337152793160467
7.0710678118654755,3.906209786488405e-06
8.06225774829855,0.0
9.055385138137417,0.0
2.0,0.0001641456725915918
2.23606797749979,0.00017259338444210965
2.8284271247461903,0.0
3.605551275463989,0.0
4.47213595499958,0.0
5.385164807134504,0.008420954963086917
6.324555320336759,0.0006057687528969979
7.280109889280518,0.007938929851612169
8.246211251235321,0.00023884894089573174
9.219544457292887,0.0
3.0,0.001065230151564802
3.1622776601683795,0.0
3.605551275463989,0.0
4.242640687119285,0.0
5.0,0.0
5.830951894845301,0.00280414906021628
6.708203932499369,2.356386369898789e-05
7.615773105863909,0.0
8.54400374531753,0.0
9.486832980505138,0.0
4.0,0.0004643269288543934
4.123105625617661,0.0
4.47213595499958,0.0
5.0,0.0
5.656854249492381,0.0
6.4031242374328485,0.0028670523948025467
7.211102550927978,0.007335062996486
8.06225774829855,0.0
8.94427190999916,0.0
9.848857801796104,0.0
5.0,0.016062957238315998
5.0990195135927845,0.001319751868744469
5.385164807134504,0.0
5.830951894845301,1.8170343905136774e-05
6.4031242374328485,0.0
7.0710678118654755,0.0023817616717084766
7.810249675906654,0.01119271256205431
8.602325267042627,4.800500759823526e-05
9.433981132056603,0.0
10.295630140987,0.0
1.0,0.024192047685271126
2.0,0.0
3.0,0.0
4.0,0.022912519245524298
5.0,0.012842153363657266
6.0,0.0001720327386740918
7.0,0.0
8.0,0.0
1.4142135623730951,0.08244776574782871
1.0,0.1219752216179791
1.4142135623730951,2.195025226945623e-08
2.23606797749979,0.0
3.1622776601683795,0.0
4.123105625617661,0.0
5.0990195135927845,0.0
6.082762530298219,0.0
7.0710678118654755,0.0
8.06225774829855,0.0
2.23606797749979,0.00010294899652277423
2.0,0.0026390378347308178
2.23606797749979,7.399402586372779e-06
2.8284271247461903,0.00014154304521102326
3.605551275463989,0.00016472270314289876
4.47213595499958,0.00010069454517424407
5.385164807134504,0.00021321450917739356
6.324555320336759,0.0
7.280109889280518,0.0013289921708453621
8.246211251235321,1.0005969696640474e-05
3.1622776601683795,1.3631284780629156e-06
3.0,9.48246810505338e-06
3.1622776601683795,4.277184066940617e-05
3.605551275463989,7.880377768219608e-05
4.242640687119285,0.00027095400047391773
5.0,9.549753358277437e-05
5.830951894845301,0.0016088142721440732
6.708203932499369,2.3550914724809508e-05
7.615773105863909,0.011401346983069507
8.54400374531753,0.0003515234915500742
4.123105625617661,4.359269154447342e-06
4.0,3.491123786162386e-06
4.123105625617661,1.565443978700213e-05
4.47213595499958,0.0
5.0,0.0003802711141239144
5.656854249492381,0.011845854020744794
6.4031242374328485,0.023349404483647668
7.211102550927978,0.00048066797731460305
8.06225774829855,0.0
8.94427190999916,0.0
5.0990195135927845,2.834927175839226e-06
5.0,1.4905768555973276e-06
5.0990195135927845,1.0434493928318965e-06
5.385164807134504,0.0
5.830951894845301,0.00024965215931247223
6.4031242374328485,0.0010194070244455317
7.0710678118654755,0.007125997505334114
7.810249675906654,0.0001376351011530001
8.602325267042627,0.0
9.433981132056603,0.0
1.0,0.42416121532526807
2.0,0.0
3.0,0.0
4.0,0.19423978588649451
5.0,0.7683685014621698
6.0,0.0
7.0,0.00017995256386892875
2.23606797749979,0.0
1.4142135623730951,0.00041273592860508287
1.0,0.0
1.4142135623730951,0.0
2.23606797749979,0.0
3.1622776601683795,1.1477135939133496e-08
4.123105625617661,0.0
5.0990195135927845,0.0
6.082762530298219,0.0008602822931460029
7.0710678118654755,7.069097661731334e-05
2.8284271247461903,0.0
2.23606797749979,0.0
2.0,0.0
2.23606797749979,0.0
2.8284271247461903,0.0
3.605551275463989,0.0
4.47213595499958,9.08805497486912e-06
5.385164807134504,0.0
6.324555320336759,0.0
7.280109889280518,0.0
3.605551275463989,0.0
3.1622776601683795,0.0
3.0,0.0
3.1622776601683795,0.0
3.605551275463989,0.0
4.242640687119285,0.0
5.0,6.572124354237074e-05
5.830951894845301,0.0
6.708203932499369,0.0
7.615773105863909,0.0
4.47213595499958,0.0
4.123105625617661,0.0
4.0,0.008555036308355937
4.123105625617661,0.0065177074930907325
4.47213595499958,0.00044442018772253847
5.0,0.0
5.656854249492381,0.0
6.4031242374328485,0.018813864046423417
7.211102550927978,0.0
8.06225774829855,0.0
5.385164807134504,0.0
5.0990195135927845,0.014501491626471021
5.0,0.4809665496740591
5.0990195135927845,0.23423425828198155
5.385164807134504,0.005888945486013063
5.830951894845301,0.001461009897550288
6.4031242374328485,0.09223201204402974
7.0710678118654755,0.8989748036941831
7.810249675906654,0.1337196962560251
8.602325267042627,0.001128342564482633
1.0,0.32471727952907836
2.0,0.0
3.0,0.022940998493265495
4.0,0.24468696631349698
5.0,0.00270966397580525
6.0,0.0019549421144995677
3.1622776601683795,0.0
2.23606797749979,0.0
1.4142135623730951,0.0
1.0,0.0
1.4142135623730951,0.0
2.23606797749979,3.4424767049024874e-07
3.1622776601683795,0.0
4.123105625617661,0.0
5.0990195135927845,0.0022094656772814886
6.082762530298219,0.0017876815498803465
3.605551275463989,0.0
2.8284271247461903,0.0
2.23606797749979,0.0
2.0,3.0050263677648704e-05
2.23606797749979,0.0001862594072330737
2.8284271247461903,0.0
3.605551275463989,0.0
4.47213595499958,0.0
5.385164807134504,0.0
6.324555320336759,0.0
4.242640687119285,0.0
3.605551275463989,0.0
3.1622776601683795,0.0
3.0,0.00013412774680015007
3.1622776601683795,0.000988511602738075
3.605551275463989,0.0
4.242640687119285,0.0
5.0,9.23594192488851e-06
5.830951894845301,0.008695256510601388
6.708203932499369,0.001659831496329721
5.0,0.0
4.47213595499958,0.0
4.123105625617661,0.022187894003099794
4.0,0.10681770286136914
4.123105625617661,0.003275083344461754
4.47213595499958,0.0
5.0,4.5789127160398955e-05
5.656854249492381,0.043956870919635745
6.4031242374328485,0.3138150867528847
7.211102550927978,0.10526920400335195
5.830951894845301,0.0
5.385164807134504,0.000983460494078164
5.0990195135927845,0.19683327529093111
5.0,0.4734630424757844
5.0990195135927845,0.01599562428743538
5.385164807134504,0.0006128445917137353
5.830951894845301,0.016624607262127306
6.4031242374328485,0.47802265135950567
7.0710678118654755,0.5887695757006182
7.810249675906654,0.29745784854958685
1.0,0.0004733791164894728
2.0,0.00046325656159728647
3.0,0.0
4.0,0.012420297371921362
5.0,0.018796939774449618
4.123105625617661,0.0
3.1622776601683795,0.0
2.23606797749979,0.0
1.4142135623730951,0.0
1.0,0.0
1.4142135623730951,0.0
2.23606797749979,0.0
3.1622776601683795,0.0
4.123105625617661,0.00017899620273003597
5.0990195135927845,0.010347220304057244
4.47213595499958,0.0
3.605551275463989,0.0
2.8284271247461903,0.0
2.23606797749979,4.629770616493775e-05
2.0,0.00028696531248563977
2.23606797749979,0.0
2.8284271247461903,0.0
3.605551275463989,0.0
4.47213595499958,0.0
5.385164807134504,0.0
5.0,0.0
4.242640687119285,0.0
3.605551275463989,0.0
3.1622776601683795,0.0
3.0,0.0
3.1622776601683795,0.0
3.605551275463989,0.0
4.242640687119285,3.892077078924959e-05
5.0,0.000216220153266335
5.830951894845301,4.100976306577376e-05
5.656854249492381,0.0
5.0,0.0
4.47213595499958,0.0
4.123105625617661,0.0
4.0,0.0006485989074642384
4.123105625617661,3.6883014798452926e-06
4.47213595499958,7.288320990586029e-06
5.0,1.2600194234599777e-05
5.656854249492381,0.06172201306797876
6.4031242374328485,0.23257346336220236
6.4031242374328485,0.0
5.830951894845301,0.0
5.385164807134504,0.0
5.0990195135927845,0.015535134424518938
5.0,0.009432639472896505
5.0990195135927845,0.0012565350324169242
5.385164807134504,0.00045371115084374264
5.830951894845301,7.940795312812564e-05
6.4031242374328485,0.6102777143100799
7.0710678118654755,0.9588759794640507
1.0,0.5687602587523686
2.0,0.0023331214328922924
3.0,0.0
4.0,0.0
5.0990195135927845,0.00011630336061888943
4.123105625617661,5.1920637031280555e-08
3.1622776601683795,0.0
2.23606797749979,0.0
1.4142135623730951,0.0
1.0,0.0
1.4142135623730951,0.0
2.23606797749979,0.0
3.1622776601683795,0.0013917818884332269
4.123105625617661,0.0
5.385164807134504,0.0
4.47213595499958,0.0
3.605551275463989,0.0
2.8284271247461903,0.0
2.23606797749979,0.0
2.0,4.437504803879915e-05
2.23606797749979,2.108339242302699e-05
2.8284271247461903,4.97274924237701e-05
3.605551275463989,0.001539002148481125
4.47213595499958,0.00034003761957249233
5.830951894845301,2.0011555887289582e-08
5.0,0.0
4.242640687119285,0.0
3.605551275463989,0.0
3.1622776601683795,0.00013243061910569263
3.0,0.0006788656819936475
3.1622776601683795,0.0
3.605551275463989,0.0004437622985674684
4.242640687119285,0.0006612584748494411
5.0,0.0
6.4031242374328485,0.00012876334156636767
5.656854249492381,0.0
5.0,0.0
4.47213595499958,0.0
4.123105625617661,0.0030625440528312484
4.0,0.16298270060800044
4.123105625617661,0.2467995799697314
4.47213595499958,0.0
5.0,0.0
5.656854249492381,0.001830851955069555
7.0710678118654755,0.0045886979861170475
6.4031242374328485,0.004907666145624005
5.830951894845301,0.0043883979479904115
5.385164807134504,0.0015215252053567183
5.0990195135927845,0.14718681062660677
5.0,0.4846678862344187
5.0990195135927845,0.591280177816198
5.385164807134504,0.0020296044622462746
5.830951894845301,0.0
6.4031242374328485,0.008187569667700427
1.0,0.3945041945301688
2.0,0.0
3.0,0.0
6.082762530298219,1.124799288051993e-05
5.0990195135927845,0.0027552989528725866
4.123105625617661,0.0
3.1622776601683795,0.0
2.23606797749979,0.0
1.4142135623730951,0.0
1.0,0.0
1.4142135623730951,0.0
2.23606797749979,0.000595044176603234
3.1622776601683795,0.0034333100336301344
6.324555320336759,0.0
5.385164807134504,0.00026774171476299754
4.47213595499958,9.705286612406117e-07
3.605551275463989,0.0
2.8284271247461903,0.0
2.23606797749979,0.0
2.0,0.000568780706299036
2.23606797749979,0.0013415316518218623
2.8284271247461903,0.0010687621605795267
3.605551275463989,0.0002361395930027015
6.708203932499369,0.0
5.830951894845301,0.0
5.0,0.0
4.242640687119285,0.0
3.605551275463989,9.196662573991222e-05
3.1622776601683795,8.128608398382022e-05
3.0,0.0006427519314355715
3.1622776601683795,0.00031012233199709905
3.605551275463989,0.000459211858137493
4.242640687119285,0.0
7.211102550927978,0.0005106266509955527
6.4031242374328485,0.0153740667804136
5.656854249492381,0.025153288106441647
5.0,0.0
4.47213595499958,0.0012947888537737195
4.123105625617661,0.08125437668969934
4.0,0.33460323944836556
4.123105625617661,0.03998553508636234
4.47213595499958,0.0011518092783253395
5.0,0.0026691014851749077
7.810249675906654,0.0003638608706620758
7.0710678118654755,0.04588503897678257
6.4031242374328485,0.27984942295959303
5.830951894845301,0.022568149109232508
5.385164807134504,0.06662561289889703
5.0990195135927845,0.27536965895859783
5.0,0.9418863779712611
5.0990195135927845,0.29495536165302
5.385164807134504,0.0035878153740418906
5.830951894845301,0.006522946991234128
1.0,0.031884509020713374
2.0,0.00025866312214567515
7.0710678118654755,0.0
6.082762530298219,0.0
5.0990195135927845,2.9922701126600052e-06
4.123105625617661,3.8318431320071046e-06
3.1622776601683795,0.0
2.23606797749979,0.0
1.4142135623730951,0.0
1.0,2.5103207205962735e-05
1.4142135623730951,0.0003772664356344441
2.23606797749979,0.0010048618047232615
7.280109889280518,0.0
6.324555320336759,0.0
5.385164807134504,0.0
4.47213595499958,0.0
3.605551275463989,0.0
2.8284271247461903,0.0
2.23606797749979,4.391922693066437e-05
2.0,0.0003077870000613624
2.23606797749979,0.00021931431335114968
2.8284271247461903,1.2468935740221707e-06
7.615773105863909,0.0
6.708203932499369,0.0
5.830951894845301,0.0
5.0,7.20536963975072e-07
4.242640687119285,4.856135864445511e-07
3.605551275463989,0.0
3.1622776601683795,8.226216760084845e-05
3.0,1.6272445359802949e-06
3.1622776601683795,0.00017568942068724993
3.605551275463989,0.0
8.06225774829855,0.00015079260952001474
7.211102550927978,0.0047252799824763075
6.4031242374328485,0.023165069157950843
5.656854249492381,0.0011228105401915297
5.0,0.00014600785372411584
4.47213595499958,0.0011404521809788679
4.123105625617661,0.05880493384555324
4.0,0.03848859804454238
4.123105625617661,0.0006792232692032414
4.47213595499958,0.0008602871628341212
8.602325267042627,0.00010745136408839116
7.810249675906654,0.03503881398091075
7.0710678118654755,0.5862598209152389
6.4031242374328485,0.1379553161524062
5.830951894845301,0.004541479301009705
5.385164807134504,0.0018921034773258028
5.0990195135927845,0.24459818099877326
5.0,0.838733690191186
5.0990195135927845,0.06586834873641878
5.385164807134504,0.002300970338356796
1.0,0.5226804160085501
8.06225774829855,0.0
7.0710678118654755,0.0
6.082762530298219,0.0
5.0990195135927845,0.0008902124553148934
4.123105625617661,0.006802665450241421
3.1622776601683795,0.0
2.23606797749979,0.0
1.4142135623730951,7.378120931086887e-07
1.0,0.17352544653568794
1.4142135623730951,0.2642722204430646
8.246211251235321,0.0
7.280109889280518,0.00017623829564239655
6.324555320336759,0.0
5.385164807134504,0.00013479378233030128
4.47213595499958,0.000170225054752447
3.605551275463989,0.0
2.8284271247461903,0.0
2.23606797749979,0.0
2.0,0.00567969432450759
2.23606797749979,0.0006087906008816222
8.54400374531753,0.0
7.615773105863909,0.00040531509242290364
6.708203932499369,0.0
5.830951894845301,1.833282764619888e-05
5.0,0.0
4.242640687119285,0.0
3.605551275463989,0.0
3.1622776601683795,0.0
3.0,0.004384744408120915
3.1622776601683795,5.393511750244869e-05
8.94427190999916,0.0
8.06225774829855,1.8896967568807364e-06
7.211102550927978,8.118511041633488e-05
6.4031242374328485,0.0006765338999418977
5.656854249492381,2.3297032418988437e-05
5.0,0.0008392759402240442
4.47213595499958,0.00032345040818116706
4.123105625617661,0.00013694321164132645
4.0,0.00018642448258914858
4.123105625617661,0.0034338192309733458
9.433981132056603,0.0
8.602325267042627,0.0
7.810249675906654,0.0
7.0710678118654755,8.925924064794039e-06
6.4031242374328485,0.0
5.830951894845301,0.0
5.385164807134504,0.0
5.0990195135927845,0.0
5.0,5.242801651459582e-05
5.0990195135927845,0.004549882013935006
9.055385138137417,0.0
8.06225774829855,0.0
7.0710678118654755,0.0
6.082762530298219,0.001252969809608085
5.0990195135927845,0.018954832237924112
4.123105625617661,0.0
3.1622776601683795,0.0
2.23606797749979,0.0
1.4142135623730951,0.07398662890471096
1.0,0.34502031588129206
9.219544457292887,0.0
8.246211251235321,0.0
7.280109889280518,0.0
6.324555320336759,1.89101804382729e-05
5.385164807134504,0.0009307440924004553
4.47213595499958,0.0
3.605551275463989,0.0
2.8284271247461903,0.0
2.23606797749979,0.00021181854270398165
2.0,0.0008504970961654029
9.486832980505138,0.0
8.54400374531753,0.0
7.615773105863909,0.0
6.708203932499369,5.047688711730903e-07
5.830951894845301,0.001514354525559239
5.0,0.0
4.242640687119285,0.0
3.605551275463989,0.0
3.1622776601683795,0.0017828266371066653
3.0,0.020515239089268167
9.848857801796104,0.0
8.94427190999916,0.0
8.06225774829855,1.0902597885755368e-05
7.211102550927978,1.175208262265246e-05
6.4031242374328485,3.328263975821814e-05
5.656854249492381,3.4883904562804066e-05
5.0,1.3889835018851548e-05
4.47213595499958,2.555992191970437e-05
4.123105625617661,0.0011890011413766644
4.0,0.01606256171821221
10.295630140987,0.0
9.433981132056603,0.0
8.602325267042627,3.730460746263588e-05
7.810249675906654,0.0004815707443065501
7.0710678118654755,0.0005082585389409903
6.4031242374328485,0.0
5.830951894845301,0.0
5.385164807134504,0.0002786885809358176
5.0990195135927845,0.0002051552073773491
5.0,0.014232196529085044
1.0,0.14010025867010512
2.0,2.899459503010643e-06
3.0,0.0
4.0,0.0
5.0,0.05340054873165847
6.0,0.0006475686688316523
7.0,0.0035016521331235747
8.0,6.187476171089933e-06
9.0,9.7274642826118e-07
1.0,0.33480966753898755
1.4142135623730951,0.01635297409704016
2.23606797749979,1.91096205632068e-05
3.1622776601683795,0.0
4.123105625617661,0.0
5.0990195135927845,0.007659422927270649
6.082762530298219,0.002503597174226226
7.0710678118654755,0.007216386854619847
8.06225774829855,0.00021711066724815719
9.055385138137417,0.0
2.0,0.001053454664981402
2.23606797749979,0.00024820682004066986
2.8284271247461903,0.0
3.605551275463989,0.0
4.47213595499958,0.0
5.385164807134504,0.0002529088092586331
6.324555320336759,3.7952840128424015e-05
7.280109889280518,0.0
8.246211251235321,0.0
9.219544457292887,0.0
3.0,7.378243205938094e-05
3.1622776601683795,0.0
3.605551275463989,0.0
4.242640687119285,7.389941492545293e-07
5.0,0.006441340855707559
5.830951894845301,0.0031419783894364906
6.708203932499369,0.00020592249677933328
7.615773105863909,1.6717554364053217e-06
8.54400374531753,0.0
9.486832980505138,0.0
4.0,3.271893194995156e-05
4.123105625617661,0.00019120144135517883
4.47213595499958,1.9080201770540036e-07
5.0,4.5301747544777377e-07
5.656854249492381,0.004225465973845211
6.4031242374328485,0.002379901904103557
7.211102550927978,0.0007925199455893855
8.06225774829855,0.0
8.94427190999916,0.0
9.848857801796104,0.0
1.0,0.03743431245577879
2.0,0.00022399194385094528
3.0,0.0
4.0,0.0017219536029875397
5.0,0.001385157021073725
6.0,0.0015776902586761544
7.0,0.001070167846673382
8.0,1.9681338178208253e-06
1.4142135623730951,0.022146708445234656
1.0,0.11585781340184871
1.4142135623730951,0.01955115669944836
2.23606797749979,0.00026395508245807673
3.1622776601683795,0.00030718142757193544
4.123105625617661,0.0032988560842306027
5.0990195135927845,0.005592342145640694
6.082762530298219,0.0
7.0710678118654755,7.5204911964135775e-06
8.06225774829855,1.8659528996371097e-05
2.23606797749979,0.00044338163152987973
2.0,0.0008140821322356133
2.23606797749979,0.0
2.8284271247461903,0.0001469564089503712
3.605551275463989,0.0005052857625806458
4.47213595499958,1.691356453171137e-05
5.385164807134504,0.00024125243623304962
6.324555320336759,0.0
7.280109889280518,0.0019384934228681217
8.246211251235321,8.349639358263616e-06
3.1622776601683795,9.731761506922175e-06
3.0,0.0
3.1622776601683795,0.0
3.605551275463989,1.4951886062634366e-06
4.242640687119285,0.0008778855572855093
5.0,0.000624772452860858
5.830951894845301,2.7570138116497702e-05
6.708203932499369,0.0006265807024544409
7.615773105863909,0.0023851193868174103
8.54400374531753,0.0
4.123105625617661,4.315564472608905e-06
4.0,9.441886446939132e-06
4.123105625617661,0.0
4.47213595499958,0.0
5.0,0.0005573308708498715
5.656854249492381,0.0002901054799879617
6.4031242374328485,0.0
7.211102550927978,0.0
8.06225774829855,0.0
8.94427190999916,0.0
1.0,0.3222362932861237
2.0,0.017513262948162116
3.0,0.0023595837011336604
4.0,0.08484091673003076
5.0,0.6286811078862323
6.0,0.0024196407017901393
7.0,0.0006758695338513068
2.23606797749979,5.6722991654166e-05
1.4142135623730951,0.012074751564874205
1.0,0.152159054884218
1.4142135623730951,0.02849760992635469
2.23606797749979,0.00033568767777956786
3.1622776601683795,0.0002481255853004379
4.123105625617661,0.002260887055545832
5.0990195135927845,0.006128703779799695
6.082762530298219,0.001408695682629185
7.0710678118654755,7.414978895616929e-05
2.8284271247461903,1.1971462346797462e-05
2.23606797749979,5.707605249863073e-06
2.0,0.0010872099365731264
2.23606797749979,0.0
2.8284271247461903,2.8903159981264314e-06
3.605551275463989,5.9717740159230703e-05
4.47213595499958,1.880857595968849e-06
5.385164807134504,0.003356791883158584
6.324555320336759,0.00034347066885818056
7.280109889280518,0.000626591741216961
3.605551275463989,0.0
3.1622776601683795,6.310637544241685e-06
3.0,2.8297333897323846e-05
3.1622776601683795,0.0
3.605551275463989,7.563827503220111e-05
4.242640687119285,0.0
5.0,0.0
5.830951894845301,0.00010391495988624996
6.708203932499369,0.00039583234348394294
7.615773105863909,0.0
4.47213595499958,0.0
4.123105625617661,0.0
4.0,1.8861636874696805e-06
4.123105625617661,0.0
4.47213595499958,0.0
5.0,0.0
5.656854249492381,4.050247235670608e-06
6.4031242374328485,0.0
7.211102550927978,0.0
8.06225774829855,0.0
1.0,0.2632307432206294
2.0,0.0009211848205993894
3.0,0.0009783979219626386
4.0,0.1512668424400612
5.0,0.03423117636602639
6.0,0.01316413924434175
3.1622776601683795,0.0
2.23606797749979,0.00016378480338706655
1.4142135623730951,0.003878178037543044
1.0,0.15071719355224558
1.4142135623730951,0.040362554957160963
2.23606797749979,0.0
3.1622776601683795,9.789189354221617e-05
4.123105625617661,0.007609398557320214
5.0990195135927845,0.0400837939796186
6.082762530298219,0.003999654479078755
3.605551275463989,0.0
2.8284271247461903,0.0
2.23606797749979,0.0
2.0,0.0
2.23606797749979,4.557107289954729e-05
2.8284271247461903,0.0
3.605551275463989,0.0
4.47213595499958,1.4318448007969175e-05
5.385164807134504,0.00011446586520671959
6.324555320336759,0.0030403903746854186
4.242640687119285,0.0
3.605551275463989,0.0
3.1622776601683795,0.0
3.0,0.0
3.1622776601683795,1.630093943252005e-07
3.605551275463989,1.4532642529992622e-06
4.242640687119285,1.0704572629148439e-05
5.0,2.4370510857201337e-06
5.830951894845301,3.945665668217957e-05
6.708203932499369,1.6631995631959887e-05
5.0,0.0
4.47213595499958,0.0
4.123105625617661,0.0
4.0,0.0
4.123105625617661,0.0
4.47213595499958,0.0
5.0,5.68163981687622e-06
5.656854249492381,0.0
6.4031242374328485,0.0
7.211102550927978,4.638734037797907e-06
1.0,8.395731655831878e-05
2.0,0.0
3.0,0.0053985843361917885
4.0,0.10694757520923291
5.0,0.1587916126187917
4.123105625617661,0.0
3.1622776601683795,8.460369786108861e-07
2.23606797749979,0.0014770380507908875
1.4142135623730951,0.08678530247214551
1.0,0.20261209670846395
1.4142135623730951,0.0
2.23606797749979,7.558829729977782e-07
3.1622776601683795,0.00020501614125692538
4.123105625617661,0.07356260173754514
5.0990195135927845,0.031269600233886266
4.47213595499958,0.0
3.605551275463989,0.0
2.8284271247461903,0.0
2.23606797749979,0.0
2.0,0.0018499823379663023
2.23606797749979,0.0
2.8284271247461903,0.0
3.605551275463989,0.0
4.47213595499958,1.6324724621080714e-05
5.385164807134504,0.002517046481522043
5.0,0.0
4.242640687119285,0.0
3.605551275463989,0.0
3.1622776601683795,0.0
3.0,2.3125305964241703e-06
3.1622776601683795,0.0
3.605551275463989,0.0
4.242640687119285,0.0
5.0,0.0
5.830951894845301,0.00023594958399618043
5.656854249492381,0.0
5.0,0.0
4.47213595499958,0.0
4.123105625617661,0.0
4.0,0.0
4.123105625617661,0.0
4.47213595499958,0.0
5.0,0.0
5.656854249492381,0.0
6.4031242374328485,1.329848285927422e-05
1.0,0.17190613813077144
2.0,0.014793446608153382
3.0,1.7218657953127087e-05
4.0,2.7069822267137555e-06
5.0990195135927845,0.022418265658072183
4.123105625617661,0.007344164799601258
3.1622776601683795,0.00022040420188023844
2.23606797749979,1.4857584831858376e-06
1.4142135623730951,0.0
1.0,0.3034779039834562
1.4142135623730951,0.09438775156188893
2.23606797749979,1.4801574051373942e-06
3.1622776601683795,0.0009217719612616318
4.123105625617661,6.308588056456631e-05
5.385164807134504,0.0007890461973965123
4.47213595499958,8.276511284173576e-05
3.605551275463989,0.0
2.8284271247461903,0.0
2.23606797749979,0.0
2.0,0.0008551869324842259
2.23606797749979,1.8185880772511812e-06
2.8284271247461903,0.0
3.605551275463989,0.0
4.47213595499958,9.249151784903887e-05
5.830951894845301,2.564029712600996e-07
5.0,0.0
4.242640687119285,0.0
3.605551275463989,2.164529932645913e-06
3.1622776601683795,1.4178736107267597e-05
3.0,0.0006127209603625976
3.1622776601683795,0.0005759301947325031
3.605551275463989,0.0
4.242640687119285,0.0
5.0,0.000245566785121594
6.4031242374328485,0.0
5.656854249492381,0.0
5.0,1.0133341235647695e-07
4.47213595499958,2.0758804626457114e-06
4.123105625617661,3.1807760974941564e-07
4.0,0.0
4.123105625617661,0.00027171639204637656
4.47213595499958,1.4750278355718313e-05
5.0,0.0
5.656854249492381,0.0014202619347955176
1.0,0.29886457733111416
2.0,3.8885811077924114e-05
3.0,2.9773009503312448e-05
6.082762530298219,0.0009337700940162295
5.0990195135927845,0.005687781789711858
4.123105625617661,0.007091001269184309
3.1622776601683795,3.6465987685032665e-06
2.23606797749979,0.0
1.4142135623730951,0.13548876851535413
1.0,0.4157565078838589
1.4142135623730951,0.0022889396636573073
2.23606797749979,0.0006702113886319446
3.1622776601683795,0.001291180811933964
6.324555320336759,5.442421971509383e-05
5.385164807134504,0.0001667860610260795
4.47213595499958,2.1934445940084742e-05
3.605551275463989,0.0
2.8284271247461903,0.0
2.23606797749979,9.910128559292114e-05
2.0,0.0002510598312187585
2.23606797749979,0.00045985586985895527
2.8284271247461903,0.0
3.605551275463989,0.0018930269664873892
6.708203932499369,0.0
5.830951894845301,0.0
5.0,0.0
4.242640687119285,3.5778192424625304e-06
3.605551275463989,2.4667728256640437e-05
3.1622776601683795,0.0013429341511481709
3.0,0.0003359442484972236
3.1622776601683795,0.0
3.605551275463989,0.0
4.242640687119285,0.00020163726121069986
7.211102550927978,0.0
6.4031242374328485,0.0
5.656854249492381,0.0
5.0,0.0
4.47213595499958,0.0
4.123105625617661,0.0
4.0,5.2568504397800114e-05
4.123105625617661,3.4317484180051413e-06
4.47213595499958,0.0
5.0,6.730119845779069e-05
1.0,0.09252531216449168
2.0,0.0005966842843434239
7.0710678118654755,0.0017384034081635903
6.082762530298219,0.0006946728480931923
5.0990195135927845,0.003960378152180876
4.123105625617661,0.024121840217101502
3.1622776601683795,0.00117534024703503
2.23606797749979,0.0017355306161561577
1.4142135623730951,0.03169067701440667
1.0,0.10003692593673254
1.4142135623730951,0.04127847328590198
2.23606797749979,0.0002465235903318214
7.280109889280518,4.60786621170743e-05
6.324555320336759,0.00029858372056955395
5.385164807134504,0.005715283157300953
4.47213595499958,0.0017724271815939977
3.605551275463989,1.087760314465807e-06
2.8284271247461903,0.001387004616906918
2.23606797749979,0.002000352591134597
2.0,0.009057920516010284
2.23606797749979,0.0020915297412567283
2.8284271247461903,0.0003026231245368153
7.615773105863909,0.0
6.708203932499369,6.375425366396277e-06
5.830951894845301,0.00021150183918258408
5.0,1.784793707849295e-05
4.242640687119285,4.1023022491045125e-06
3.605551275463989,0.00028534024162076927
3.1622776601683795,8.698546039503164e-05
3.0,0.0002482768563405111
3.1622776601683795,3.812472513121276e-05
3.605551275463989,0.0
8.06225774829855,0.0
7.211102550927978,0.0
6.4031242374328485,5.536950942094907e-07
5.656854249492381,1.3146273648630362e-06
5.0,0.0
4.47213595499958,0.0
4.123105625617661,1.6215768437639563e-05
4.0,0.0
4.123105625617661,0.0
4.47213595499958,2.597773845790483e-06
1.0,0.31094280566048543
8.06225774829855,0.0
7.0710678118654755,0.0007956523695843838
6.082762530298219,0.00025202212667510456
5.0990195135927845,0.026058067662968712
4.123105625617661,0.019179338606131354
3.1622776601683795,0.0
2.23606797749979,0.00012449261503906804
1.4142135623730951,0.03391790259555188
1.0,0.590112784683403
1.4142135623730951,0.04137988607207292
8.246211251235321,0.0
7.280109889280518,6.0826012102879066e-05
6.324555320336759,0.0
5.385164807134504,1.8695331567850645e-07
4.47213595499958,9.324555842072799e-05
3.605551275463989,0.0007905124399824356
2.8284271247461903,5.8406385568501764e-05
2.23606797749979,0.00027458325547337223
2.0,0.0013946269225845835
2.23606797749979,6.491361901647079e-05
8.54400374531753,0.0
7.615773105863909,0.0
6.708203932499369,5.212102405630608e-05
5.830951894845301,6.98826785539601e-05
5.0,0.0005700926265570777
4.242640687119285,0.010762000472013469
3.605551275463989,0.0015646227415028766
3.1622776601683795,5.6533457361394494e-05
3.0,0.0025550732591064548
3.1622776601683795,0.00032460016219846373
8.94427190999916,0.0
8.06225774829855,0.0
7.211102550927978,0.00017833862748542424
6.4031242374328485,0.0006534885443305805
5.656854249492381,0.003595095107876305
5.0,0.005315445063912935
4.47213595499958,0.0011652073798282267
4.123105625617661,0.0013323002813991408
4.0,0.0008225180669132291
4.123105625617661,0.001704537807777836
9.055385138137417,0.0
8.06225774829855,0.0
7.0710678118654755,0.0
6.082762530298219,0.0036662320687563363
5.0990195135927845,0.03777363222259118
4.123105625617661,0.0
3.1622776601683795,3.085205677210809e-07
2.23606797749979,0.0
1.4142135623730951,0.057108163709175576
1.0,0.07141014329888712
9.219544457292887,0.0
8.246211251235321,0.0
7.280109889280518,0.0
6.324555320336759,0.0
5.385164807134504,0.005363456346026438
4.47213595499958,0.00012427815982255161
3.605551275463989,9.182193414313777e-06
2.8284271247461903,0.0
2.23606797749979,0.0
2.0,0.0037651745480100037
9.486832980505138,0.0
8.54400374531753,0.0
7.615773105863909,4.282880308230924e-06
6.708203932499369,1.09864061017813e-05
5.830951894845301,0.00021726876363056173
5.0,0.0017136071990428554
4.242640687119285,0.00014608430106137217
3.605551275463989,3.6998813966555076e-06
3.1622776601683795,0.0
3.0,0.002424776652435951
9.848857801796104,0.0
8.94427190999916,0.0
8.06225774829855,1.4654412680555185e-05
7.211102550927978,5.282370167831352e-05
6.4031242374328485,0.0016845564157819918
5.656854249492381,0.0007550344117777078
5.0,0.0038779942787264972
4.47213595499958,0.0005009442693500494
4.123105625617661,0.003782475544174863
4.0,0.02419415205965692
1.0,0.3945259490435289
2.0,0.0013642363050442982
3.0,0.0
4.0,0.0
5.0,0.26673421797320424
6.0,0.09284518316707577
7.0,9.3633808547539e-05
8.0,0.0
9.0,0.0
1.0,0.15153930262154788
1.4142135623730951,0.03783979865102795
2.23606797749979,1.9749459406256818e-06
3.1622776601683795,0.0
4.123105625617661,0.0
5.0990195135927845,0.1931763992739556
6.082762530298219,0.00309504870480174
7.0710678118654755,0.0
8.06225774829855,0.0
9.055385138137417,0.0
2.0,0.0001803335003161582
2.23606797749979,1.9079508456145082e-05
2.8284271247461903,0.002898656355449418
3.605551275463989,0.0014312730421253616
4.47213595499958,0.002963420474343452
5.385164807134504,0.0015867451789211581
6.324555320336759,8.19457168790962e-05
7.280109889280518,2.4189249956606565e-05
8.246211251235321,0.0
9.219544457292887,0.0
3.0,1.4354601382793683e-05
3.1622776601683795,7.355555465535835e-05
3.605551275463989,5.135266991815101e-05
4.242640687119285,0.0001399759638837615
5.0,0.0018817596170940716
5.830951894845301,0.0009649603315215288
6.708203932499369,4.739142821524822e-06
7.615773105863909,0.0
8.54400374531753,0.0
9.486832980505138,0.0
1.0,0.09601881752092127
2.0,0.0003736768615446959
3.0,0.0
4.0,0.09200646954033494
5.0,0.20192859371940208
6.0,0.003649330010551954
7.0,1.0849283915384516e-05
8.0,0.0
1.4142135623730951,0.030910482952352377
1.0,0.16777247835654532
1.4142135623730951,0.0060822099583980665
2.23606797749979,1.429499033914837e-05
3.1622776601683795,1.491244460620776e-06
4.123105625617661,0.006642416516224908
5.0990195135927845,0.02319910402385062
6.082762530298219,0.00034426820156030843
7.0710678118654755,0.0014287748510026337
8.06225774829855,3.453705952421425e-07
2.23606797749979,0.0
2.0,1.1748348556231851e-05
2.23606797749979,8.451102165982967e-06
2.8284271247461903,2.9119844740257243e-05
3.605551275463989,6.09725150169788e-06
4.47213595499958,0.0002951042271814314
5.385164807134504,0.00012289986060717566
6.324555320336759,0.0004644858904136446
7.280109889280518,0.001735206162293869
8.246211251235321,0.0
3.1622776601683795,0.0
3.0,0.0
3.1622776601683795,0.0
3.605551275463989,0.0
4.242640687119285,0.0
5.0,0.0
5.830951894845301,0.0003067209538086227
6.708203932499369,0.0
7.615773105863909,0.0
8.54400374531753,0.0
1.0,0.12255390057293757
2.0,0.00010645252152125315
3.0,0.005314286257387821
4.0,0.08596058547294631
5.0,0.13556767254221247
6.0,0.0048596279089990774
7.0,1.24506266477809e-06
2.23606797749979,0.00033457665296676963
1.4142135623730951,0.024851632552866845
1.0,0.17923420078971108
1.4142135623730951,0.08913783620582355
2.23606797749979,0.00034576650467963024
3.1622776601683795,0.002398437821654347
4.123105625617661,0.050595008800191944
5.0990195135927845,0.11935513248954538
6.082762530298219,0.0020717366083804795
7.0710678118654755,0.0005762316888347621
2.8284271247461903,0.0
2.23606797749979,4.110959050081932e-05
2.0,0.0007031555291781838
2.23606797749979,3.680107044316716e-05
2.8284271247461903,2.6497005273454905e-05
3.605551275463989,0.0
4.47213595499958,0.0006508168221398894
5.385164807134504,0.001711037562982135
6.324555320336759,0.0004630175614675873
7.280109889280518,0.0
3.605551275463989,0.0
3.1622776601683795,0.0
3.0,3.0856255610903526e-06
3.1622776601683795,7.326140041247102e-06
3.605551275463989,0.0
4.242640687119285,0.0
5.0,0.004291155570533965
5.830951894845301,0.0
6.708203932499369,0.0
7.615773105863909,0.0
1.0,0.14843457830940965
2.0,0.0
3.0,0.0023208464735089028
4.0,0.054411529183273584
5.0,0.2654738964071692
6.0,0.06863261644683055
3.1622776601683795,0.0
2.23606797749979,0.0005053178706501925
1.4142135623730951,0.05114679124479853
1.0,0.2622323141302434
1.4142135623730951,0.04291503770446968
2.23606797749979,0.0
3.1622776601683795,0.0009430631100450356
4.123105625617661,0.013371484732924861
5.0990195135927845,0.014847217195324742
6.082762530298219,0.022874827475496885
3.605551275463989,0.0
2.8284271247461903,0.0
2.23606797749979,8.860849322299371e-06
2.0,3.6606651950695315e-05
2.23606797749979,7.52025301364428e-07
2.8284271247461903,4.515715347855558e-06
3.605551275463989,3.326222523805838e-05
4.47213595499958,2.398563189344019e-05
5.385164807134504,0.001786379119121575
6.324555320336759,8.006316955721648e-05
4.242640687119285,0.0
3.605551275463989,0.0
3.1622776601683795,0.0
3.0,0.0
3.1622776601683795,0.0
3.605551275463989,0.0
4.242640687119285,6.403260068554187e-05
5.0,0.0
5.830951894845301,1.8440639109154304e-05
6.708203932499369,6.489088953642184e-05
1.0,0.0
2.0,8.119973717664217e-06
3.0,0.0021861533055799
4.0,0.17761179815531286
5.0,0.5843945276104855
4.123105625617661,0.0
3.1622776601683795,0.0
2.23606797749979,0.0
1.4142135623730951,0.00808134415639406
1.0,0.27620575054187674
1.4142135623730951,0.0
2.23606797749979,0.0
3.1622776601683795,1.7294614737780602e-05
4.123105625617661,0.015379793248083258
5.0990195135927845,0.19428710775673955
4.47213595499958,0.0
3.605551275463989,0.0
2.8284271247461903,0.0
2.23606797749979,0.0
2.0,7.038606704420096e-06
2.23606797749979,4.404544310412488e-07
2.8284271247461903,3.244335252298877e-06
3.605551275463989,0.0
4.47213595499958,0.00026544582346893497
5.385164807134504,0.0007673280167617375
5.0,0.0
4.242640687119285,0.0
3.605551275463989,0.0
3.1622776601683795,0.0
3.0,0.0
3.1622776601683795,0.0
3.605551275463989,1.721987881941517e-06
4.242640687119285,0.0
5.0,0.0001142999125170695
5.830951894845301,0.0004555918905364782
1.0,0.25100036931634534
2.0,0.0003890074081401117
3.0,0.0020690619741898096
4.0,0.0
5.0990195135927845,0.2900096769538012
4.123105625617661,0.012352757122838884
3.1622776601683795,6.896037489418535e-07
2.23606797749979,0.0
1.4142135623730951,0.0
1.0,0.5655485404836643
1.4142135623730951,0.0012654685324230792
2.23606797749979,2.7991750028013222e-08
3.1622776601683795,0.0
4.123105625617661,0.0
5.385164807134504,0.0002744066038113957
4.47213595499958,0.0
3.605551275463989,0.0
2.8284271247461903,0.0
2.23606797749979,0.0
2.0,0.0006387772229329185
2.23606797749979,0.0010402114546364022
2.8284271247461903,0.0
3.605551275463989,0.0
4.47213595499958,1.4118921601829064e-05
5.830951894845301,0.0
5.0,0.0
4.242640687119285,0.00020956360122355059
3.605551275463989,5.74651217918569e-05
3.1622776601683795,0.0
3.0,6.918154502505971e-05
3.1622776601683795,0.0007828564663743766
3.605551275463989,1.758765398225216e-06
4.242640687119285,0.0
5.0,5.5131518989386126e-05
1.0,0.08123393736582708
2.0,0.003354487100081885
3.0,4.55010102080373e-06
6.082762530298219,0.019071374284486364
5.0990195135927845,0.03188443868303289
4.123105625617661,0.027892893548311815
3.1622776601683795,0.004012890690794241
2.23606797749979,1.3758157670835093e-06
1.4142135623730951,0.024767942899218763
1.0,0.08397579388768586
1.4142135623730951,0.021696954649208677
2.23606797749979,0.0006773770222015628
3.1622776601683795,2.2577877951146207e-07
6.324555320336759,1.401242239069526e-05
5.385164807134504,1.4330067047675105e-05
4.47213595499958,0.00011930756322227352
3.605551275463989,1.829751754307775e-05
2.8284271247461903,1.326747324645826e-06
2.23606797749979,0.0018177031650815675
2.0,0.0005764329383213881
2.23606797749979,0.00013239296157496272
2.8284271247461903,9.067520058506323e-05
3.605551275463989,2.077068898290502e-06
6.708203932499369,0.0
5.830951894845301,0.0
5.0,9.852327233286041e-06
4.242640687119285,0.0
3.605551275463989,0.0
3.1622776601683795,2.103481955422779e-06
3.0,0.0008032397888134228
3.1622776601683795,3.8325976435048596e-05
3.605551275463989,0.0
4.242640687119285,3.0573949881905155e-07
1.0,0.07824123868434159
2.0,0.0005153429472333543
7.0710678118654755,8.268895518010116e-05
6.082762530298219,0.014975338317960562
5.0990195135927845,0.4574422624349258
4.123105625617661,0.10780937473779746
3.1622776601683795,2.258550984644585e-05
2.23606797749979,0.0032766612280470562
1.4142135623730951,0.16527657285308228
1.0,0.5112377656022767
1.4142135623730951,0.0209446644131867
2.23606797749979,0.0
7.280109889280518,0.0
6.324555320336759,0.000136957757897101
5.385164807134504,0.0027531313197334
4.47213595499958,0.0001570524579707368
3.605551275463989,6.889860823803398e-07
2.8284271247461903,5.698159063987167e-06
2.23606797749979,0.0008782786046769787
2.0,0.004378697283863812
2.23606797749979,0.0001244001236260782
2.8284271247461903,0.0
7.615773105863909,0.0
6.708203932499369,0.0
5.830951894845301,2.3237793900503366e-05
5.0,0.0
4.242640687119285,0.0
3.605551275463989,4.961292798761348e-06
3.1622776601683795,0.002029695550024156
3.0,8.978575931409468e-05
3.1622776601683795,0.0
3.605551275463989,1.8188188657604966e-05
1.0,0.274252982338471
8.06225774829855,0.0
7.0710678118654755,9.1658508384928e-05
6.082762530298219,0.008478842292678887
5.0990195135927845,0.005805608891393576
4.123105625617661,0.06297666806767166
3.1622776601683795,0.0
2.23606797749979,0.0006907623345424194
1.4142135623730951,0.013234290593006634
1.0,0.09223438310051212
1.4142135623730951,0.1293811392785847
8.246211251235321,0.0
7.280109889280518,0.0
6.324555320336759,1.4067467879965443e-05
5.385164807134504,0.0
4.47213595499958,0.00032483173209054263
3.605551275463989,0.0003610063415232352
2.8284271247461903,0.0016359581593763967
2.23606797749979,0.00010067121390904662
2.0,0.004344836000284468
2.23606797749979,0.000552308755398281
8.54400374531753,0.0
7.615773105863909,3.3610982080606147e-06
6.708203932499369,2.4085289652931567e-05
5.830951894845301,6.0879999903315915e-06
5.0,0.0037109145484265312
4.242640687119285,0.0020285385801692866
3.605551275463989,0.0020318226410067277
3.1622776601683795,4.459795208631268e-06
3.0,0.0
3.1622776601683795,0.0007508544942928728
9.055385138137417,0.0
8.06225774829855,0.0
7.0710678118654755,0.0
6.082762530298219,0.0045165998543189095
5.0990195135927845,0.36129258375219364
4.123105625617661,0.0
3.1622776601683795,0.0
2.23606797749979,5.765523580397368e-07
1.4142135623730951,0.09379805920839905
1.0,0.5030146714414521
9.219544457292887,0.0
8.246211251235321,0.0
7.280109889280518,9.21595043326741e-08
6.324555320336759,0.0
5.385164807134504,0.000529802846791969
4.47213595499958,1.235262375308244e-05
3.605551275463989,5.8299863320919174e-05
2.8284271247461903,0.0
2.23606797749979,0.0005410124296761063
2.0,0.0019498408464391059
9.486832980505138,0.0
8.54400374531753,7.426239365203317e-07
7.615773105863909,5.321567983761183e-06
6.708203932499369,8.934240162313029e-07
5.830951894845301,0.0
5.0,8.07054488384293e-05
4.242640687119285,0.0002880173102381026
3.605551275463989,9.853775370102299e-07
3.1622776601683795,0.0
3.0,0.0012611706703296586
1.0,0.17558721072761455
2.0,0.0009387246598393787
3.0,0.00027011017246301663
4.0,3.302551331576058e-05
5.0,0.6010664477472161
6.0,0.008795892430579835
7.0,3.4103253540756333e-06
8.0,6.307552986749713e-06
9.0,0.0
1.0,0.18344165941173046
1.4142135623730951,0.027501739254495207
2.23606797749979,0.0
3.1622776601683795,4.238176036960042e-06
4.123105625617661,1.8605021831020633e-07
5.0990195135927845,0.004216248315365827
6.082762530298219,0.0011622730677287691
7.0710678118654755,0.00020064702783365455
8.06225774829855,0.0
9.055385138137417,0.0
2.0,0.0003331193769422913
2.23606797749979,2.029104104519766e-05
2.8284271247461903,4.0861102307695634e-05
3.605551275463989,0.0004835674627129269
4.47213595499958,0.0
5.385164807134504,0.0
6.324555320336759,0.0
7.280109889280518,0.0
8.246211251235321,0.0
9.219544457292887,0.0
1.0,0.06426322189246375
2.0,0.0015406808452628601
3.0,0.00027765170340917744
4.0,0.0162673571671401
5.0,0.11121033670587593
6.0,0.04004237674833172
7.0,0.0012407380010553218
8.0,4.915344173775051e-06
1.4142135623730951,0.02454024923894187
1.0,0.1095213342507023
1.4142135623730951,0.008931256840162613
2.23606797749979,1.1185400241987072e-05
3.1622776601683795,7.416226549598488e-05
4.123105625617661,0.00114594141954833
5.0990195135927845,0.013311463759172243
6.082762530298219,0.007518991190996963
7.0710678118654755,0.0
8.06225774829855,0.0
2.23606797749979,1.6956599257780795e-06
2.0,7.002458174689667e-05
2.23606797749979,0.0
2.8284271247461903,5.8547073213230455e-06
3.605551275463989,2.475273855692086e-06
4.47213595499958,0.0
5.385164807134504,0.00021882990653822968
6.324555320336759,0.0
7.280109889280518,0.0
8.246211251235321,0.0
1.0,0.24297277192633096
2.0,0.00260649457889019
3.0,0.0005045247143070713
4.0,0.43585860555379186
5.0,0.9594604701618299
6.0,0.043137480474167905
7.0,0.0014432840820864073
2.23606797749979,0.00018629714180354849
1.4142135623730951,0.0040364979020589865
1.0,0.08448401580714772
1.4142135623730951,0.01966323142055879
2.23606797749979,0.0004695197896295564
3.1622776601683795,2.1978728819236755e-05
4.123105625617661,0.033374799472636586
5.0990195135927845,0.1329073822865124
6.082762530298219,0.0016934101506790118
7.0710678118654755,0.000229983230078001
2.8284271247461903,7.692193397368469e-08
2.23606797749979,0.0
2.0,5.038364155315935e-06
2.23606797749979,0.0
2.8284271247461903,0.0
3.605551275463989,0.0
4.47213595499958,0.00033797779774320347
5.385164807134504,0.0
6.324555320336759,0.0
7.280109889280518,0.0
1.0,0.1741212619444223
2.0,0.007060396592602173
3.0,0.016113713299029223
4.0,0.21351112436993053
5.0,0.038995621015105855
6.0,0.0027379844995828336
3.1622776601683795,0.0
2.23606797749979,1.5918849929243256e-05
1.4142135623730951,0.03315834124806668
1.0,0.06419388263307882
1.4142135623730951,0.028125463362500103
2.23606797749979,0.0032030970641522775
3.1622776601683795,0.0004733042480012641
4.123105625617661,0.05272030328054786
5.0990195135927845,0.001996816538742474
6.082762530298219,0.00017944433499929286
3.605551275463989,1.0036794856566981e-06
2.8284271247461903,4.49652990269346e-07
2.23606797749979,0.0
2.0,1.934185693164712e-05
2.23606797749979,1.4709847537750984e-05
2.8284271247461903,0.0
3.605551275463989,0.0
4.47213595499958,1.4649617708635191e-05
5.385164807134504,2.6213504289589072e-05
6.324555320336759,0.00012046985513116301
1.0,0.005540609364083095
2.0,0.0019022125890247488
3.0,0.0009209699823971118
4.0,0.0667502663033715
5.0,0.55091117866577
4.123105625617661,0.0
3.1622776601683795,1.770378318814563e-05
2.23606797749979,0.0023442786046267783
1.4142135623730951,0.01609725648816081
1.0,0.09820847058471342
1.4142135623730951,0.002268909151257791
2.23606797749979,0.0003326639775054867
3.1622776601683795,0.00191432820405928
4.123105625617661,0.0020576971659462366
5.0990195135927845,0.013408598519945662
4.47213595499958,0.0
3.605551275463989,2.892213743871589e-07
2.8284271247461903,2.0725311028484115e-06
2.23606797749979,1.4685913331379237e-05
2.0,9.603751638723948e-05
2.23606797749979,3.143144152200917e-05
2.8284271247461903,0.00010714916898811701
3.605551275463989,9.9895904847096e-05
4.47213595499958,0.00019319159351340203
5.385164807134504,0.0017617218104720972
1.0,0.09680425197828785
2.0,0.00020954737095106506
3.0,0.00013524393927461211
4.0,6.740970116559879e-05
5.0990195135927845,0.0124553518362855
4.123105625617661,0.0015159534179062328
3.1622776601683795,0.00011023364618657853
2.23606797749979,0.0009476852300537814
1.4142135623730951,0.01333962938077682
1.0,0.14978559489341028
1.4142135623730951,0.03056583164778076
2.23606797749979,0.00021762184886230476
3.1622776601683795,5.726765005506481e-06
4.123105625617661,1.35605681695421e-05
5.385164807134504,0.00028361307408906035
4.47213595499958,0.000191164488427648
3.605551275463989,0.0002413915411675245
2.8284271247461903,5.655244277636347e-06
2.23606797749979,0.0
2.0,8.605921497542223e-05
2.23606797749979,0.0001820521655089644
2.8284271247461903,0.0
3.605551275463989,0.0
4.47213595499958,0.0
1.0,0.3529152394132054
2.0,0.0006349530641536494
3.0,6.233191750407164e-05
6.082762530298219,0.0021478717867772787
5.0990195135927845,0.01754361799531286
4.123105625617661,0.05428106300417029
3.1622776601683795,0.00043258521345375557
2.23606797749979,0.00021069137139736002
1.4142135623730951,0.04633573386516482
1.0,0.1373236020681546
1.4142135623730951,0.0648831019332611
2.23606797749979,1.7704055757399313e-05
3.1622776601683795,1.0186166644502187e-05
6.324555320336759,0.0
5.385164807134504,0.0
4.47213595499958,0.0
3.605551275463989,0.0
2.8284271247461903,0.0
2.23606797749979,1.7636843156292315e-07
2.0,0.0002757904287200146
2.23606797749979,3.052967679466788e-05
2.8284271247461903,0.0
3.605551275463989,0.0
1.0,0.06370091461815788
2.0,0.0015447100152708561
7.0710678118654755,0.0
6.082762530298219,0.002761144380366907
5.0990195135927845,0.06882966435734109
4.123105625617661,0.01621379805096869
3.1622776601683795,0.0005666323296544117
2.23606797749979,3.68397710898557e-05
1.4142135623730951,0.023644778984463412
1.0,0.1388492613256471
1.4142135623730951,0.0058634680654380805
2.23606797749979,0.0004043770251660492
7.280109889280518,0.0
6.324555320336759,9.691530762266967e-07
5.385164807134504,6.944852876649029e-06
4.47213595499958,1.165953036421782e-06
3.605551275463989,0.0
2.8284271247461903,0.00010532374485060599
2.23606797749979,0.0005203703308988879
2.0,4.0840088541138304e-05
2.23606797749979,4.880548324985107e-06
2.8284271247461903,5.8897059725225744e-05
1.0,0.324340761227801
8.06225774829855,0.00014777494269535647
7.0710678118654755,0.00034318892567138624
6.082762530298219,0.018585235066029267
5.0990195135927845,0.00928760586160344
4.123105625617661,0.0011448623865301841
3.1622776601683795,4.697834448825193e-05
2.23606797749979,0.00036747036393777906
1.4142135623730951,0.050584355843395316
1.0,0.2611100239933488
1.4142135623730951,0.02644650921722305
8.246211251235321,2.143860990826483e-05
7.280109889280518,0.000134739287741368
6.324555320336759,1.0348654755240509e-05
5.385164807134504,1.7374083582567394e-06
4.47213595499958,0.0
3.605551275463989,0.00015694487591706615
2.8284271247461903,0.0005350220103548666
2.23606797749979,0.00012021939034215486
2.0,0.006768542331527517
2.23606797749979,0.0004580198332007005
9.055385138137417,0.0
8.06225774829855,0.0
7.0710678118654755,0.003757212693062228
6.082762530298219,0.0017454791970886025
5.0990195135927845,0.005598936857989873
4.123105625617661,0.0009235200216670934
3.1622776601683795,0.0002700107158816064
2.23606797749979,0.005352565036991422
1.4142135623730951,0.05028661688107868
1.0,0.1687101998698108
9.219544457292887,1.0835209023079607e-06
8.246211251235321,4.854223093175393e-07
7.280109889280518,0.0
6.324555320336759,9.452150862184636e-06
5.385164807134504,3.9016280384362104e-06
4.47213595499958,0.0
3.605551275463989,0.0
2.8284271247461903,0.0
2.23606797749979,0.0002379052835497363
2.0,0.0005949646670852379
1.0,0.2224998982115999
2.0,0.0003773720023514689
3.0,0.0
4.0,0.0005945225288987626
5.0,0.002155975488375582
6.0,0.0016072208155114096
7.0,0.00401819950746981
8.0,0.0014840213013760204
9.0,3.246385641718193e-05
1.0,0.06688752189630372
1.4142135623730951,0.07570057654667946
2.23606797749979,0.0004487907021920312
3.1622776601683795,0.0015856571590332862
4.123105625617661,0.00039189519432658576
5.0990195135927845,0.00020316698659904027
6.082762530298219,0.00013855994878856503
7.0710678118654755,0.0002032486015007929
8.06225774829855,0.007507007243471775
9.055385138137417,0.0003619625797665391
1.0,0.0767534462555639
2.0,0.0005284928961747419
3.0,1.88231837389485e-05
4.0,0.0021919508024448855
5.0,0.04519076829355726
6.0,0.011695540245060209
7.0,0.003383621533193734
8.0,0.00017653855354119824
1.4142135623730951,0.04402090647336721
1.0,0.10909340746489156
1.4142135623730951,0.021399377045784138
2.23606797749979,0.00010684424102851843
3.1622776601683795,0.000136390024475797
4.123105625617661,0.0
5.0990195135927845,0.004276801249652884
6.082762530298219,0.0019223206413128246
7.0710678118654755,0.012441820619094284
8.06225774829855,0.00041750821692024156
1.0,0.277349957819811
2.0,0.011849398412174524
3.0,0.010177678899914049
4.0,0.06351952475450909
5.0,0.16336221574468612
6.0,0.003294673314252845
7.0,0.0009520471343003137
2.23606797749979,0.00023028437487678015
1.4142135623730951,0.03557953769789884
1.0,0.208908664768
1.4142135623730951,0.052113640065787184
2.23606797749979,0.0025386597996500037
3.1622776601683795,0.0008789502155092156
4.123105625617661,0.011225017383949926
5.0990195135927845,0.0183287395670965
6.082762530298219,0.0023807384289393826
7.0710678118654755,0.000433735727867478
1.0,0.3702085851601322
2.0,0.010109833359792007
3.0,0.0012963044019589178
4.0,0.04420210179125232
5.0,0.0057734966865246725
6.0,0.006767618711547907
3.1622776601683795,0.00016694085325943625
2.23606797749979,7.479026416197693e-05
1.4142135623730951,0.060337241380291916
1.0,0.249633590263027
1.4142135623730951,0.029043441349123646
2.23606797749979,0.0005416668275315081
3.1622776601683795,0.0014780576190916914
4.123105625617661,0.000250403185415586
5.0990195135927845,0.0
6.082762530298219,0.0010034974570346292
1.0,0.14053646597774094
2.0,0.0018154046189929685
3.0,0.006644878244659459
4.0,0.0005890440628973947
5.0,0.0032636026121435906
4.123105625617661,0.00035428617778290893
3.1622776601683795,0.00024389575903337188
2.23606797749979,0.0024649285827731543
1.4142135623730951,0.03043468853153762
1.0,0.1499939341883973
1.4142135623730951,0.054383701558211546
2.23606797749979,0.001656327419257442
3.1622776601683795,0.0008896065628032826
4.123105625617661,0.0004222418939274614
5.0990195135927845,0.0008404009218672495
1.0,0.25542876323872155
2.0,0.002401787768456189
3.0,0.00025266861342932096
4.0,0.00025020088499841365
5.0990195135927845,0.00017810015639822355
4.123105625617661,0.0007959167765192443
3.1622776601683795,0.0021675546835592877
2.23606797749979,0.0011608291336261806
1.4142135623730951,0.05173731496377908
1.0,0.050842800141541196
1.4142135623730951,0.05698530052863603
2.23606797749979,0.0008710904296293305
3.1622776601683795,0.0
4.123105625617661,0.00024942224821629193
1.0,0.19569902121128965
2.0,0.002501039683978963
3.0,0.0015835331083648859
6.082762530298219,0.0008767925084854196
5.0990195135927845,0.01738959742528062
4.123105625617661,0.028069634094029378
3.1622776601683795,0.000257908253698899
2.23606797749979,0.0006917547609105488
1.4142135623730951,0.024135552987069767
1.0,0.16933746883973597
1.4142135623730951,0.03842482239730095
2.23606797749979,1.9314317471871493e-05
3.1622776601683795,0.002525792698521312
1.0,0.048567447563771265
2.0,0.002241324141829657
7.0710678118654755,0.00020719847776639786
6.082762530298219,0.0034241963738480237
5.0990195135927845,0.01675212066384758
4.123105625617661,0.004687111306862553
3.1622776601683795,0.0008729847688556685
2.23606797749979,0.0005281952351653272
1.4142135623730951,0.022700416993118054
1.0,0.10318712511326192
1.4142135623730951,0.013403380894488816
2.23606797749979,0.0018894917282504965
1.0,0.1610991045217711
8.06225774829855,0.0003972818932168306
7.0710678118654755,0.002367572825566996
6.082762530298219,0.0003781887564855154
5.0990195135927845,7.851482664298032e-05
4.123105625617661,0.00010787198527121693
3.1622776601683795,3.36013019933183e-05
2.23606797749979,0.0005153855857862813
1.4142135623730951,0.010415880547629206
1.0,0.30677328374032226
1.4142135623730951,0.06009246678471399
9.055385138137417,0.00014273773798292064
8.06225774829855,0.00021891474164730348
7.0710678118654755,0.00023563859072257248
6.082762530298219,0.0003471813486515904
5.0990195135927845,0.000397120772192963
4.123105625617661,0.0005411293421149832
3.1622776601683795,0.0026436807617355004
2.23606797749979,0.0008501339350482221
1.4142135623730951,0.10424029362116624
1.0,0.2235226225220912
1.0,0.5582195289265655
2.0,0.004611099382069074
3.0,0.00015673513781555568
4.0,0.00017473575879584528
5.0,9.009470985804331e-05
6.0,9.873464987932839e-05
7.0,8.988023645927412e-05
8.0,0.01553331828606899
9.0,0.008315191633666312
1.0,0.14610477303801833
2.0,0.0021277390095747724
3.0,0.0019445143745024655
4.0,0.0018049028940164411
5.0,0.035131541645235465
6.0,0.02534724030836385
7.0,0.024753653176886818
8.0,0.007200482106657434
1.0,0.2489526821619553
2.0,0.012214228285458734
3.0,0.0028085892778192253
4.0,0.15615909253765908
5.0,0.5155887244142182
6.0,0.040425903882838385
7.0,0.0011338403175952475
1.0,0.2845352306595828
2.0,0.004141460946916022
3.0,0.014711917835633073
4.0,0.1945539342080763
5.0,0.0780706671329504
6.0,0.015546942618395065
1.0,0.6392893240507592
2.0,0.07603178402860943
3.0,0.00550244338814822
4.0,0.007261410176717002
5.0,0.015994731404809285
1.0,0.3023563328405853
2.0,0.00209855780188536
3.0,0.0007902025805463853
4.0,0.012375892168226472
1.0,0.18160917927133793
2.0,0.0032220426417838345
3.0,0.006829405444568858
1.0,0.1853553248965566
2.0,0.0025381836328700743
1.0,0.6304426399234416
