Distance,Cosine Similarity
1.0,0.49355478725420526
2.0,0.16464427131113474
3.0,0.12037834461290021
4.0,0.010363121906281345
5.0,0.0008121736614701043
6.0,0.0034637961425534203
7.0,0.0
8.0,0.0
9.0,0.0
1.0,0.1855380592815499
1.4142135623730951,0.07782382922331756
2.23606797749979,0.0032001646788359793
3.1622776601683795,0.0016951141967059206
4.123105625617661,0.002133402493820849
5.0990195135927845,0.007259218548414267
6.082762530298219,0.0041985121575348954
7.0710678118654755,0.0
8.06225774829855,0.0
9.055385138137417,0.0
2.0,0.00011068197424388822
2.23606797749979,0.0005773828433028966
2.8284271247461903,0.0
3.605551275463989,0.0
4.47213595499958,0.0
5.385164807134504,0.0
6.324555320336759,0.0
7.280109889280518,0.0
8.246211251235321,0.00019284511414292433
9.219544457292887,0.0
3.0,0.0022766733573577067
3.1622776601683795,0.002705643781401373
3.605551275463989,0.0
4.242640687119285,0.0
5.0,0.0
5.830951894845301,0.0
6.708203932499369,0.0
7.615773105863909,0.0
8.54400374531753,0.0
9.486832980505138,0.0
4.0,0.0007764130433657335
4.123105625617661,0.0
4.47213595499958,0.0
5.0,0.0
5.656854249492381,0.0
6.4031242374328485,0.0
7.211102550927978,0.0
8.06225774829855,0.0
8.94427190999916,0.0
9.848857801796104,0.0
5.0,0.0
5.0990195135927845,0.0
5.385164807134504,0.0
5.830951894845301,0.0
6.4031242374328485,0.0
7.0710678118654755,0.0
7.810249675906654,0.0
8.602325267042627,0.0
9.433981132056603,0.0
10.295630140987,0.0
6.0,0.0
6.082762530298219,0.0
6.324555320336759,0.0
6.708203932499369,0.0
7.211102550927978,0.0
7.810249675906654,0.0
8.48528137423857,0.0
9.219544457292887,0.0
10.0,0.0
10.816653826391969,0.0
7.0,0.0
7.0710678118654755,0.0
7.280109889280518,0.0
7.615773105863909,0.0
8.06225774829855,0.0
8.602325267042627,0.0
9.219544457292887,0.0
9.899494936611665,0.0
10.63014581273465,0.0
11.40175425099138,0.0
8.0,0.0
8.06225774829855,0.0
8.246211251235321,0.0
8.54400374531753,0.0
8.94427190999916,0.0
9.433981132056603,0.0
10.0,0.0
10.63014581273465,0.0
11.313708498984761,0.0
12.041594578792296,0.0
9.0,0.0
9.055385138137417,0.0
9.219544457292887,0.0
9.486832980505138,0.0
9.848857801796104,0.0
10.295630140987,0.0
10.816653826391969,0.0
11.40175425099138,0.0
12.041594578792296,0.0
12.727922061357855,0.0
1.0,0.4352739678425814
2.0,0.21837897497334885
3.0,0.03979292870422089
4.0,0.007107101337828605
5.0,0.00399186555784026
6.0,0.0
7.0,0.0
8.0,0.0
1.4142135623730951,0.07598748817790175
1.0,0.12402257319540445
1.4142135623730951,0.04264487746417289
2.23606797749979,0.009777357445616716
3.1622776601683795,0.0024881691517168745
4.123105625617661,0.008365915113840501
5.0990195135927845,0.004838591933843484
6.082762530298219,0.0
7.0710678118654755,0.0
8.06225774829855,0.0
2.23606797749979,8.944956060555918e-05
2.0,0.0013339833149207123
2.23606797749979,6.762461612163818e-05
2.8284271247461903,0.0
3.605551275463989,0.0
4.47213595499958,0.0
5.385164807134504,0.0
6.324555320336759,0.0
7.280109889280518,0.0002222451141646656
8.246211251235321,0.0
3.1622776601683795,0.000806781550948154
3.0,0.0009652019676527394
3.1622776601683795,0.0
3.605551275463989,0.0
4.242640687119285,0.0
5.0,0.0
5.830951894845301,0.0
6.708203932499369,0.0
7.615773105863909,0.0
8.54400374531753,0.0
4.123105625617661,0.0002718853852752279
4.0,0.0
4.123105625617661,0.0
4.47213595499958,0.0
5.0,0.0
5.656854249492381,0.0
6.4031242374328485,0.0
7.211102550927978,0.0
8.06225774829855,0.0
8.94427190999916,0.0
5.0990195135927845,0.0
5.0,0.0
5.0990195135927845,0.0
5.385164807134504,0.0
5.830951894845301,0.0
6.4031242374328485,0.0
7.0710678118654755,0.0
7.810249675906654,0.0
8.602325267042627,0.0
9.433981132056603,0.0
6.082762530298219,0.0
6.0,0.0
6.082762530298219,0.0
6.324555320336759,0.0
6.708203932499369,0.0
7.211102550927978,0.0
7.810249675906654,0.0
8.48528137423857,0.0
9.219544457292887,0.0
10.0,0.0
7.0710678118654755,0.0
7.0,0.0
7.0710678118654755,0.0
7.280109889280518,0.0
7.615773105863909,0.0
8.06225774829855,0.0
8.602325267042627,0.0
9.219544457292887,0.0
9.899494936611665,0.0
10.63014581273465,0.0
8.06225774829855,0.0
8.0,0.0
8.06225774829855,0.0
8.246211251235321,0.0
8.54400374531753,0.0
8.94427190999916,0.0
9.433981132056603,0.0
10.0,0.0
10.63014581273465,0.0
11.313708498984761,0.0
9.055385138137417,0.0
9.0,0.0
9.055385138137417,0.0
9.219544457292887,0.0
9.486832980505138,0.0
9.848857801796104,0.0
10.295630140987,0.0
10.816653826391969,0.0
11.40175425099138,0.0
12.041594578792296,0.0
1.0,0.7189932717094918
2.0,0.20227001358784788
3.0,0.045038705009658286
4.0,0.003972447797611961
5.0,0.016553370701061127
6.0,0.013983653564890232
7.0,0.007752868426175015
2.23606797749979,0.0035783199110146534
1.4142135623730951,0.032325299509065035
1.0,0.09787442657697588
1.4142135623730951,0.07266544643152545
2.23606797749979,0.004951037631738834
3.1622776601683795,0.005095073281187695
4.123105625617661,0.0034149905780449996
5.0990195135927845,0.0027526546177146097
6.082762530298219,0.0015022489882050897
7.0710678118654755,0.0011917453995075932
2.8284271247461903,0.0002221741470343588
2.23606797749979,0.0014940189392529
2.0,0.00027224284348726686
2.23606797749979,0.0012792470475529668
2.8284271247461903,2.3167472245566e-05
3.605551275463989,0.0
4.47213595499958,0.0
5.385164807134504,0.0
6.324555320336759,1.2934228765437288e-06
7.280109889280518,0.0
3.605551275463989,8.732844956555086e-05
3.1622776601683795,0.0001287763372333057
3.0,1.4432526893792967e-06
3.1622776601683795,7.034229619164232e-07
3.605551275463989,4.489311276050822e-05
4.242640687119285,0.0
5.0,1.0597134818718115e-05
5.830951894845301,0.0
6.708203932499369,0.0
7.615773105863909,0.0
4.47213595499958,1.7099024169659523e-05
4.123105625617661,0.0
4.0,6.203475287455866e-06
4.123105625617661,0.0
4.47213595499958,5.153983862181654e-07
5.0,0.0
5.656854249492381,0.0
6.4031242374328485,1.0027527731635798e-05
7.211102550927978,0.0
8.06225774829855,0.0
5.385164807134504,0.0
5.0990195135927845,7.501604836136716e-05
5.0,0.0002715116094968492
5.0990195135927845,0.0
5.385164807134504,0.0
5.830951894845301,0.0
6.4031242374328485,0.0
7.0710678118654755,0.0
7.810249675906654,0.0
8.602325267042627,0.0
6.324555320336759,0.0
6.082762530298219,1.045861668223549e-05
6.0,1.749213367353582e-05
6.082762530298219,0.0
6.324555320336759,0.0
6.708203932499369,0.0
7.211102550927978,1.652709903633795e-05
7.810249675906654,0.0005929354093702097
8.48528137423857,8.402423545239233e-07
9.219544457292887,0.0
7.280109889280518,0.0
7.0710678118654755,0.0
7.0,1.179012130204101e-06
7.0710678118654755,0.0
7.280109889280518,0.0
7.615773105863909,0.0
8.06225774829855,0.0004351442866855075
8.602325267042627,0.002165845750481076
9.219544457292887,0.00014087027806192437
9.899494936611665,0.0
8.246211251235321,0.0
8.06225774829855,0.0
8.0,8.457582073872072e-06
8.06225774829855,0.0
8.246211251235321,0.0
8.54400374531753,0.0
8.94427190999916,0.0002302598795698138
9.433981132056603,0.0011872487888134233
10.0,2.086303079068861e-05
10.63014581273465,0.0
9.219544457292887,0.0
9.055385138137417,0.0
9.0,0.0
9.055385138137417,0.0
9.219544457292887,0.0
9.486832980505138,0.0
9.848857801796104,2.737644291246075e-05
10.295630140987,7.83069019299745e-05
10.816653826391969,0.0
11.40175425099138,0.0
1.0,0.33817117464374635
2.0,0.07355459598191448
3.0,0.016904954424520044
4.0,0.039586256669379545
5.0,0.036195736351202684
6.0,0.0216432718063234
3.1622776601683795,0.0033093863319132917
2.23606797749979,0.02109452006512903
1.4142135623730951,0.18745669282478827
1.0,0.3284677655097569
1.4142135623730951,0.1017852132294576
2.23606797749979,0.008982674378752614
3.1622776601683795,0.0003668808576786604
4.123105625617661,0.003699525203949711
5.0990195135927845,0.00473195002289024
6.082762530298219,0.0023376790332232974
3.605551275463989,0.0009646849679726013
2.8284271247461903,0.00015791191140652843
2.23606797749979,0.0003818768086325407
2.0,0.0028606660230400776
2.23606797749979,4.283290179189651e-05
2.8284271247461903,0.0
3.605551275463989,0.0
4.47213595499958,0.0
5.385164807134504,0.0
6.324555320336759,0.0
4.242640687119285,0.00016282000958944864
3.605551275463989,0.00019223606014976828
3.1622776601683795,0.0
3.0,0.0
3.1622776601683795,6.324259164491183e-05
3.605551275463989,0.0
4.242640687119285,0.0
5.0,0.0
5.830951894845301,0.0
6.708203932499369,0.0
5.0,5.516416666949936e-05
4.47213595499958,0.0
4.123105625617661,0.0
4.0,0.0
4.123105625617661,0.0
4.47213595499958,0.0
5.0,0.0
5.656854249492381,0.0
6.4031242374328485,0.0
7.211102550927978,0.0
5.830951894845301,0.0
5.385164807134504,0.0
5.0990195135927845,0.0
5.0,0.0
5.0990195135927845,0.0
5.385164807134504,0.0
5.830951894845301,0.0
6.4031242374328485,0.0
7.0710678118654755,0.0
7.810249675906654,0.0
6.708203932499369,0.0
6.324555320336759,0.0
6.082762530298219,0.0
6.0,0.0
6.082762530298219,0.0
6.324555320336759,3.681974387343087e-05
6.708203932499369,5.0961247155460623e-05
7.211102550927978,0.0
7.810249675906654,0.0
8.48528137423857,0.0
7.615773105863909,0.0
7.280109889280518,0.0
7.0710678118654755,0.0
7.0,0.0
7.0710678118654755,0.0
7.280109889280518,0.0
7.615773105863909,0.0
8.06225774829855,0.0
8.602325267042627,0.00031197730927867663
9.219544457292887,0.000508417049916477
8.54400374531753,0.0
8.246211251235321,0.0
8.06225774829855,0.0
8.0,0.00036015646619063827
8.06225774829855,0.0003700782553538076
8.246211251235321,2.605419391528493e-05
8.54400374531753,0.0
8.94427190999916,0.0012850961270941242
9.433981132056603,0.006613895449725858
10.0,0.00370586415347459
9.486832980505138,0.0
9.219544457292887,0.0
9.055385138137417,0.0
9.0,1.8646862331945045e-05
9.055385138137417,3.395883117869889e-05
9.219544457292887,2.274222162862159e-05
9.486832980505138,0.0
9.848857801796104,7.283452858146973e-05
10.295630140987,0.0006958222252826965
10.816653826391969,0.00012384440485238942
1.0,0.22256443972221288
2.0,0.003705866059997904
3.0,0.001357895354962685
4.0,2.219059123713181e-05
5.0,0.0
4.123105625617661,0.0005247858594204921
3.1622776601683795,0.002987595944964519
2.23606797749979,0.0057566227617758155
1.4142135623730951,0.04711428599968347
1.0,0.10296998538580826
1.4142135623730951,0.029642087590085714
2.23606797749979,0.00030713209095370957
3.1622776601683795,0.00015108838184082823
4.123105625617661,8.165414385427272e-06
5.0990195135927845,0.0
4.47213595499958,0.0
3.605551275463989,0.0
2.8284271247461903,0.0
2.23606797749979,2.7668848208364058e-06
2.0,0.0
2.23606797749979,0.0
2.8284271247461903,0.0
3.605551275463989,0.0
4.47213595499958,2.788441029281806e-06
5.385164807134504,0.0
5.0,0.0
4.242640687119285,0.0
3.605551275463989,0.0
3.1622776601683795,0.0
3.0,0.00017445406386228993
3.1622776601683795,0.0
3.605551275463989,6.156413294147545e-07
4.242640687119285,0.0
5.0,0.0
5.830951894845301,0.0
5.656854249492381,0.0
5.0,0.0
4.47213595499958,0.0
4.123105625617661,0.0
4.0,0.0
4.123105625617661,0.0
4.47213595499958,0.0
5.0,0.0
5.656854249492381,6.3484968841103315e-06
6.4031242374328485,2.8293830166261147e-06
6.4031242374328485,0.0
5.830951894845301,0.0
5.385164807134504,0.0
5.0990195135927845,0.0
5.0,0.0
5.0990195135927845,0.0
5.385164807134504,0.0
5.830951894845301,0.0
6.4031242374328485,0.0
7.0710678118654755,0.0
7.211102550927978,0.0
6.708203932499369,0.0
6.324555320336759,0.0
6.082762530298219,0.0
6.0,0.0
6.082762530298219,0.0
6.324555320336759,0.0
6.708203932499369,0.0
7.211102550927978,0.0
7.810249675906654,0.0
8.06225774829855,0.0
7.615773105863909,0.0
7.280109889280518,0.0
7.0710678118654755,0.0
7.0,0.0
7.0710678118654755,0.0
7.280109889280518,0.0
7.615773105863909,0.0
8.06225774829855,0.0
8.602325267042627,0.0
8.94427190999916,0.0
8.54400374531753,0.0
8.246211251235321,0.0
8.06225774829855,0.0
8.0,0.0
8.06225774829855,0.0
8.246211251235321,0.0
8.54400374531753,0.0
8.94427190999916,0.0
9.433981132056603,0.0
9.848857801796104,0.0
9.486832980505138,0.0
9.219544457292887,0.0
9.055385138137417,0.0
9.0,0.0
9.055385138137417,0.0
9.219544457292887,0.0
9.486832980505138,0.0
9.848857801796104,0.0
10.295630140987,0.0
1.0,0.6759434638607852
2.0,0.32495822780478795
3.0,0.015347269275136622
4.0,2.5871370956727487e-05
5.0990195135927845,9.536697144649548e-06
4.123105625617661,0.011948473325276748
3.1622776601683795,0.0006218577617704806
2.23606797749979,0.007819669256578019
1.4142135623730951,0.18944097834335621
1.0,0.4329502171434812
1.4142135623730951,0.08903289580921442
2.23606797749979,0.01079958510774588
3.1622776601683795,0.0011451785918946467
4.123105625617661,0.0
5.385164807134504,0.0
4.47213595499958,0.0
3.605551275463989,0.0
2.8284271247461903,0.0
2.23606797749979,3.3958330533650014e-07
2.0,0.00017956279191247765
2.23606797749979,1.8175912195023694e-05
2.8284271247461903,2.7283469561553543e-05
3.605551275463989,0.0
4.47213595499958,0.0
5.830951894845301,0.0
5.0,0.0
4.242640687119285,0.0
3.605551275463989,0.0
3.1622776601683795,0.0014480339558681663
3.0,0.0
3.1622776601683795,0.000126075914912375
3.605551275463989,0.0
4.242640687119285,0.0
5.0,0.0
6.4031242374328485,0.0
5.656854249492381,0.0
5.0,0.0
4.47213595499958,0.0
4.123105625617661,3.347420308390675e-05
4.0,0.0
4.123105625617661,0.0
4.47213595499958,0.0
5.0,0.0013000955503481987
5.656854249492381,0.0005794234977657819
7.0710678118654755,0.0
6.4031242374328485,0.0
5.830951894845301,0.0
5.385164807134504,0.0
5.0990195135927845,0.0
5.0,0.0
5.0990195135927845,6.878689352943876e-07
5.385164807134504,0.0
5.830951894845301,0.0
6.4031242374328485,1.109689856697802e-07
7.810249675906654,0.0
7.211102550927978,0.0
6.708203932499369,0.0
6.324555320336759,0.0
6.082762530298219,0.0
6.0,0.00019885488341066083
6.082762530298219,0.00015258730721879273
6.324555320336759,0.0
6.708203932499369,0.0
7.211102550927978,0.0
8.602325267042627,0.0
8.06225774829855,0.0
7.615773105863909,3.909498731189749e-06
7.280109889280518,0.0
7.0710678118654755,0.0
7.0,0.0
7.0710678118654755,0.0
7.280109889280518,0.0
7.615773105863909,0.0
8.06225774829855,0.0
9.433981132056603,0.0
8.94427190999916,0.0
8.54400374531753,0.0005493048242098369
8.246211251235321,0.0
8.06225774829855,0.0
8.0,0.0
8.06225774829855,0.0
8.246211251235321,0.0
8.54400374531753,0.0
8.94427190999916,0.0
10.295630140987,0.0
9.848857801796104,0.0
9.486832980505138,0.0
9.219544457292887,0.0
9.055385138137417,0.0
9.0,6.122705563046786e-05
9.055385138137417,0.0
9.219544457292887,0.0
9.486832980505138,0.0
9.848857801796104,0.0
1.0,0.6399204316678567
2.0,0.01480081823705645
3.0,4.32647042826291e-05
6.082762530298219,0.0006518724831219495
5.0990195135927845,0.014890396027282857
4.123105625617661,0.0
3.1622776601683795,0.0006827295141419301
2.23606797749979,0.003684562252197389
1.4142135623730951,0.065191396562158
1.0,0.22240382288864763
1.4142135623730951,0.07413943159338197
2.23606797749979,0.0022137132629980075
3.1622776601683795,3.6450511667049044e-06
6.324555320336759,0.0
5.385164807134504,0.0
4.47213595499958,0.0
3.605551275463989,0.0
2.8284271247461903,0.0
2.23606797749979,1.1675233975867038e-05
2.0,0.001127737804552489
2.23606797749979,0.00171216203504371
2.8284271247461903,4.215687947928262e-06
3.605551275463989,0.0
6.708203932499369,0.0
5.830951894845301,0.0
5.0,0.0
4.242640687119285,0.0
3.605551275463989,2.478423519045755e-05
3.1622776601683795,0.0
3.0,7.418654055977801e-05
3.1622776601683795,0.0
3.605551275463989,0.0
4.242640687119285,0.0
7.211102550927978,0.0
6.4031242374328485,0.0
5.656854249492381,0.0
5.0,0.0
4.47213595499958,2.839332911957708e-05
4.123105625617661,0.0
4.0,0.0
4.123105625617661,0.0
4.47213595499958,0.0007650120274322636
5.0,0.0003409487438434633
7.810249675906654,0.0
7.0710678118654755,0.0
6.4031242374328485,0.0
5.830951894845301,0.0
5.385164807134504,0.0
5.0990195135927845,0.0
5.0,4.1797665244750664e-05
5.0990195135927845,0.0
5.385164807134504,0.0
5.830951894845301,0.0
8.48528137423857,0.0
7.810249675906654,0.0
7.211102550927978,0.0
6.708203932499369,0.0
6.324555320336759,0.0
6.082762530298219,0.00066691127351274
6.0,0.0008403290283257208
6.082762530298219,0.0
6.324555320336759,0.0
6.708203932499369,0.0
9.219544457292887,0.0
8.602325267042627,0.0
8.06225774829855,4.421798997205293e-05
7.615773105863909,0.0
7.280109889280518,0.0
7.0710678118654755,0.0
7.0,0.0
7.0710678118654755,0.0
7.280109889280518,0.0
7.615773105863909,0.0
10.0,0.0
9.433981132056603,0.0
8.94427190999916,0.00046592872193751
8.54400374531753,0.0
8.246211251235321,0.0
8.06225774829855,0.0
8.0,0.0
8.06225774829855,0.0
8.246211251235321,0.0
8.54400374531753,0.0
10.816653826391969,0.0
10.295630140987,0.0
9.848857801796104,0.0
9.486832980505138,0.0
9.219544457292887,0.0
9.055385138137417,4.065617749334769e-06
9.0,0.0
9.055385138137417,0.0
9.219544457292887,0.0
9.486832980505138,0.0
1.0,0.4882494945619225
2.0,0.034310261915988925
7.0710678118654755,0.0
6.082762530298219,0.0043335691257354505
5.0990195135927845,0.0
4.123105625617661,0.00408593028273258
3.1622776601683795,6.738529960274565e-05
2.23606797749979,0.004762974498806968
1.4142135623730951,0.1033455194406479
1.0,0.19065769484554387
1.4142135623730951,0.08901089584171205
2.23606797749979,0.0031362243157102773
7.280109889280518,0.0
6.324555320336759,0.0
5.385164807134504,0.0
4.47213595499958,0.0
3.605551275463989,0.0
2.8284271247461903,0.0
2.23606797749979,0.0008572661892844031
2.0,0.0012764518324193338
2.23606797749979,0.0
2.8284271247461903,0.0
7.615773105863909,1.625088905194779e-05
6.708203932499369,0.0
5.830951894845301,0.0
5.0,0.0
4.242640687119285,0.0
3.605551275463989,0.0
3.1622776601683795,1.0536310945216373e-05
3.0,0.0
3.1622776601683795,0.0
3.605551275463989,0.0
8.06225774829855,0.0
7.211102550927978,0.0
6.4031242374328485,0.0
5.656854249492381,0.0
5.0,9.923264668737043e-08
4.47213595499958,0.0
4.123105625617661,0.0
4.0,0.0
4.123105625617661,0.00010865049828495259
4.47213595499958,4.842309608197755e-05
8.602325267042627,0.0
7.810249675906654,0.0
7.0710678118654755,0.0
6.4031242374328485,0.0
5.830951894845301,0.0
5.385164807134504,0.0
5.0990195135927845,2.9336811437912995e-05
5.0,0.0
5.0990195135927845,0.0
5.385164807134504,0.0
9.219544457292887,0.0
8.48528137423857,0.0
7.810249675906654,0.0
7.211102550927978,2.3290305388790366e-05
6.708203932499369,0.00025088776984360085
6.324555320336759,0.0006851378567014708
6.082762530298219,0.0007404817056143834
6.0,0.0
6.082762530298219,8.104088158296656e-06
6.324555320336759,0.0
9.899494936611665,0.0
9.219544457292887,0.0
8.602325267042627,1.6491044830959808e-05
8.06225774829855,5.465795175068001e-05
7.615773105863909,0.0008139187540747859
7.280109889280518,0.00010493066408035317
7.0710678118654755,0.0
7.0,0.0
7.0710678118654755,7.3243020497116835e-06
7.280109889280518,1.2052681525095557e-05
10.63014581273465,0.0
10.0,0.0
9.433981132056603,1.628387430399767e-06
8.94427190999916,0.0
8.54400374531753,0.0
8.246211251235321,0.0
8.06225774829855,0.0
8.0,0.0
8.06225774829855,0.0
8.246211251235321,0.0
11.40175425099138,0.0
10.816653826391969,0.0
10.295630140987,0.0
9.848857801796104,0.0
9.486832980505138,0.0
9.219544457292887,0.0
9.055385138137417,0.0
9.0,0.0
9.055385138137417,0.0
9.219544457292887,0.0
1.0,0.5816455332771474
8.06225774829855,0.0
7.0710678118654755,0.000672632572904604
6.082762530298219,0.0
5.0990195135927845,0.006737934243467646
4.123105625617661,0.0
3.1622776601683795,0.0
2.23606797749979,0.006261807475773082
1.4142135623730951,0.14099235017348494
1.0,0.2225978048638155
1.4142135623730951,0.2663910652065497
8.246211251235321,3.1419014601982368e-06
7.280109889280518,0.0
6.324555320336759,0.0
5.385164807134504,1.4115188655746532e-05
4.47213595499958,0.0
3.605551275463989,0.0
2.8284271247461903,0.0
2.23606797749979,2.6803096656971337e-05
2.0,0.001087019123377115
2.23606797749979,0.0030172273171463243
8.54400374531753,4.8576968644834966e-05
7.615773105863909,0.0
6.708203932499369,0.0
5.830951894845301,0.0
5.0,0.0
4.242640687119285,0.0
3.605551275463989,0.0
3.1622776601683795,0.0
3.0,8.326162284179355e-05
3.1622776601683795,0.0
8.94427190999916,0.0
8.06225774829855,0.0
7.211102550927978,0.0
6.4031242374328485,0.0
5.656854249492381,0.0
5.0,0.0
4.47213595499958,0.0
4.123105625617661,0.0
4.0,0.0
4.123105625617661,0.024120377916359
9.433981132056603,0.0
8.602325267042627,0.0
7.810249675906654,0.0
7.0710678118654755,3.462198094883957e-07
6.4031242374328485,0.0
5.830951894845301,0.0
5.385164807134504,0.0
5.0990195135927845,0.0
5.0,0.0
5.0990195135927845,0.001148794603887983
10.0,0.0
9.219544457292887,0.0
8.48528137423857,0.0
7.810249675906654,0.0
7.211102550927978,0.0
6.708203932499369,1.1049354941641297e-05
6.324555320336759,8.160474622951843e-06
6.082762530298219,0.0
6.0,0.0019745964317356784
6.082762530298219,0.0
10.63014581273465,0.0
9.899494936611665,0.0
9.219544457292887,0.0
8.602325267042627,0.0
8.06225774829855,0.0
7.615773105863909,0.0
7.280109889280518,0.0
7.0710678118654755,0.0
7.0,0.0017845981447658379
7.0710678118654755,0.0029366884302628833
11.313708498984761,0.0
10.63014581273465,0.0
10.0,0.0
9.433981132056603,0.0
8.94427190999916,0.0
8.54400374531753,0.0
8.246211251235321,0.0
8.06225774829855,0.0
8.0,0.0
8.06225774829855,0.0
12.041594578792296,0.0
11.40175425099138,0.0
10.816653826391969,0.0
10.295630140987,0.0
9.848857801796104,0.0
9.486832980505138,0.0
9.219544457292887,0.0
9.055385138137417,0.0
9.0,0.0
9.055385138137417,0.0
9.055385138137417,0.0
8.06225774829855,0.001082506142058446
7.0710678118654755,0.0
6.082762530298219,0.0014575473719633891
5.0990195135927845,0.0
4.123105625617661,0.0
3.1622776601683795,7.689670231043347e-05
2.23606797749979,0.003593359972781466
1.4142135623730951,0.07139263077728873
1.0,0.4145519855178527
9.219544457292887,0.0
8.246211251235321,0.0
7.280109889280518,0.0
6.324555320336759,0.0
5.385164807134504,0.0
4.47213595499958,0.0
3.605551275463989,0.0
2.8284271247461903,0.0
2.23606797749979,7.204086832827707e-06
2.0,0.007136192278208696
9.486832980505138,9.412341776404116e-06
8.54400374531753,0.0
7.615773105863909,0.0
6.708203932499369,0.0
5.830951894845301,0.0
5.0,0.0
4.242640687119285,0.0
3.605551275463989,0.0
3.1622776601683795,0.0
3.0,0.0
9.848857801796104,0.0
8.94427190999916,0.0
8.06225774829855,0.0
7.211102550927978,0.0
6.4031242374328485,0.0
5.656854249492381,0.0
5.0,0.0
4.47213595499958,0.0
4.123105625617661,0.0
4.0,0.046535043157325796
10.295630140987,0.0
9.433981132056603,0.0
8.602325267042627,0.0
7.810249675906654,0.0
7.0710678118654755,0.0
6.4031242374328485,0.0
5.830951894845301,0.0
5.385164807134504,0.0
5.0990195135927845,0.0
5.0,0.0022163502850663474
10.816653826391969,0.0
10.0,0.0
9.219544457292887,0.0
8.48528137423857,0.0
7.810249675906654,0.0
7.211102550927978,0.0
6.708203932499369,0.0
6.324555320336759,0.0
6.082762530298219,0.0034507301836553825
6.0,0.0
11.40175425099138,0.0
10.63014581273465,0.0
9.899494936611665,0.0
9.219544457292887,0.0
8.602325267042627,0.0
8.06225774829855,0.0
7.615773105863909,0.0
7.280109889280518,0.0
7.0710678118654755,0.003118696349727432
7.0,0.005132045841586016
12.041594578792296,0.0
11.313708498984761,0.0
10.63014581273465,0.0
10.0,0.0
9.433981132056603,0.0
8.94427190999916,0.0
8.54400374531753,0.0
8.246211251235321,0.0
8.06225774829855,0.0
8.0,0.0
12.727922061357855,0.0
12.041594578792296,0.0
11.40175425099138,0.0
10.816653826391969,0.0
10.295630140987,0.0
9.848857801796104,0.0
9.486832980505138,0.0
9.219544457292887,0.0
9.055385138137417,0.0
9.0,0.0
1.0,0.3224273975296045
2.0,0.0033755589852436083
3.0,1.8409857168359176e-05
4.0,0.0004014977567705137
5.0,0.0013661556933288093
6.0,0.0007901430779735204
7.0,0.0
8.0,0.0
9.0,0.0
1.0,0.20719321611521713
1.4142135623730951,0.1171178235846042
2.23606797749979,0.0014807588540736007
3.1622776601683795,1.7205819453999786e-05
4.123105625617661,0.00015749180301095935
5.0990195135927845,0.0
6.082762530298219,0.0
7.0710678118654755,0.0
8.06225774829855,3.6292673771965525e-05
9.055385138137417,0.0
2.0,0.007526391332657455
2.23606797749979,0.011859610851979443
2.8284271247461903,0.0011021514781671341
3.605551275463989,0.00037303970718507973
4.47213595499958,0.0
5.385164807134504,0.0
6.324555320336759,0.0
7.280109889280518,0.0
8.246211251235321,0.0
9.219544457292887,0.0
3.0,0.00028811931672174766
3.1622776601683795,0.0
3.605551275463989,0.0
4.242640687119285,0.0
5.0,0.0
5.830951894845301,0.0
6.708203932499369,0.0
7.615773105863909,0.0
8.54400374531753,0.0
9.486832980505138,0.0
4.0,0.0004765364933190381
4.123105625617661,0.0
4.47213595499958,0.0
5.0,0.0
5.656854249492381,0.0
6.4031242374328485,0.0
7.211102550927978,0.0
8.06225774829855,0.0
8.94427190999916,0.0
9.848857801796104,0.0
5.0,0.0
5.0990195135927845,0.0
5.385164807134504,0.0
5.830951894845301,0.0
6.4031242374328485,0.0
7.0710678118654755,0.0
7.810249675906654,3.646286215490728e-05
8.602325267042627,0.0
9.433981132056603,0.0
10.295630140987,0.0
6.0,8.286851313946114e-06
6.082762530298219,0.0
6.324555320336759,0.0
6.708203932499369,0.0
7.211102550927978,0.0
7.810249675906654,0.0
8.48528137423857,0.0
9.219544457292887,0.0
10.0,0.0
10.816653826391969,0.0
7.0,0.0004289358014389584
7.0710678118654755,1.1902933544910687e-05
7.280109889280518,0.0
7.615773105863909,0.0
8.06225774829855,0.0
8.602325267042627,0.0
9.219544457292887,0.0
9.899494936611665,0.0
10.63014581273465,0.0
11.40175425099138,0.0
8.0,0.0009036005005908899
8.06225774829855,0.0006298702351399119
8.246211251235321,0.0
8.54400374531753,0.0
8.94427190999916,0.0
9.433981132056603,0.0
10.0,0.0
10.63014581273465,0.0
11.313708498984761,0.0
12.041594578792296,0.0
1.0,0.3284182528158292
2.0,0.02078390549933819
3.0,0.00444130269668602
4.0,0.015716701492734696
5.0,0.022265120760253717
6.0,0.00882022677257672
7.0,0.013381598361868448
8.0,0.0009340852247111667
1.4142135623730951,0.0702662368698554
1.0,0.37893046118051643
1.4142135623730951,0.09120175761443673
2.23606797749979,0.01058186439475253
3.1622776601683795,9.729678274107175e-05
4.123105625617661,0.0
5.0990195135927845,0.0
6.082762530298219,5.404599692553257e-05
7.0710678118654755,0.0006051555751962946
8.06225774829855,0.0
2.23606797749979,0.005530612686033752
2.0,0.019017170121503398
2.23606797749979,0.0033652743647154563
2.8284271247461903,0.00015947406329939177
3.605551275463989,5.7598332771005006e-05
4.47213595499958,0.0
5.385164807134504,0.0
6.324555320336759,0.0
7.280109889280518,0.0
8.246211251235321,0.0
3.1622776601683795,0.00027748089096439474
3.0,0.0029501956934868557
3.1622776601683795,0.00033663749843462515
3.605551275463989,0.0
4.242640687119285,5.3240162746381586e-06
5.0,0.0
5.830951894845301,0.0
6.708203932499369,0.0
7.615773105863909,0.0
8.54400374531753,0.0
4.123105625617661,0.0006391593758567457
4.0,0.0005809625092294651
4.123105625617661,9.69558102337516e-05
4.47213595499958,0.0
5.0,7.092654034635942e-05
5.656854249492381,0.0
6.4031242374328485,0.0
7.211102550927978,0.0
8.06225774829855,0.0
8.94427190999916,0.0
5.0990195135927845,2.942483188355399e-05
5.0,0.006316617623136906
5.0990195135927845,0.00018188405572648226
5.385164807134504,0.0
5.830951894845301,0.0
6.4031242374328485,0.0
7.0710678118654755,3.0415029392332544e-05
7.810249675906654,0.0005185774507612493
8.602325267042627,7.348704957483654e-07
9.433981132056603,0.0
6.082762530298219,0.0
6.0,0.001951838508283647
6.082762530298219,6.705722972910085e-06
6.324555320336759,0.0
6.708203932499369,0.0
7.211102550927978,0.0
7.810249675906654,0.00042699704861368104
8.48528137423857,0.004670416434024935
9.219544457292887,0.0006322074943046428
10.0,0.0
7.0710678118654755,1.3460518656798944e-06
7.0,5.817886420335187e-06
7.0710678118654755,9.006086893969525e-05
7.280109889280518,0.0
7.615773105863909,0.0
8.06225774829855,0.0
8.602325267042627,0.0
9.219544457292887,0.0034651076762698004
9.899494936611665,8.626660158035587e-05
10.63014581273465,0.0
8.06225774829855,0.0
8.0,0.0
8.06225774829855,0.0
8.246211251235321,0.0
8.54400374531753,0.0
8.94427190999916,0.0
9.433981132056603,0.0
10.0,0.0
10.63014581273465,0.0
11.313708498984761,0.0
1.0,0.4374459730420012
2.0,0.04598118498872407
3.0,0.0005649459069998505
4.0,0.006793827733566965
5.0,0.006710717248664296
6.0,0.0003243219183492522
7.0,0.00010574416447518847
2.23606797749979,0.0010252392595425156
1.4142135623730951,0.1720545808613867
1.0,0.30968511422601874
1.4142135623730951,0.17251943403361372
2.23606797749979,0.0008655705485562267
3.1622776601683795,0.0
4.123105625617661,0.0007847930056397234
5.0990195135927845,0.0005452210322290293
6.082762530298219,3.324204635509126e-05
7.0710678118654755,0.0
2.8284271247461903,0.00010792145962407983
2.23606797749979,0.004135185980093257
2.0,0.012201356749137962
2.23606797749979,4.9822509724565255e-06
2.8284271247461903,0.0
3.605551275463989,0.0
4.47213595499958,0.0
5.385164807134504,0.0
6.324555320336759,0.0
7.280109889280518,0.0
3.605551275463989,3.5757330964360137e-06
3.1622776601683795,0.0029509629671651814
3.0,0.0
3.1622776601683795,0.0
3.605551275463989,0.0
4.242640687119285,0.0
5.0,0.0
5.830951894845301,0.0
6.708203932499369,0.0
7.615773105863909,0.0
4.47213595499958,0.0
4.123105625617661,0.0
4.0,0.0
4.123105625617661,0.0
4.47213595499958,0.0
5.0,0.0
5.656854249492381,0.0
6.4031242374328485,0.0
7.211102550927978,0.0
8.06225774829855,0.0
5.385164807134504,0.0
5.0990195135927845,0.0
5.0,0.0
5.0990195135927845,0.0
5.385164807134504,0.0
5.830951894845301,0.0
6.4031242374328485,3.915579207859954e-05
7.0710678118654755,0.0
7.810249675906654,0.0
8.602325267042627,0.0
6.324555320336759,0.0
6.082762530298219,0.0
6.0,0.0
6.082762530298219,0.0
6.324555320336759,0.0
6.708203932499369,0.0
7.211102550927978,0.0
7.810249675906654,0.0
8.48528137423857,0.0
9.219544457292887,0.0
7.280109889280518,0.0
7.0710678118654755,0.0
7.0,0.0
7.0710678118654755,0.0
7.280109889280518,0.0
7.615773105863909,0.0
8.06225774829855,0.0
8.602325267042627,0.0
9.219544457292887,0.0
9.899494936611665,0.0
8.246211251235321,0.0
8.06225774829855,0.0
8.0,0.0
8.06225774829855,0.0
8.246211251235321,0.0
8.54400374531753,0.0
8.94427190999916,0.0
9.433981132056603,0.0
10.0,0.0
10.63014581273465,0.0
1.0,0.35472053384101354
2.0,0.012331652617242369
3.0,0.011256663424650279
4.0,0.011332507739706002
5.0,0.011126057034139656
6.0,0.0010769815515149126
3.1622776601683795,3.3167767435340465e-05
2.23606797749979,0.004355871719708134
1.4142135623730951,0.03319699404370114
1.0,0.1710729853304489
1.4142135623730951,0.04432475745461417
2.23606797749979,0.0011357061341833062
3.1622776601683795,0.0010171062731108885
4.123105625617661,0.0006726716015273122
5.0990195135927845,8.903583256593455e-05
6.082762530298219,0.0
3.605551275463989,0.0
2.8284271247461903,6.299253810630414e-06
2.23606797749979,0.00013411233410940925
2.0,0.0006664260550492638
2.23606797749979,0.00029643440371632143
2.8284271247461903,0.0
3.605551275463989,0.0
4.47213595499958,0.0
5.385164807134504,0.0
6.324555320336759,0.0
4.242640687119285,0.0
3.605551275463989,0.0
3.1622776601683795,0.0
3.0,4.59731829348821e-06
3.1622776601683795,0.0
3.605551275463989,0.0
4.242640687119285,0.0
5.0,0.0
5.830951894845301,0.0
6.708203932499369,0.0
5.0,0.0
4.47213595499958,0.0
4.123105625617661,0.0
4.0,0.0
4.123105625617661,0.0
4.47213595499958,0.0
5.0,0.0
5.656854249492381,0.0
6.4031242374328485,0.0
7.211102550927978,0.0
5.830951894845301,0.0
5.385164807134504,0.0
5.0990195135927845,0.0
5.0,0.0
5.0990195135927845,0.0
5.385164807134504,4.869762786335096e-06
5.830951894845301,5.234362774780767e-05
6.4031242374328485,0.0
7.0710678118654755,0.0
7.810249675906654,0.0
6.708203932499369,0.0
6.324555320336759,0.0
6.082762530298219,9.182379760840154e-07
6.0,0.0
6.082762530298219,0.0
6.324555320336759,0.0
6.708203932499369,0.0
7.211102550927978,0.0
7.810249675906654,0.0
8.48528137423857,0.0
7.615773105863909,0.0
7.280109889280518,0.0
7.0710678118654755,0.0
7.0,0.0
7.0710678118654755,0.0
7.280109889280518,0.0
7.615773105863909,0.0
8.06225774829855,0.0
8.602325267042627,0.0
9.219544457292887,1.2404920265388341e-05
8.54400374531753,0.0
8.246211251235321,0.0
8.06225774829855,0.0
8.0,0.0
8.06225774829855,0.0
8.246211251235321,0.0
8.54400374531753,0.0
8.94427190999916,0.0
9.433981132056603,0.0022962267630882885
10.0,0.008877611493007864
1.0,0.3785111822235796
2.0,0.03419084792312842
3.0,0.0065073662735182025
4.0,0.0001245230619740849
5.0,0.00010450797921580864
4.123105625617661,0.0004496768337737148
3.1622776601683795,0.0040209010783291465
2.23606797749979,0.005300227127371253
1.4142135623730951,0.12545660256507493
1.0,0.3932272642433915
1.4142135623730951,0.1275199502448933
2.23606797749979,0.007149698531390048
3.1622776601683795,0.0005270749460744787
4.123105625617661,2.5965036079319295e-06
5.0990195135927845,0.0
4.47213595499958,0.0
3.605551275463989,0.0
2.8284271247461903,0.0
2.23606797749979,0.0
2.0,0.002316914036130701
2.23606797749979,3.0483013074259573e-05
2.8284271247461903,1.7677981898101243e-06
3.605551275463989,0.0
4.47213595499958,0.0
5.385164807134504,0.0
5.0,0.0
4.242640687119285,0.0
3.605551275463989,0.0
3.1622776601683795,0.0
3.0,7.490252915106639e-07
3.1622776601683795,0.0
3.605551275463989,0.0
4.242640687119285,0.0
5.0,0.0
5.830951894845301,0.0
5.656854249492381,0.0
5.0,0.0
4.47213595499958,0.0
4.123105625617661,0.0
4.0,0.0
4.123105625617661,0.0
4.47213595499958,3.546329179957195e-07
5.0,0.0
5.656854249492381,0.0
6.4031242374328485,7.286144641794812e-05
6.4031242374328485,0.0
5.830951894845301,0.0
5.385164807134504,0.0
5.0990195135927845,0.0
5.0,0.0
5.0990195135927845,0.00022857234465522414
5.385164807134504,0.00027775361853886856
5.830951894845301,0.0
6.4031242374328485,0.0
7.0710678118654755,0.0
7.211102550927978,0.0
6.708203932499369,0.0
6.324555320336759,0.0
6.082762530298219,0.0
6.0,0.0
6.082762530298219,0.0
6.324555320336759,0.0
6.708203932499369,0.0
7.211102550927978,0.0
7.810249675906654,0.0
8.06225774829855,0.0
7.615773105863909,3.0793926901255616e-08
7.280109889280518,1.2291351792622507e-05
7.0710678118654755,0.0
7.0,0.0
7.0710678118654755,0.0
7.280109889280518,0.0
7.615773105863909,0.0
8.06225774829855,0.0
8.602325267042627,0.0
8.94427190999916,0.0
8.54400374531753,0.0
8.246211251235321,0.0
8.06225774829855,0.0
8.0,0.0
8.06225774829855,2.1896976573743013e-05
8.246211251235321,0.0
8.54400374531753,0.0
8.94427190999916,0.0
9.433981132056603,0.0
1.0,0.2682163627658039
2.0,0.014918240158829164
3.0,0.00018421685320488127
4.0,0.000154606952003349
5.0990195135927845,3.134626008022597e-06
4.123105625617661,4.155751112282792e-05
3.1622776601683795,9.375604947880243e-05
2.23606797749979,0.0028922712919975677
1.4142135623730951,0.038479615349053996
1.0,0.12065398494022943
1.4142135623730951,0.053591088056310035
2.23606797749979,0.001526969213540844
3.1622776601683795,8.834988806058282e-06
4.123105625617661,0.0
5.385164807134504,0.0
4.47213595499958,0.0
3.605551275463989,0.0
2.8284271247461903,0.0
2.23606797749979,0.002250290462072893
2.0,1.0116048354370512e-05
2.23606797749979,0.00010122995543952435
2.8284271247461903,0.0
3.605551275463989,0.0
4.47213595499958,0.0
5.830951894845301,0.0
5.0,0.0
4.242640687119285,0.0
3.605551275463989,0.0
3.1622776601683795,3.6558015552977524e-05
3.0,0.0
3.1622776601683795,0.0
3.605551275463989,1.7118190227171282e-06
4.242640687119285,1.4257097390687724e-05
5.0,6.354069311203476e-06
6.4031242374328485,0.0
5.656854249492381,0.0
5.0,0.0
4.47213595499958,0.0
4.123105625617661,0.0
4.0,0.0
4.123105625617661,4.526476977668335e-06
4.47213595499958,0.0
5.0,0.0
5.656854249492381,0.0002707603511253228
7.0710678118654755,0.0
6.4031242374328485,0.0
5.830951894845301,0.0
5.385164807134504,0.0
5.0990195135927845,0.0
5.0,0.0
5.0990195135927845,9.350295835573525e-05
5.385164807134504,0.0
5.830951894845301,0.0
6.4031242374328485,0.0
7.810249675906654,0.0
7.211102550927978,0.0
6.708203932499369,1.3302931256113955e-05
6.324555320336759,0.0
6.082762530298219,0.0
6.0,0.0
6.082762530298219,0.0
6.324555320336759,0.0
6.708203932499369,0.0
7.211102550927978,0.0
8.602325267042627,0.0
8.06225774829855,0.0
7.615773105863909,0.0006073873190211913
7.280109889280518,0.0
7.0710678118654755,0.0
7.0,0.0
7.0710678118654755,0.0
7.280109889280518,0.0
7.615773105863909,0.0
8.06225774829855,0.0
9.433981132056603,0.0
8.94427190999916,9.133467343138875e-05
8.54400374531753,0.00036618735549307467
8.246211251235321,0.00014236359123050456
8.06225774829855,0.0
8.0,0.00017879782925207517
8.06225774829855,0.0
8.246211251235321,0.0
8.54400374531753,0.0
8.94427190999916,0.0
1.0,0.43093591112033275
2.0,0.02126521258910719
3.0,0.0025679461736721025
6.082762530298219,0.0
5.0990195135927845,0.0001756055368468782
4.123105625617661,0.0008418931886211015
3.1622776601683795,0.0
2.23606797749979,0.000646199722479138
1.4142135623730951,0.029042168773529345
1.0,0.273262308605728
1.4142135623730951,0.09455892559218049
2.23606797749979,0.00044558713761337816
3.1622776601683795,0.0
6.324555320336759,0.0
5.385164807134504,0.0
4.47213595499958,0.0
3.605551275463989,0.0
2.8284271247461903,1.0417582914458507e-05
2.23606797749979,7.367972214449185e-07
2.0,0.00679194929652552
2.23606797749979,0.001284076717823454
2.8284271247461903,0.0
3.605551275463989,0.0
6.708203932499369,0.0
5.830951894845301,0.0
5.0,0.0
4.242640687119285,0.0
3.605551275463989,3.31930151921665e-05
3.1622776601683795,0.0
3.0,0.0
3.1622776601683795,0.000993712567798308
3.605551275463989,1.5620347691707043e-05
4.242640687119285,6.961639468285633e-06
7.211102550927978,0.0
6.4031242374328485,0.0
5.656854249492381,0.0
5.0,0.0
4.47213595499958,0.0
4.123105625617661,0.0
4.0,0.00023785465556349386
4.123105625617661,0.0
4.47213595499958,0.0
5.0,0.00011274551700947778
7.810249675906654,0.0
7.0710678118654755,0.0
6.4031242374328485,0.0
5.830951894845301,0.0
5.385164807134504,0.0
5.0990195135927845,1.0293019355205331e-05
5.0,0.002812584327339497
5.0990195135927845,0.0
5.385164807134504,0.0
5.830951894845301,0.0
8.48528137423857,0.0
7.810249675906654,0.0
7.211102550927978,0.00013272559990841384
6.708203932499369,0.0
6.324555320336759,0.0
6.082762530298219,0.0
6.0,0.0
6.082762530298219,0.0
6.324555320336759,0.0
6.708203932499369,0.0
9.219544457292887,0.0
8.602325267042627,0.0
8.06225774829855,0.0005446905884338531
7.615773105863909,0.0
7.280109889280518,0.0
7.0710678118654755,0.0
7.0,0.0
7.0710678118654755,0.0
7.280109889280518,0.0
7.615773105863909,0.0
10.0,0.0
9.433981132056603,0.0
8.94427190999916,0.0
8.54400374531753,0.0
8.246211251235321,0.0
8.06225774829855,3.782638517064237e-05
8.0,0.0
8.06225774829855,0.0
8.246211251235321,0.0
8.54400374531753,0.0
1.0,0.3380658033800703
2.0,0.005627776461164106
7.0710678118654755,0.0
6.082762530298219,0.00016369631169712982
5.0990195135927845,0.001001741140769762
4.123105625617661,4.0125383093485516e-05
3.1622776601683795,0.0
2.23606797749979,0.002521830837295492
1.4142135623730951,0.13919802348513396
1.0,0.26112109274716355
1.4142135623730951,0.08987214286906184
2.23606797749979,0.002339041692917924
7.280109889280518,1.9620928951489986e-06
6.324555320336759,0.0
5.385164807134504,0.0
4.47213595499958,0.0
3.605551275463989,0.0
2.8284271247461903,0.0
2.23606797749979,0.003920045179472309
2.0,0.002175207266087457
2.23606797749979,0.0002031542910673745
2.8284271247461903,0.0
7.615773105863909,0.0
6.708203932499369,0.0
5.830951894845301,0.0
5.0,0.0
4.242640687119285,8.491733423837119e-09
3.605551275463989,0.0
3.1622776601683795,1.1941018832598622e-06
3.0,0.0012565620004122127
3.1622776601683795,0.0
3.605551275463989,0.0
8.06225774829855,0.0
7.211102550927978,0.0
6.4031242374328485,0.0
5.656854249492381,4.9697062303820735e-05
5.0,0.0
4.47213595499958,0.0
4.123105625617661,7.620750590852892e-05
4.0,0.0
4.123105625617661,0.0
4.47213595499958,0.0
8.602325267042627,0.0
7.810249675906654,0.0
7.0710678118654755,0.0
6.4031242374328485,0.00011299542317339917
5.830951894845301,0.0012172090167676597
5.385164807134504,8.956691680335252e-05
5.0990195135927845,0.0014049113569246756
5.0,0.0
5.0990195135927845,0.0
5.385164807134504,0.0
9.219544457292887,0.0
8.48528137423857,0.0
7.810249675906654,1.2699544177013568e-05
7.211102550927978,0.00026517893538793527
6.708203932499369,0.003948814432021617
6.324555320336759,0.0005090824097708881
6.082762530298219,0.0
6.0,0.0
6.082762530298219,0.0
6.324555320336759,0.0
9.899494936611665,0.0
9.219544457292887,0.0
8.602325267042627,1.3934760818429165e-07
8.06225774829855,0.0
7.615773105863909,0.0
7.280109889280518,0.0
7.0710678118654755,0.0
7.0,0.0
7.0710678118654755,0.0
7.280109889280518,0.0
10.63014581273465,0.0
10.0,0.0
9.433981132056603,0.0
8.94427190999916,0.0
8.54400374531753,0.0
8.246211251235321,0.0
8.06225774829855,0.0
8.0,0.0
8.06225774829855,0.0
8.246211251235321,0.0
1.0,0.16469964529566242
8.06225774829855,8.459027139504022e-05
7.0710678118654755,3.215243055806208e-06
6.082762530298219,0.00012595169880163346
5.0990195135927845,0.00031701034454603564
4.123105625617661,0.0
3.1622776601683795,0.0
2.23606797749979,0.0003737632318611855
1.4142135623730951,0.013575239956830104
1.0,0.0952471769025425
1.4142135623730951,0.07452118823653002
8.246211251235321,4.6669891541710945e-06
7.280109889280518,0.0
6.324555320336759,0.0
5.385164807134504,0.0
4.47213595499958,0.0
3.605551275463989,0.0
2.8284271247461903,0.0
2.23606797749979,2.861031522040269e-05
2.0,0.0029656184980763473
2.23606797749979,0.0
8.54400374531753,0.0
7.615773105863909,0.0
6.708203932499369,0.0
5.830951894845301,0.0
5.0,0.0
4.242640687119285,0.0
3.605551275463989,0.0
3.1622776601683795,0.0
3.0,0.00030418488221555504
3.1622776601683795,0.005817318945898226
8.94427190999916,0.0
8.06225774829855,0.0
7.211102550927978,0.0
6.4031242374328485,0.0001913216182625335
5.656854249492381,0.0
5.0,0.0
4.47213595499958,0.0
4.123105625617661,0.0
4.0,0.0
4.123105625617661,7.826019490947121e-05
9.433981132056603,0.0
8.602325267042627,0.0
7.810249675906654,0.0
7.0710678118654755,0.0
6.4031242374328485,0.0
5.830951894845301,0.0
5.385164807134504,1.18013915866751e-05
5.0990195135927845,0.0
5.0,0.00010013425843682987
5.0990195135927845,0.0
10.0,0.0
9.219544457292887,0.0
8.48528137423857,7.853380070231856e-08
7.810249675906654,0.0
7.211102550927978,0.0
6.708203932499369,0.0
6.324555320336759,0.0
6.082762530298219,0.0
6.0,9.049920731234786e-05
6.082762530298219,0.000148923148800542
10.63014581273465,8.369899108098899e-07
9.899494936611665,7.026620531630323e-06
9.219544457292887,0.0
8.602325267042627,0.0
8.06225774829855,0.0
7.615773105863909,0.0
7.280109889280518,0.0
7.0710678118654755,8.402571402216001e-07
7.0,0.0
7.0710678118654755,0.0
11.313708498984761,0.0
10.63014581273465,3.614835353336965e-05
10.0,0.0
9.433981132056603,0.0
8.94427190999916,0.0
8.54400374531753,0.0
8.246211251235321,0.0
8.06225774829855,6.021043513910412e-08
8.0,0.0
8.06225774829855,0.0
9.055385138137417,0.0003509174119657513
8.06225774829855,2.6984443614139414e-06
7.0710678118654755,1.306495512235378e-05
6.082762530298219,5.719612045759544e-06
5.0990195135927845,0.0
4.123105625617661,0.0
3.1622776601683795,0.00021477180921595173
2.23606797749979,0.0006100840186029193
1.4142135623730951,0.07020349708756637
1.0,0.6181673377575393
9.219544457292887,1.1040146669471596e-06
8.246211251235321,0.0
7.280109889280518,0.0
6.324555320336759,0.0
5.385164807134504,0.0
4.47213595499958,0.0
3.605551275463989,0.0
2.8284271247461903,1.3394874944009202e-06
2.23606797749979,0.019911301940165674
2.0,0.0022349093937184404
9.486832980505138,0.0
8.54400374531753,0.0
7.615773105863909,0.0
6.708203932499369,0.0
5.830951894845301,0.0
5.0,0.0
4.242640687119285,0.0
3.605551275463989,0.0
3.1622776601683795,0.0064383670312105415
3.0,0.10699696510750213
9.848857801796104,0.0
8.94427190999916,0.0
8.06225774829855,0.0
7.211102550927978,0.0
6.4031242374328485,0.0
5.656854249492381,0.0
5.0,0.0
4.47213595499958,0.0
4.123105625617661,0.0009262144243915581
4.0,0.006123081083096992
10.295630140987,0.0
9.433981132056603,0.0
8.602325267042627,0.0
7.810249675906654,0.0
7.0710678118654755,0.0
6.4031242374328485,0.0
5.830951894845301,9.904507382853599e-06
5.385164807134504,0.0
5.0990195135927845,0.0015125069880660169
5.0,0.006118568180914403
10.816653826391969,0.0
10.0,0.0
9.219544457292887,0.0
8.48528137423857,0.0
7.810249675906654,0.0
7.211102550927978,0.0
6.708203932499369,0.0
6.324555320336759,0.0
6.082762530298219,0.0011425871956805
6.0,0.0018802118605596287
11.40175425099138,6.018707774677141e-06
10.63014581273465,5.052770060574276e-05
9.899494936611665,0.0
9.219544457292887,0.0
8.602325267042627,0.0
8.06225774829855,0.0
7.615773105863909,0.0
7.280109889280518,6.042202083040889e-06
7.0710678118654755,0.0
7.0,7.011168454668601e-08
12.041594578792296,0.0
11.313708498984761,0.00025993906693874935
10.63014581273465,0.0
10.0,0.0
9.433981132056603,0.0
8.94427190999916,0.0
8.54400374531753,0.0
8.246211251235321,4.329670040320606e-07
8.06225774829855,1.2978102480069756e-05
8.0,5.017559832790399e-05
1.0,0.3031737689561287
2.0,0.00461441821302407
3.0,0.00012383749383420976
4.0,0.0009144104176643391
5.0,1.2730475693551207e-05
6.0,0.0
7.0,0.0
8.0,9.061597453598251e-05
9.0,0.0004186447200830917
1.0,0.27215731391581766
1.4142135623730951,0.08980120193339007
2.23606797749979,0.0045756938690918745
3.1622776601683795,0.0010096123572358854
4.123105625617661,0.0
5.0990195135927845,0.0
6.082762530298219,0.0
7.0710678118654755,0.0
8.06225774829855,1.776419823709946e-05
9.055385138137417,0.0
2.0,0.01335623202949016
2.23606797749979,0.0022495822864373257
2.8284271247461903,0.0
3.605551275463989,0.0
4.47213595499958,0.0
5.385164807134504,0.0
6.324555320336759,0.0
7.280109889280518,0.0
8.246211251235321,0.0
9.219544457292887,0.0
3.0,0.018906776931725357
3.1622776601683795,0.0012861268496561374
3.605551275463989,0.0
4.242640687119285,0.0
5.0,0.00010816709224503166
5.830951894845301,0.0
6.708203932499369,0.0
7.615773105863909,0.0
8.54400374531753,0.0
9.486832980505138,0.0
4.0,0.0006767291635030172
4.123105625617661,0.0
4.47213595499958,0.0
5.0,0.0
5.656854249492381,0.0
6.4031242374328485,0.0
7.211102550927978,0.0005936109237752792
8.06225774829855,0.0
8.94427190999916,0.0
9.848857801796104,0.0
5.0,0.000677499942083122
5.0990195135927845,0.0008249180989980863
5.385164807134504,0.0
5.830951894845301,0.0
6.4031242374328485,0.0
7.0710678118654755,0.0
7.810249675906654,0.0
8.602325267042627,0.0
9.433981132056603,0.0
10.295630140987,0.0
6.0,0.012830632128913222
6.082762530298219,0.0008030280170929199
6.324555320336759,0.0
6.708203932499369,0.0
7.211102550927978,0.0
7.810249675906654,0.0
8.48528137423857,0.0
9.219544457292887,0.0
10.0,0.0
10.816653826391969,0.0
7.0,0.01060350345013528
7.0710678118654755,0.004394444118589232
7.280109889280518,0.0
7.615773105863909,0.0
8.06225774829855,0.0
8.602325267042627,0.0
9.219544457292887,0.0
9.899494936611665,0.0
10.63014581273465,0.0
11.40175425099138,0.0
1.0,0.20624402128833746
2.0,0.010330444432125765
3.0,0.0029213956014814296
4.0,0.00015252212144684888
5.0,2.211197424839684e-05
6.0,1.3246126318442243e-05
7.0,0.0
8.0,0.0
1.4142135623730951,0.052545050191609946
1.0,0.19561039568142313
1.4142135623730951,0.020000008469836274
2.23606797749979,0.0012322186334089464
3.1622776601683795,0.00020858896127494035
4.123105625617661,7.566939680596891e-05
5.0990195135927845,0.0002473800322149394
6.082762530298219,0.0006316083850702071
7.0710678118654755,0.0
8.06225774829855,0.0
2.23606797749979,0.0016319061184213173
2.0,0.020437521254108464
2.23606797749979,0.0004750491062176352
2.8284271247461903,0.0
3.605551275463989,3.3960874964438715e-06
4.47213595499958,8.132924419576821e-05
5.385164807134504,0.005433995086700498
6.324555320336759,0.0019354325525743
7.280109889280518,0.0
8.246211251235321,0.0
3.1622776601683795,0.00013006755510917462
3.0,0.002666178102083811
3.1622776601683795,0.0001969277227430982
3.605551275463989,0.0
4.242640687119285,0.0008779667677559844
5.0,0.0
5.830951894845301,0.0003827040226556719
6.708203932499369,3.4487773742477667e-06
7.615773105863909,0.0
8.54400374531753,0.0
4.123105625617661,0.0003312256548641001
4.0,0.008539175164048288
4.123105625617661,0.0002470318037889038
4.47213595499958,0.0
5.0,0.0
5.656854249492381,0.0
6.4031242374328485,0.00041585445028920177
7.211102550927978,0.0
8.06225774829855,0.0
8.94427190999916,0.0
5.0990195135927845,0.003975909325700661
5.0,0.009666434993414004
5.0990195135927845,2.1589478926181196e-06
5.385164807134504,0.0
5.830951894845301,0.0
6.4031242374328485,0.0
7.0710678118654755,0.0
7.810249675906654,0.0
8.602325267042627,0.0
9.433981132056603,0.0
6.082762530298219,0.0005857161610779441
6.0,0.007708004646063316
6.082762530298219,0.00029010664697480445
6.324555320336759,0.0
6.708203932499369,0.0
7.211102550927978,0.0
7.810249675906654,0.0
8.48528137423857,2.7557133430869056e-05
9.219544457292887,6.687510822791163e-06
10.0,0.0
7.0710678118654755,0.0
7.0,0.0
7.0710678118654755,0.0
7.280109889280518,0.0
7.615773105863909,0.0
8.06225774829855,0.0
8.602325267042627,2.6955618149416082e-06
9.219544457292887,0.0009190201733827136
9.899494936611665,0.0011102617802181542
10.63014581273465,0.0
1.0,0.2566750585345012
2.0,0.002702984267425515
3.0,9.711601184440767e-05
4.0,0.00012404706681330783
5.0,0.0003024707635796775
6.0,0.0012609241075733745
7.0,0.0
2.23606797749979,0.00023959734671741376
1.4142135623730951,0.021567196426226842
1.0,0.34874199047579996
1.4142135623730951,0.028686656567425896
2.23606797749979,0.00017555786268998345
3.1622776601683795,2.1599883810856265e-05
4.123105625617661,2.2163635743005727e-07
5.0990195135927845,1.412893349628563e-06
6.082762530298219,0.0
7.0710678118654755,0.0
2.8284271247461903,0.0
2.23606797749979,0.0033774951216162395
2.0,0.00034095431897816325
2.23606797749979,0.0
2.8284271247461903,8.21595347251812e-06
3.605551275463989,1.3651268661304365e-05
4.47213595499958,0.0
5.385164807134504,0.0
6.324555320336759,0.0
7.280109889280518,0.0
3.605551275463989,0.0
3.1622776601683795,0.0005706375824663512
3.0,0.0013628990145499573
3.1622776601683795,0.0
3.605551275463989,0.0
4.242640687119285,0.0
5.0,0.0
5.830951894845301,0.0
6.708203932499369,0.0
7.615773105863909,0.0
4.47213595499958,0.0
4.123105625617661,0.002498709302733525
4.0,0.00015615369259886904
4.123105625617661,0.0
4.47213595499958,0.0
5.0,0.0
5.656854249492381,0.0013878509103003504
6.4031242374328485,0.0
7.211102550927978,0.0
8.06225774829855,0.0
5.385164807134504,0.0
5.0990195135927845,0.0007562730844783613
5.0,0.00011008884864331615
5.0990195135927845,0.00010632816832263826
5.385164807134504,8.091926077034305e-07
5.830951894845301,0.0
6.4031242374328485,0.0
7.0710678118654755,0.0
7.810249675906654,3.859298647728972e-06
8.602325267042627,4.949532312990216e-07
6.324555320336759,0.0
6.082762530298219,2.2542392157846774e-06
6.0,3.674446361487521e-05
6.082762530298219,3.475987726017008e-05
6.324555320336759,0.0
6.708203932499369,0.0
7.211102550927978,0.0
7.810249675906654,3.632528693638369e-07
8.48528137423857,7.992430461764036e-05
9.219544457292887,2.7808318539456847e-06
7.280109889280518,0.0
7.0710678118654755,3.473020699952256e-05
7.0,0.00010208496228168387
7.0710678118654755,0.0
7.280109889280518,0.0
7.615773105863909,4.327331907159561e-06
8.06225774829855,0.00022795566848285092
8.602325267042627,0.0002291491495576502
9.219544457292887,0.0004568801496230596
9.899494936611665,0.0007439151619977623
1.0,0.6629980256659762
2.0,0.04155413975500195
3.0,0.0
4.0,0.0
5.0,8.252482935991266e-06
6.0,0.0
3.1622776601683795,6.946723595645603e-08
2.23606797749979,0.0012038807882432453
1.4142135623730951,0.11275884742532492
1.0,0.34871379858746165
1.4142135623730951,0.22692469311328475
2.23606797749979,0.0009185925448658852
3.1622776601683795,0.0
4.123105625617661,0.0
5.0990195135927845,0.0
6.082762530298219,0.0
3.605551275463989,0.0
2.8284271247461903,0.0
2.23606797749979,0.0
2.0,0.001872649599647818
2.23606797749979,0.0
2.8284271247461903,0.0
3.605551275463989,0.0
4.47213595499958,0.0
5.385164807134504,0.0
6.324555320336759,0.0
4.242640687119285,0.0
3.605551275463989,0.0
3.1622776601683795,0.0
3.0,0.0
3.1622776601683795,0.0
3.605551275463989,0.0
4.242640687119285,0.0
5.0,0.0
5.830951894845301,0.0
6.708203932499369,0.0
5.0,0.0
4.47213595499958,0.0
4.123105625617661,0.0
4.0,0.0
4.123105625617661,0.0
4.47213595499958,0.000609586670553362
5.0,0.002683091378536567
5.656854249492381,0.0
6.4031242374328485,0.0
7.211102550927978,0.0
5.830951894845301,0.0
5.385164807134504,0.0
5.0990195135927845,0.0
5.0,0.0
5.0990195135927845,0.0
5.385164807134504,0.0
5.830951894845301,0.0
6.4031242374328485,0.0
7.0710678118654755,0.0
7.810249675906654,0.0
6.708203932499369,0.0
6.324555320336759,0.0
6.082762530298219,0.0
6.0,0.0
6.082762530298219,0.0
6.324555320336759,0.0
6.708203932499369,0.0
7.211102550927978,0.0
7.810249675906654,0.0
8.48528137423857,1.1978387083576565e-06
7.615773105863909,0.0
7.280109889280518,0.0
7.0710678118654755,0.0
7.0,0.0
7.0710678118654755,0.0
7.280109889280518,0.0
7.615773105863909,0.0
8.06225774829855,0.0
8.602325267042627,0.0002217272857180959
9.219544457292887,0.0008572361979428432
1.0,0.2695731161110136
2.0,0.024574896986730595
3.0,0.0
4.0,0.0
5.0,0.0
4.123105625617661,1.5575922783280708e-06
3.1622776601683795,0.0003537896758409224
2.23606797749979,0.00030053429899053636
1.4142135623730951,0.09763080569659269
1.0,0.2537412936407598
1.4142135623730951,0.03762386256638597
2.23606797749979,0.0014914071263548686
3.1622776601683795,0.0
4.123105625617661,0.0
5.0990195135927845,0.0
4.47213595499958,0.0
3.605551275463989,0.0
2.8284271247461903,0.0
2.23606797749979,0.00019663615555593636
2.0,0.0003435324558684567
2.23606797749979,3.27070038595131e-05
2.8284271247461903,0.0
3.605551275463989,0.0
4.47213595499958,0.0
5.385164807134504,0.0
5.0,0.0
4.242640687119285,0.0
3.605551275463989,0.0
3.1622776601683795,9.377813382619711e-05
3.0,0.0014477399923043916
3.1622776601683795,0.0005181773457886144
3.605551275463989,2.4567060922945766e-05
4.242640687119285,6.935253918022786e-05
5.0,0.0
5.830951894845301,1.5284572962823842e-06
5.656854249492381,0.0
5.0,0.0
4.47213595499958,4.833364553629107e-06
4.123105625617661,7.681787855331759e-06
4.0,0.0010722425173870882
4.123105625617661,0.001263794372448799
4.47213595499958,0.00274800609121013
5.0,0.0012896228845220737
5.656854249492381,0.0
6.4031242374328485,0.0
6.4031242374328485,0.0
5.830951894845301,0.0
5.385164807134504,0.0
5.0990195135927845,0.0
5.0,0.0
5.0990195135927845,0.0
5.385164807134504,0.0004942008167552949
5.830951894845301,0.00011235864402068563
6.4031242374328485,0.0
7.0710678118654755,0.0
7.211102550927978,0.0
6.708203932499369,0.0
6.324555320336759,0.0
6.082762530298219,0.0
6.0,0.0
6.082762530298219,0.0
6.324555320336759,0.0
6.708203932499369,0.0
7.211102550927978,0.0
7.810249675906654,0.0
8.06225774829855,0.0
7.615773105863909,0.0
7.280109889280518,0.0
7.0710678118654755,0.0
7.0,0.0
7.0710678118654755,0.0
7.280109889280518,0.0
7.615773105863909,0.0
8.06225774829855,0.0
8.602325267042627,0.0
1.0,0.3844111792657173
2.0,0.013329652243739862
3.0,1.813168783573128e-05
4.0,0.0
5.0990195135927845,0.0
4.123105625617661,0.000740855103076428
3.1622776601683795,0.0
2.23606797749979,0.0005794584276210057
1.4142135623730951,0.05701614368819392
1.0,0.16288806456017216
1.4142135623730951,0.04659958756425063
2.23606797749979,0.003584040241248995
3.1622776601683795,0.0
4.123105625617661,0.0
5.385164807134504,0.0
4.47213595499958,0.0
3.605551275463989,0.0
2.8284271247461903,0.0
2.23606797749979,8.694741161691031e-05
2.0,2.963350117517338e-05
2.23606797749979,0.00038016897949914386
2.8284271247461903,2.1515512648015035e-05
3.605551275463989,0.0
4.47213595499958,0.0
5.830951894845301,0.0
5.0,0.0
4.242640687119285,0.0
3.605551275463989,0.0
3.1622776601683795,0.0
3.0,0.0
3.1622776601683795,0.0
3.605551275463989,0.0
4.242640687119285,0.0
5.0,1.6820446314899736e-05
6.4031242374328485,0.0
5.656854249492381,0.0
5.0,0.0
4.47213595499958,0.0
4.123105625617661,0.0
4.0,3.2786781175573e-05
4.123105625617661,6.239554709683569e-05
4.47213595499958,0.0
5.0,0.0
5.656854249492381,0.0
7.0710678118654755,0.0
6.4031242374328485,0.0
5.830951894845301,0.0
5.385164807134504,0.0
5.0990195135927845,0.0
5.0,0.0
5.0990195135927845,0.0
5.385164807134504,0.0
5.830951894845301,0.0
6.4031242374328485,0.0
7.810249675906654,0.0
7.211102550927978,0.0
6.708203932499369,0.0
6.324555320336759,0.0
6.082762530298219,0.0
6.0,0.0
6.082762530298219,0.0
6.324555320336759,0.0
6.708203932499369,0.0
7.211102550927978,0.0
8.602325267042627,0.0
8.06225774829855,0.0
7.615773105863909,0.0
7.280109889280518,0.0
7.0710678118654755,0.0
7.0,2.7846018240284923e-07
7.0710678118654755,0.0
7.280109889280518,0.0
7.615773105863909,0.0
8.06225774829855,0.0
1.0,0.46247249875111357
2.0,0.001807856387579142
3.0,1.2521813817928863e-06
6.082762530298219,0.0
5.0990195135927845,3.1421034424971584e-05
4.123105625617661,0.0
3.1622776601683795,1.0900041041925161e-07
2.23606797749979,0.002866992749741889
1.4142135623730951,0.06783801876225995
1.0,0.07191054956294914
1.4142135623730951,0.061954447570344844
2.23606797749979,0.0021345145577557002
3.1622776601683795,0.0
6.324555320336759,0.0
5.385164807134504,0.0
4.47213595499958,1.6060946356240228e-06
3.605551275463989,0.0
2.8284271247461903,0.0
2.23606797749979,4.383057121882237e-05
2.0,0.0005753212951904431
2.23606797749979,0.004196748382034455
2.8284271247461903,3.682909593795892e-05
3.605551275463989,0.0
6.708203932499369,0.0
5.830951894845301,0.0
5.0,0.0
4.242640687119285,0.0
3.605551275463989,0.0
3.1622776601683795,0.0
3.0,4.173317111696042e-06
3.1622776601683795,0.0
3.605551275463989,0.0
4.242640687119285,1.8131229988256018e-06
7.211102550927978,0.0
6.4031242374328485,0.0
5.656854249492381,0.0
5.0,1.8627531903493455e-05
4.47213595499958,0.0006371542660744149
4.123105625617661,5.959628794203523e-05
4.0,0.000916523413072127
4.123105625617661,0.00011249290158764628
4.47213595499958,0.0
5.0,0.0
7.810249675906654,0.0
7.0710678118654755,9.49213843302454e-05
6.4031242374328485,4.868853913996561e-07
5.830951894845301,5.880694154718369e-06
5.385164807134504,0.0006019899595060019
5.0990195135927845,0.00010992690092712269
5.0,0.0
5.0990195135927845,0.0
5.385164807134504,0.0
5.830951894845301,0.0
8.48528137423857,1.4543142501779671e-05
7.810249675906654,0.00021049825073853734
7.211102550927978,5.266793705631703e-06
6.708203932499369,0.0
6.324555320336759,0.0
6.082762530298219,0.0
6.0,0.0
6.082762530298219,0.0
6.324555320336759,0.0
6.708203932499369,0.0
9.219544457292887,0.0
8.602325267042627,0.0
8.06225774829855,0.0
7.615773105863909,0.0
7.280109889280518,0.0
7.0710678118654755,0.0
7.0,0.0
7.0710678118654755,0.0
7.280109889280518,0.0
7.615773105863909,0.0
1.0,0.20230858764459042
2.0,0.005654033724933576
7.0710678118654755,0.0
6.082762530298219,0.0
5.0990195135927845,0.0
4.123105625617661,2.0064167445853638e-07
3.1622776601683795,0.0006179382822261449
2.23606797749979,0.008024886851014766
1.4142135623730951,0.03642330816666074
1.0,0.3059934259771452
1.4142135623730951,0.13702668384886565
2.23606797749979,0.0
7.280109889280518,0.0
6.324555320336759,0.0
5.385164807134504,0.0005184244734206524
4.47213595499958,0.0
3.605551275463989,4.373651638734989e-05
2.8284271247461903,0.0
2.23606797749979,0.0008911412140551866
2.0,0.008292285698070952
2.23606797749979,0.002082701749869139
2.8284271247461903,0.0
7.615773105863909,0.0
6.708203932499369,0.0
5.830951894845301,7.312930160584085e-07
5.0,4.746231636669e-07
4.242640687119285,0.0
3.605551275463989,0.0
3.1622776601683795,6.406461193356365e-06
3.0,0.0002409773247578012
3.1622776601683795,0.0003750644628436347
3.605551275463989,0.0
8.06225774829855,0.0
7.211102550927978,0.0
6.4031242374328485,0.0
5.656854249492381,0.0
5.0,0.0
4.47213595499958,0.0
4.123105625617661,0.001409225348385615
4.0,0.001855271957187634
4.123105625617661,2.7899290717097343e-06
4.47213595499958,0.0
8.602325267042627,0.0
7.810249675906654,0.0
7.0710678118654755,1.7509379678728202e-07
6.4031242374328485,0.0
5.830951894845301,0.0
5.385164807134504,0.0
5.0990195135927845,0.0
5.0,0.0
5.0990195135927845,0.0
5.385164807134504,0.0
9.219544457292887,0.0
8.48528137423857,0.0
7.810249675906654,0.0
7.211102550927978,0.0
6.708203932499369,0.0
6.324555320336759,0.0
6.082762530298219,0.0
6.0,0.0
6.082762530298219,0.0
6.324555320336759,0.0
9.899494936611665,0.0
9.219544457292887,0.0
8.602325267042627,0.0
8.06225774829855,0.0
7.615773105863909,0.0
7.280109889280518,0.0
7.0710678118654755,0.0
7.0,0.0
7.0710678118654755,0.0
7.280109889280518,0.0
1.0,0.18019618182658267
8.06225774829855,0.0
7.0710678118654755,0.0
6.082762530298219,0.0
5.0990195135927845,0.0
4.123105625617661,0.001915654922967785
3.1622776601683795,1.3393100324462098e-05
2.23606797749979,0.00042113420295982726
1.4142135623730951,0.1400493633512803
1.0,0.40069092127767403
1.4142135623730951,0.029874286285351288
8.246211251235321,0.0
7.280109889280518,0.0
6.324555320336759,0.0008717257520878942
5.385164807134504,0.0
4.47213595499958,7.354253048646344e-05
3.605551275463989,0.0
2.8284271247461903,0.0
2.23606797749979,0.002911874173356874
2.0,0.00417823550640796
2.23606797749979,0.022220141770044846
8.54400374531753,0.0
7.615773105863909,0.0
6.708203932499369,0.0
5.830951894845301,1.9181114541911012e-05
5.0,0.0
4.242640687119285,0.0
3.605551275463989,0.0
3.1622776601683795,0.0
3.0,0.0
3.1622776601683795,1.9888321987637853e-05
8.94427190999916,0.0
8.06225774829855,0.0
7.211102550927978,0.0
6.4031242374328485,0.0
5.656854249492381,0.0
5.0,0.0
4.47213595499958,2.5776812851861203e-06
4.123105625617661,0.00021291141377706506
4.0,0.0
4.123105625617661,0.0
9.433981132056603,0.0
8.602325267042627,0.0
7.810249675906654,2.1178852897466583e-06
7.0710678118654755,0.0
6.4031242374328485,0.0
5.830951894845301,0.0
5.385164807134504,0.0
5.0990195135927845,0.0
5.0,0.0
5.0990195135927845,0.0
10.0,0.0
9.219544457292887,0.0
8.48528137423857,0.0
7.810249675906654,0.0
7.211102550927978,0.0
6.708203932499369,0.0
6.324555320336759,0.0
6.082762530298219,0.0
6.0,0.0
6.082762530298219,0.0
10.63014581273465,0.0
9.899494936611665,0.0
9.219544457292887,0.0
8.602325267042627,0.0
8.06225774829855,0.0
7.615773105863909,0.0
7.280109889280518,0.0
7.0710678118654755,0.0
7.0,0.0
7.0710678118654755,0.0
9.055385138137417,0.0
8.06225774829855,0.0
7.0710678118654755,0.0
6.082762530298219,0.0
5.0990195135927845,0.0
4.123105625617661,0.0
3.1622776601683795,0.0
2.23606797749979,1.80022016819605e-05
1.4142135623730951,0.09553375798629923
1.0,0.15942885324665965
9.219544457292887,0.0
8.246211251235321,0.0
7.280109889280518,0.0
6.324555320336759,0.0
5.385164807134504,0.0
4.47213595499958,0.0
3.605551275463989,0.0
2.8284271247461903,0.0
2.23606797749979,0.016188236079784153
2.0,0.2800134966594217
9.486832980505138,0.0
8.54400374531753,0.0
7.615773105863909,0.0
6.708203932499369,0.0
5.830951894845301,0.0
5.0,0.0
4.242640687119285,0.0
3.605551275463989,0.0
3.1622776601683795,0.0018009227924758958
3.0,0.011008638948621167
9.848857801796104,0.0
8.94427190999916,0.0
8.06225774829855,0.0
7.211102550927978,0.0
6.4031242374328485,0.0
5.656854249492381,0.0
5.0,0.0
4.47213595499958,0.0
4.123105625617661,0.0004827408559179195
4.0,0.011896887593350851
10.295630140987,0.0
9.433981132056603,0.0001089724937651283
8.602325267042627,5.688882256036281e-07
7.810249675906654,0.0
7.0710678118654755,0.0
6.4031242374328485,0.0
5.830951894845301,0.0
5.385164807134504,0.0
5.0990195135927845,0.0
5.0,0.0
10.816653826391969,1.669594809202105e-05
10.0,0.0002416580781878318
9.219544457292887,6.046431457977493e-06
8.48528137423857,0.0
7.810249675906654,0.0
7.211102550927978,0.0
6.708203932499369,0.0
6.324555320336759,0.0
6.082762530298219,0.0
6.0,0.0
11.40175425099138,0.0
10.63014581273465,0.0
9.899494936611665,0.0
9.219544457292887,0.0
8.602325267042627,0.0
8.06225774829855,0.0
7.615773105863909,0.0
7.280109889280518,0.0
7.0710678118654755,0.0
7.0,0.0
1.0,0.32275125580961567
2.0,0.002434549409678896
3.0,0.0009628799262931434
4.0,0.0003116138318894947
5.0,0.0011884386693912306
6.0,0.0011333056063647926
7.0,0.0
8.0,0.0
9.0,0.0
1.0,0.3739131977317933
1.4142135623730951,0.13158157227078282
2.23606797749979,0.0026537759007120134
3.1622776601683795,0.0010440812438720127
4.123105625617661,5.227204612883807e-05
5.0990195135927845,0.0003618253744004262
6.082762530298219,0.00021167314209908616
7.0710678118654755,0.0
8.06225774829855,0.0
9.055385138137417,0.0
2.0,0.0019171026460400782
2.23606797749979,0.00048115032681241693
2.8284271247461903,1.2828650722552534e-05
3.605551275463989,0.0
4.47213595499958,0.0003772847009024115
5.385164807134504,0.0
6.324555320336759,0.0
7.280109889280518,0.0
8.246211251235321,0.0
9.219544457292887,0.0
3.0,0.0038688145916311247
3.1622776601683795,0.0
3.605551275463989,0.0
4.242640687119285,0.0
5.0,0.0
5.830951894845301,0.0
6.708203932499369,0.0009590265555179802
7.615773105863909,0.0
8.54400374531753,0.0
9.486832980505138,0.0
4.0,0.017596299124587357
4.123105625617661,0.00013377030731602703
4.47213595499958,0.0
5.0,0.0
5.656854249492381,0.0
6.4031242374328485,0.0
7.211102550927978,0.0
8.06225774829855,0.0
8.94427190999916,0.0
9.848857801796104,0.0
5.0,0.03584397889979842
5.0990195135927845,0.0017734993781451454
5.385164807134504,0.0
5.830951894845301,0.0
6.4031242374328485,0.0
7.0710678118654755,0.0
7.810249675906654,0.0
8.602325267042627,0.0
9.433981132056603,0.0
10.295630140987,0.0
6.0,0.03617774119481897
6.082762530298219,0.017527119094775768
6.324555320336759,0.0
6.708203932499369,0.0
7.211102550927978,0.0
7.810249675906654,0.0
8.48528137423857,0.0
9.219544457292887,0.0
10.0,0.0
10.816653826391969,0.0
1.0,0.19634004016397302
2.0,0.004767756342295095
3.0,0.0049498285729102495
4.0,0.0020418406083290755
5.0,0.0007676942928441508
6.0,0.0
7.0,0.0
8.0,0.0
1.4142135623730951,0.15508008140117727
1.0,0.2343314359038678
1.4142135623730951,0.01958288847704617
2.23606797749979,0.00024505259262615946
3.1622776601683795,0.001246932666583458
4.123105625617661,0.0002840956546112034
5.0990195135927845,0.002811980557737117
6.082762530298219,0.000360417975827573
7.0710678118654755,0.0
8.06225774829855,0.0
2.23606797749979,3.8555049815188364e-05
2.0,0.001690019255467003
2.23606797749979,5.511072053798904e-06
2.8284271247461903,0.0
3.605551275463989,0.0018527684673262377
4.47213595499958,0.0
5.385164807134504,0.0002122794982593874
6.324555320336759,1.9129789269874902e-06
7.280109889280518,0.0
8.246211251235321,0.0
3.1622776601683795,0.00016188540917828727
3.0,0.0009863229213372098
3.1622776601683795,7.928195334811034e-06
3.605551275463989,0.0
4.242640687119285,0.0
5.0,0.0
5.830951894845301,0.0010539613826741462
6.708203932499369,0.0
7.615773105863909,0.0
8.54400374531753,0.0
4.123105625617661,0.0002871903288147231
4.0,0.003351043298362591
4.123105625617661,0.0002256597319506659
4.47213595499958,0.0
5.0,0.0
5.656854249492381,0.0
6.4031242374328485,0.0
7.211102550927978,0.0
8.06225774829855,0.0
8.94427190999916,0.0
5.0990195135927845,0.0003401488378821801
5.0,0.007727340077802099
5.0990195135927845,0.0005592012947678636
5.385164807134504,0.0
5.830951894845301,0.0
6.4031242374328485,0.0
7.0710678118654755,0.0
7.810249675906654,0.0
8.602325267042627,0.0
9.433981132056603,0.0
6.082762530298219,0.0
6.0,0.0
6.082762530298219,0.0
6.324555320336759,0.0
6.708203932499369,0.0
7.211102550927978,0.0
7.810249675906654,0.0
8.48528137423857,0.0
9.219544457292887,0.0
10.0,0.0
1.0,0.1283044705597265
2.0,0.0023516912716842102
3.0,0.0
4.0,3.0168766925576573e-06
5.0,0.0
6.0,0.0
7.0,0.0
2.23606797749979,0.0019629239967315884
1.4142135623730951,0.021024113246505785
1.0,0.2703905555923188
1.4142135623730951,0.02627025508735045
2.23606797749979,0.0007948913281432968
3.1622776601683795,7.127103262347972e-06
4.123105625617661,0.0004230943282837043
5.0990195135927845,5.694134650765723e-05
6.082762530298219,0.0
7.0710678118654755,0.0
2.8284271247461903,0.0
2.23606797749979,0.0003540741444507078
2.0,0.0023456084028685015
2.23606797749979,0.001415042334290443
2.8284271247461903,3.3244462907569083e-05
3.605551275463989,0.0
4.47213595499958,3.3537396238644185e-05
5.385164807134504,3.0222575800590164e-07
6.324555320336759,0.0
7.280109889280518,0.0
3.605551275463989,0.0
3.1622776601683795,4.9364447138854104e-05
3.0,0.0009333905862902028
3.1622776601683795,0.0020013283972652
3.605551275463989,3.8120714959333084e-05
4.242640687119285,5.123531254355151e-06
5.0,0.0009963415551485961
5.830951894845301,0.0
6.708203932499369,0.0
7.615773105863909,0.0
4.47213595499958,0.0
4.123105625617661,0.0
4.0,0.0005541648979095427
4.123105625617661,3.37134738493736e-06
4.47213595499958,2.5657071168701513e-08
5.0,0.0
5.656854249492381,0.0
6.4031242374328485,0.0
7.211102550927978,0.0
8.06225774829855,0.0
5.385164807134504,0.0
5.0990195135927845,0.0
5.0,0.0005949518749397639
5.0990195135927845,1.1021314779563232e-06
5.385164807134504,0.0
5.830951894845301,0.0
6.4031242374328485,0.0
7.0710678118654755,0.0
7.810249675906654,0.0
8.602325267042627,0.0
6.324555320336759,0.0
6.082762530298219,4.771893455641737e-05
6.0,0.00014026365101656247
6.082762530298219,0.0
6.324555320336759,0.0
6.708203932499369,5.94570795631833e-06
7.211102550927978,0.00031320866087112794
7.810249675906654,0.0003148484911578709
8.48528137423857,0.0006137801528903963
9.219544457292887,0.0010221315102264103
1.0,0.1754647353720513
2.0,0.0012431886797315034
3.0,3.088990183381998e-05
4.0,6.466607614621602e-06
5.0,0.0
6.0,0.0
3.1622776601683795,2.9347441962258466e-05
2.23606797749979,0.0007581096196862942
1.4142135623730951,0.04279998356986405
1.0,0.2025955947940054
1.4142135623730951,0.024382005449932798
2.23606797749979,0.0007551317422077705
3.1622776601683795,3.1853016168130516e-05
4.123105625617661,5.724467986328431e-08
5.0990195135927845,0.0
6.082762530298219,0.0
3.605551275463989,0.0
2.8284271247461903,0.00017257122419405015
2.23606797749979,0.0009756114069497071
2.0,0.002917610267884668
2.23606797749979,0.00023526207696829613
2.8284271247461903,0.0003011544989795327
3.605551275463989,1.251012662556408e-05
4.47213595499958,0.0
5.385164807134504,0.0
6.324555320336759,0.0
4.242640687119285,0.0
3.605551275463989,2.4059602227184023e-05
3.1622776601683795,0.0014682242712096504
3.0,0.005625328841607471
3.1622776601683795,0.0006392888250282287
3.605551275463989,1.6824288092609014e-05
4.242640687119285,0.002790683407802129
5.0,0.0
5.830951894845301,0.0
6.708203932499369,0.0
5.0,0.0
4.47213595499958,0.0
4.123105625617661,0.0
4.0,0.00021477968301536208
4.123105625617661,8.427819172239579e-06
4.47213595499958,0.0
5.0,0.0
5.656854249492381,0.0
6.4031242374328485,0.0
7.211102550927978,0.0
5.830951894845301,0.0
5.385164807134504,0.0
5.0990195135927845,0.0
5.0,0.0
5.0990195135927845,0.0
5.385164807134504,0.0
5.830951894845301,0.0
6.4031242374328485,0.0
7.0710678118654755,0.0
7.810249675906654,0.0
6.708203932499369,0.0
6.324555320336759,7.379929609761557e-05
6.082762530298219,0.00021692350865180484
6.0,0.0
6.082762530298219,0.0
6.324555320336759,9.19528204175455e-06
6.708203932499369,0.0004843900837022674
7.211102550927978,0.00048692614872564106
7.810249675906654,0.0009492362657100967
8.48528137423857,0.0015807684449601245
1.0,0.29071519762810705
2.0,0.008369411281681439
3.0,0.0022003628019396366
4.0,0.004734660453246721
5.0,0.0
4.123105625617661,0.0005118865144420388
3.1622776601683795,0.0031672621329982015
2.23606797749979,0.00101785211781861
1.4142135623730951,0.023345282653468715
1.0,0.19217356585868575
1.4142135623730951,0.07269403391723933
2.23606797749979,0.0018769580387660268
3.1622776601683795,8.821911254635614e-05
4.123105625617661,0.00010255159453777547
5.0990195135927845,0.0
4.47213595499958,0.0
3.605551275463989,0.0
2.8284271247461903,0.0
2.23606797749979,0.0002137696587514137
2.0,0.003845996180860159
2.23606797749979,0.002251228224051227
2.8284271247461903,5.21173789143472e-05
3.605551275463989,4.5109060416767134e-05
4.47213595499958,0.0
5.385164807134504,0.0
5.0,0.0
4.242640687119285,0.0
3.605551275463989,7.701441225859446e-06
3.1622776601683795,1.2240094249240478e-05
3.0,0.0016724905592147184
3.1622776601683795,0.00016230630468362696
3.605551275463989,0.0012965604492382818
4.242640687119285,0.0008388110558082754
5.0,0.0
5.830951894845301,0.0
5.656854249492381,0.0
5.0,0.0
4.47213595499958,0.0
4.123105625617661,0.0
4.0,0.0
4.123105625617661,0.0
4.47213595499958,0.00032144366687277524
5.0,7.308157597955862e-05
5.656854249492381,0.0
6.4031242374328485,0.0
6.4031242374328485,0.0
5.830951894845301,0.0
5.385164807134504,0.0
5.0990195135927845,0.0
5.0,0.0
5.0990195135927845,0.0
5.385164807134504,0.0
5.830951894845301,0.0
6.4031242374328485,0.0
7.0710678118654755,0.0
7.211102550927978,0.0
6.708203932499369,0.0
6.324555320336759,0.0
6.082762530298219,0.0
6.0,0.0
6.082762530298219,0.0
6.324555320336759,0.0
6.708203932499369,0.0
7.211102550927978,0.0
7.810249675906654,0.0
1.0,0.3852380142140917
2.0,0.005339909879018682
3.0,0.0015872259719554851
4.0,0.0013871759423056834
5.0990195135927845,0.0009746357896827741
4.123105625617661,0.0
3.1622776601683795,0.0
2.23606797749979,0.00014971554537008706
1.4142135623730951,0.06682626782881126
1.0,0.27684994925998324
1.4142135623730951,0.09311811923489362
2.23606797749979,0.0004798463751101705
3.1622776601683795,0.0034262883989530403
4.123105625617661,0.004107943526769573
5.385164807134504,0.0
4.47213595499958,0.0
3.605551275463989,0.0
2.8284271247461903,9.910599128275242e-08
2.23606797749979,0.000346749121399106
2.0,0.0008015957319642225
2.23606797749979,0.0
2.8284271247461903,0.0
3.605551275463989,0.00016148784158539567
4.47213595499958,2.2253863514638983e-05
5.830951894845301,0.0
5.0,0.0
4.242640687119285,0.0
3.605551275463989,0.0
3.1622776601683795,0.0
3.0,0.0
3.1622776601683795,3.920447493483627e-06
3.605551275463989,0.0
4.242640687119285,0.0
5.0,0.0
6.4031242374328485,0.0
5.656854249492381,0.0
5.0,0.0
4.47213595499958,0.0
4.123105625617661,0.0
4.0,0.0
4.123105625617661,0.0
4.47213595499958,0.0
5.0,0.0
5.656854249492381,0.0
7.0710678118654755,0.0
6.4031242374328485,0.0
5.830951894845301,0.0
5.385164807134504,0.0
5.0990195135927845,0.0
5.0,0.0
5.0990195135927845,0.0
5.385164807134504,0.0
5.830951894845301,0.0
6.4031242374328485,0.0
7.810249675906654,0.0
7.211102550927978,0.0
6.708203932499369,0.0
6.324555320336759,0.0
6.082762530298219,0.0
6.0,0.0
6.082762530298219,0.0
6.324555320336759,0.0
6.708203932499369,0.0
7.211102550927978,0.0
1.0,0.24016259894487235
2.0,0.0022587458272714054
3.0,0.0012645060128927267
6.082762530298219,0.0009617520848082121
5.0990195135927845,4.969244611349354e-05
4.123105625617661,3.397430751362304e-07
3.1622776601683795,0.0
2.23606797749979,0.0008578944908132038
1.4142135623730951,0.07159960472613568
1.0,0.12791550137195595
1.4142135623730951,0.05011156160434363
2.23606797749979,0.00327057317726207
3.1622776601683795,0.0037460007155678005
6.324555320336759,0.0
5.385164807134504,0.0
4.47213595499958,0.0
3.605551275463989,0.0
2.8284271247461903,0.0
2.23606797749979,3.507814656588708e-06
2.0,0.000774370147883299
2.23606797749979,0.0046326519500468205
2.8284271247461903,0.0004288513331632193
3.605551275463989,2.0285922907214023e-05
6.708203932499369,0.0
5.830951894845301,0.0
5.0,0.0
4.242640687119285,0.0
3.605551275463989,0.0
3.1622776601683795,0.0
3.0,5.2697809120592243e-05
3.1622776601683795,0.00045897305788099676
3.605551275463989,0.0
4.242640687119285,0.0
7.211102550927978,0.0
6.4031242374328485,0.0
5.656854249492381,0.0
5.0,0.0
4.47213595499958,0.0
4.123105625617661,0.0
4.0,0.0
4.123105625617661,2.3739735547721985e-05
4.47213595499958,1.4573397330602875e-05
5.0,0.0
7.810249675906654,0.0
7.0710678118654755,0.0
6.4031242374328485,0.0
5.830951894845301,0.0
5.385164807134504,0.0
5.0990195135927845,0.0
5.0,0.001981323058753092
5.0990195135927845,0.007566798131314413
5.385164807134504,0.0019699489267024366
5.830951894845301,0.0
8.48528137423857,0.0
7.810249675906654,0.0
7.211102550927978,0.0
6.708203932499369,0.0
6.324555320336759,0.0
6.082762530298219,0.0
6.0,0.00023195445975619712
6.082762530298219,0.0007757202425587036
6.324555320336759,0.00011535636748972594
6.708203932499369,0.0
1.0,0.33389008323054853
2.0,0.00015059182220275396
7.0710678118654755,3.677587910741288e-05
6.082762530298219,0.0
5.0990195135927845,0.002151884144792109
4.123105625617661,0.0
3.1622776601683795,0.0002473824861473551
2.23606797749979,1.760098210002786e-06
1.4142135623730951,0.0790905846643295
1.0,0.2221272732730865
1.4142135623730951,0.048317952951382026
2.23606797749979,0.001346677856417906
7.280109889280518,0.0
6.324555320336759,0.0
5.385164807134504,0.0
4.47213595499958,0.0
3.605551275463989,0.0
2.8284271247461903,0.0
2.23606797749979,0.00021504001830221616
2.0,0.008258725327093425
2.23606797749979,0.005970848902357342
2.8284271247461903,0.0
7.615773105863909,0.0
6.708203932499369,0.0
5.830951894845301,0.0
5.0,0.0
4.242640687119285,0.0
3.605551275463989,0.0
3.1622776601683795,0.0002760787011359424
3.0,0.0010868028903607582
3.1622776601683795,0.0
3.605551275463989,0.0
8.06225774829855,0.0
7.211102550927978,0.0
6.4031242374328485,1.7992088837608042e-09
5.656854249492381,0.0
5.0,0.0
4.47213595499958,0.0
4.123105625617661,0.0
4.0,0.0
4.123105625617661,0.0
4.47213595499958,0.0
8.602325267042627,0.0
7.810249675906654,0.0
7.0710678118654755,0.0
6.4031242374328485,0.0
5.830951894845301,0.0
5.385164807134504,0.0
5.0990195135927845,0.0
5.0,0.0
5.0990195135927845,0.0
5.385164807134504,0.0
9.219544457292887,0.0
8.48528137423857,0.0
7.810249675906654,0.0
7.211102550927978,0.0
6.708203932499369,0.0
6.324555320336759,0.0
6.082762530298219,0.0
6.0,0.0
6.082762530298219,0.0
6.324555320336759,0.0
1.0,0.09548524615577217
8.06225774829855,8.252538125001038e-05
7.0710678118654755,0.0
6.082762530298219,0.003124485254086281
5.0990195135927845,0.0
4.123105625617661,0.00041134117145548644
3.1622776601683795,0.004258527063340196
2.23606797749979,1.7078970601831405e-05
1.4142135623730951,0.03630036274192202
1.0,0.41016551409297974
1.4142135623730951,0.1881993711635805
8.246211251235321,0.0
7.280109889280518,0.0
6.324555320336759,0.0
5.385164807134504,0.0
4.47213595499958,0.0
3.605551275463989,0.0
2.8284271247461903,0.0
2.23606797749979,0.00017694262936448032
2.0,0.018090380655661653
2.23606797749979,0.0014986520854769288
8.54400374531753,0.0
7.615773105863909,0.0
6.708203932499369,0.0
5.830951894845301,0.0
5.0,0.0
4.242640687119285,0.0
3.605551275463989,0.0
3.1622776601683795,0.00032885521134039096
3.0,0.0
3.1622776601683795,0.0
8.94427190999916,0.0
8.06225774829855,0.0
7.211102550927978,3.055587410129643e-08
6.4031242374328485,0.0
5.656854249492381,0.0
5.0,0.0
4.47213595499958,0.0
4.123105625617661,0.0
4.0,0.0
4.123105625617661,0.0
9.433981132056603,0.0
8.602325267042627,0.0
7.810249675906654,0.0
7.0710678118654755,0.0
6.4031242374328485,0.0
5.830951894845301,0.0
5.385164807134504,0.0
5.0990195135927845,0.0
5.0,0.0
5.0990195135927845,0.0
10.0,0.0
9.219544457292887,0.0
8.48528137423857,0.0
7.810249675906654,0.0
7.211102550927978,0.0
6.708203932499369,0.0
6.324555320336759,0.0
6.082762530298219,0.0
6.0,0.0
6.082762530298219,0.0
9.055385138137417,0.0
8.06225774829855,0.0
7.0710678118654755,0.0
6.082762530298219,0.0
5.0990195135927845,0.0
4.123105625617661,0.005154740241158393
3.1622776601683795,0.0
2.23606797749979,0.0007073223568677394
1.4142135623730951,0.12004545709872017
1.0,0.4831660499497794
9.219544457292887,0.0
8.246211251235321,0.0
7.280109889280518,0.0
6.324555320336759,0.0
5.385164807134504,0.0
4.47213595499958,0.0
3.605551275463989,0.0
2.8284271247461903,0.0
2.23606797749979,0.008531144171903675
2.0,0.003266885864187181
9.486832980505138,0.0
8.54400374531753,0.0
7.615773105863909,0.0
6.708203932499369,0.0
5.830951894845301,0.0
5.0,0.0
4.242640687119285,0.0
3.605551275463989,0.0
3.1622776601683795,0.0
3.0,0.0
9.848857801796104,0.0
8.94427190999916,0.0
8.06225774829855,0.0
7.211102550927978,0.0
6.4031242374328485,0.0
5.656854249492381,0.0
5.0,0.0
4.47213595499958,0.0
4.123105625617661,0.0
4.0,0.0
10.295630140987,0.0
9.433981132056603,0.0
8.602325267042627,0.0
7.810249675906654,0.0
7.0710678118654755,0.0
6.4031242374328485,0.0
5.830951894845301,0.0
5.385164807134504,0.0
5.0990195135927845,0.0
5.0,0.0
10.816653826391969,0.0
10.0,0.0
9.219544457292887,0.0
8.48528137423857,0.0
7.810249675906654,0.0
7.211102550927978,0.0
6.708203932499369,0.0
6.324555320336759,0.0
6.082762530298219,0.0
6.0,0.0
1.0,0.27810223832716285
2.0,0.0069712595501056455
3.0,0.006307775464994176
4.0,0.0021981159041352134
5.0,0.000648187012478857
6.0,0.00017959153859302881
7.0,9.497479176430744e-05
8.0,0.0003902197660141068
9.0,4.232947757729522e-06
1.0,0.1835879835490109
1.4142135623730951,0.04904164498293381
2.23606797749979,0.00019747483557979126
3.1622776601683795,0.00013744694173982102
4.123105625617661,0.0001646298633326738
5.0990195135927845,0.0
6.082762530298219,0.0
7.0710678118654755,0.0
8.06225774829855,7.130986837875628e-05
9.055385138137417,0.0
2.0,0.013136067975548666
2.23606797749979,0.001569977650216321
2.8284271247461903,0.0
3.605551275463989,0.0
4.47213595499958,2.6558176767761726e-05
5.385164807134504,2.3542910537582754e-06
6.324555320336759,0.000613386638626877
7.280109889280518,0.0
8.246211251235321,0.0
9.219544457292887,0.0
3.0,0.007953272238396768
3.1622776601683795,5.9298680902079335e-05
3.605551275463989,0.0
4.242640687119285,0.0
5.0,0.0
5.830951894845301,0.0
6.708203932499369,0.0
7.615773105863909,0.0
8.54400374531753,0.0
9.486832980505138,0.0
4.0,0.009039541892662546
4.123105625617661,0.0003023112128457597
4.47213595499958,0.0
5.0,0.0
5.656854249492381,0.0
6.4031242374328485,0.0
7.211102550927978,0.0
8.06225774829855,0.0
8.94427190999916,0.0
9.848857801796104,0.0
5.0,0.022949683977565822
5.0990195135927845,0.01599747104376692
5.385164807134504,0.0
5.830951894845301,0.0
6.4031242374328485,0.0
7.0710678118654755,0.0
7.810249675906654,0.0
8.602325267042627,0.0
9.433981132056603,0.0
10.295630140987,0.0
1.0,0.2027295221930826
2.0,0.002494881999968724
3.0,0.0028949163403131674
4.0,0.00011739399083933956
5.0,0.00696899285311473
6.0,0.0013136548470091874
7.0,0.00015973856685405264
8.0,0.0
1.4142135623730951,0.018734521312696838
1.0,0.3792657364577794
1.4142135623730951,0.08023226250804144
2.23606797749979,0.00022805248869598908
3.1622776601683795,0.0005826980573204122
4.123105625617661,0.0
5.0990195135927845,0.0006996066343597348
6.082762530298219,1.6652198026764538e-05
7.0710678118654755,8.22894715940547e-05
8.06225774829855,0.0
2.23606797749979,0.0005098650986090039
2.0,0.0030245172432493664
2.23606797749979,0.0001622627330317242
2.8284271247461903,0.0
3.605551275463989,3.809590386687481e-05
4.47213595499958,5.963494911581944e-05
5.385164807134504,0.0006708123122945062
6.324555320336759,0.0
7.280109889280518,0.0
8.246211251235321,0.0
3.1622776601683795,4.1881348740801664e-06
3.0,3.869961616414238e-06
3.1622776601683795,1.440477639616678e-05
3.605551275463989,0.0
4.242640687119285,0.0
5.0,0.0
5.830951894845301,0.0
6.708203932499369,0.0
7.615773105863909,0.0
8.54400374531753,0.0
4.123105625617661,0.0
4.0,0.0
4.123105625617661,0.0005845998223786852
4.47213595499958,0.0
5.0,0.0
5.656854249492381,0.0
6.4031242374328485,0.0
7.211102550927978,0.0
8.06225774829855,0.0
8.94427190999916,0.0
5.0990195135927845,0.0
5.0,0.0
5.0990195135927845,0.0
5.385164807134504,0.0
5.830951894845301,0.0
6.4031242374328485,0.0
7.0710678118654755,0.0
7.810249675906654,0.0
8.602325267042627,0.0
9.433981132056603,0.0
1.0,0.13853026414316155
2.0,0.0044397789120802725
3.0,0.0
4.0,0.0
5.0,0.00012994003447333659
6.0,0.00014195830188201035
7.0,0.0
2.23606797749979,3.776790163788651e-05
1.4142135623730951,0.07333680077018845
1.0,0.3392701748208321
1.4142135623730951,0.05508817180715925
2.23606797749979,5.860612042352625e-05
3.1622776601683795,0.0
4.123105625617661,0.0
5.0990195135927845,0.0
6.082762530298219,0.0
7.0710678118654755,0.0
2.8284271247461903,0.0
2.23606797749979,0.00021520593320152603
2.0,0.0015778394783006664
2.23606797749979,0.001870495859358144
2.8284271247461903,3.137742728187183e-05
3.605551275463989,1.44400182346509e-05
4.47213595499958,0.00038774436140382536
5.385164807134504,0.0
6.324555320336759,0.0
7.280109889280518,0.0
3.605551275463989,0.0
3.1622776601683795,0.0
3.0,6.164267470296836e-05
3.1622776601683795,0.0
3.605551275463989,0.0
4.242640687119285,0.0
5.0,0.0
5.830951894845301,0.0
6.708203932499369,0.0
7.615773105863909,0.0
4.47213595499958,0.0
4.123105625617661,0.0
4.0,0.0010124979681830758
4.123105625617661,0.0
4.47213595499958,0.0
5.0,0.0
5.656854249492381,0.0
6.4031242374328485,0.0
7.211102550927978,0.0
8.06225774829855,0.0
5.385164807134504,0.0
5.0990195135927845,0.0
5.0,0.0
5.0990195135927845,0.0
5.385164807134504,0.0
5.830951894845301,0.0
6.4031242374328485,0.0
7.0710678118654755,0.0
7.810249675906654,0.0
8.602325267042627,0.0
1.0,0.2008902547411713
2.0,0.02619668656815984
3.0,0.00039971287055576895
4.0,0.00010243640063794627
5.0,0.00010115313415320504
6.0,0.0
3.1622776601683795,0.0
2.23606797749979,0.0005971145714625433
1.4142135623730951,0.06867319006622216
1.0,0.18670086586839854
1.4142135623730951,0.05712309053661538
2.23606797749979,0.0059570862777680745
3.1622776601683795,0.0001707096616654269
4.123105625617661,0.00024688461386993996
5.0990195135927845,0.0006317041089423975
6.082762530298219,0.0
3.605551275463989,0.0
2.8284271247461903,0.0
2.23606797749979,0.002847905720891601
2.0,0.006250102986209454
2.23606797749979,0.001629876955032026
2.8284271247461903,4.068676166200958e-05
3.605551275463989,0.00032703041476038475
4.47213595499958,0.0
5.385164807134504,0.0
6.324555320336759,0.0
4.242640687119285,0.0
3.605551275463989,0.0
3.1622776601683795,0.0
3.0,0.00014513021810814343
3.1622776601683795,4.638872990767168e-05
3.605551275463989,0.0
4.242640687119285,0.0
5.0,0.0
5.830951894845301,0.0
6.708203932499369,0.0
5.0,0.0
4.47213595499958,0.0
4.123105625617661,0.0
4.0,0.0
4.123105625617661,0.0
4.47213595499958,0.0
5.0,0.0
5.656854249492381,0.0
6.4031242374328485,0.0
7.211102550927978,0.0
5.830951894845301,0.0
5.385164807134504,0.0
5.0990195135927845,0.0
5.0,0.0
5.0990195135927845,0.0
5.385164807134504,0.0
5.830951894845301,0.0
6.4031242374328485,0.0
7.0710678118654755,0.0
7.810249675906654,0.0
1.0,0.37167945362349486
2.0,0.0015244767034766884
3.0,0.00024710899496166894
4.0,0.000775875269149778
5.0,7.57829656640846e-06
4.123105625617661,0.0
3.1622776601683795,0.0
2.23606797749979,0.0015540329978041638
1.4142135623730951,0.0411433538938949
1.0,0.1973393067159814
1.4142135623730951,0.05797511389610713
2.23606797749979,0.0005826724391730279
3.1622776601683795,0.0001593387184757125
4.123105625617661,0.0005353671707115494
5.0990195135927845,0.0
4.47213595499958,0.0
3.605551275463989,0.0
2.8284271247461903,2.1142204295077203e-06
2.23606797749979,1.6336230600692154e-05
2.0,0.0009242139627635158
2.23606797749979,0.00011475925460829184
2.8284271247461903,0.00047346326537563144
3.605551275463989,0.0
4.47213595499958,0.0
5.385164807134504,0.0
5.0,0.0
4.242640687119285,0.0
3.605551275463989,0.0
3.1622776601683795,0.0
3.0,0.0
3.1622776601683795,0.0
3.605551275463989,0.0
4.242640687119285,0.0
5.0,0.0
5.830951894845301,0.0
5.656854249492381,0.0
5.0,0.0
4.47213595499958,4.102366276309822e-07
4.123105625617661,0.0
4.0,0.0
4.123105625617661,0.0
4.47213595499958,0.0
5.0,0.0
5.656854249492381,0.0
6.4031242374328485,0.0
6.4031242374328485,0.0
5.830951894845301,0.0
5.385164807134504,0.0
5.0990195135927845,0.0
5.0,0.0
5.0990195135927845,0.0
5.385164807134504,0.0
5.830951894845301,0.0
6.4031242374328485,0.0
7.0710678118654755,0.0
1.0,0.18174175894805938
2.0,0.002757049966121682
3.0,0.013256250266932
4.0,0.06293998032841946
5.0990195135927845,0.0
4.123105625617661,0.0
3.1622776601683795,2.2989804962051428e-05
2.23606797749979,0.002965237119338716
1.4142135623730951,0.07023147259642222
1.0,0.41746595431589795
1.4142135623730951,0.07155344063133025
2.23606797749979,7.88475316103994e-05
3.1622776601683795,0.0011336224172701847
4.123105625617661,0.0013622760879899746
5.385164807134504,0.0
4.47213595499958,0.0
3.605551275463989,0.0
2.8284271247461903,0.0
2.23606797749979,0.0005786621721737201
2.0,0.0035023122088848396
2.23606797749979,0.00011782081156552746
2.8284271247461903,0.0
3.605551275463989,0.0
4.47213595499958,0.0
5.830951894845301,0.0
5.0,0.0
4.242640687119285,0.0
3.605551275463989,0.0
3.1622776601683795,0.0
3.0,0.0
3.1622776601683795,0.0
3.605551275463989,0.0
4.242640687119285,0.0
5.0,0.0
6.4031242374328485,0.0
5.656854249492381,0.0
5.0,0.0
4.47213595499958,0.0
4.123105625617661,0.0
4.0,0.0
4.123105625617661,2.358605985835645e-06
4.47213595499958,0.0
5.0,0.0
5.656854249492381,0.0
7.0710678118654755,0.0
6.4031242374328485,0.0
5.830951894845301,0.0
5.385164807134504,0.0
5.0990195135927845,0.0
5.0,0.0
5.0990195135927845,0.0
5.385164807134504,0.0
5.830951894845301,0.0
6.4031242374328485,0.0
1.0,0.44653917116385056
2.0,0.0020323674287975463
3.0,0.037754497795894265
6.082762530298219,0.0
5.0990195135927845,0.0
4.123105625617661,0.0
3.1622776601683795,4.524732470764915e-05
2.23606797749979,0.0003199431360852646
1.4142135623730951,0.06177438137119961
1.0,0.24050352533046077
1.4142135623730951,0.06538933060074979
2.23606797749979,0.0007886967740176907
3.1622776601683795,0.0036091964534843307
6.324555320336759,0.0
5.385164807134504,0.0
4.47213595499958,0.0
3.605551275463989,0.0
2.8284271247461903,2.403659048724642e-06
2.23606797749979,0.00014390593578171522
2.0,0.0008705790218764025
2.23606797749979,0.0004327859544805678
2.8284271247461903,5.731862743349825e-07
3.605551275463989,2.863937897830251e-05
6.708203932499369,0.0
5.830951894845301,0.0
5.0,0.0
4.242640687119285,0.0
3.605551275463989,0.0
3.1622776601683795,0.0
3.0,0.0
3.1622776601683795,0.0
3.605551275463989,0.0
4.242640687119285,0.0
7.211102550927978,0.0
6.4031242374328485,0.0
5.656854249492381,0.0
5.0,0.0
4.47213595499958,0.0
4.123105625617661,0.0
4.0,3.8073647111795816e-05
4.123105625617661,0.0
4.47213595499958,0.0
5.0,0.0
7.810249675906654,0.0
7.0710678118654755,0.0
6.4031242374328485,0.0
5.830951894845301,0.0
5.385164807134504,0.0
5.0990195135927845,0.0
5.0,0.0
5.0990195135927845,0.0
5.385164807134504,0.0
5.830951894845301,0.0
1.0,0.2521247854271247
2.0,0.004979033651985552
7.0710678118654755,0.0
6.082762530298219,0.0
5.0990195135927845,4.277649606297908e-05
4.123105625617661,2.911629249388743e-05
3.1622776601683795,0.0
2.23606797749979,0.00038716747327962713
1.4142135623730951,0.030329090568746227
1.0,0.2606629406969482
1.4142135623730951,0.1320813046090161
2.23606797749979,0.0012015193250745893
7.280109889280518,0.0
6.324555320336759,0.0
5.385164807134504,0.0
4.47213595499958,0.0
3.605551275463989,0.0
2.8284271247461903,0.0
2.23606797749979,0.0012119776587560334
2.0,0.012441744573801584
2.23606797749979,0.0003073508692978022
2.8284271247461903,1.2058266754829918e-05
7.615773105863909,0.0
6.708203932499369,0.0
5.830951894845301,0.0
5.0,0.0
4.242640687119285,0.0
3.605551275463989,0.0
3.1622776601683795,0.0
3.0,2.2463699916887365e-05
3.1622776601683795,7.272546631837672e-06
3.605551275463989,0.0
8.06225774829855,0.0
7.211102550927978,0.0
6.4031242374328485,0.0
5.656854249492381,0.0
5.0,0.0
4.47213595499958,0.0
4.123105625617661,0.0018612261717309956
4.0,0.005620954510144164
4.123105625617661,0.0009965719858882637
4.47213595499958,0.0
8.602325267042627,0.0
7.810249675906654,0.0
7.0710678118654755,0.0
6.4031242374328485,0.0
5.830951894845301,0.0
5.385164807134504,0.0
5.0990195135927845,0.00021948666478919287
5.0,0.0006838269572122829
5.0990195135927845,5.756616270159224e-05
5.385164807134504,0.0
1.0,0.4197079330081823
8.06225774829855,0.0
7.0710678118654755,0.0
6.082762530298219,3.218813674298232e-05
5.0990195135927845,2.8751539709870853e-05
4.123105625617661,4.543637310338793e-06
3.1622776601683795,0.0014621838443603559
2.23606797749979,0.0011328039845432533
1.4142135623730951,0.027048911570317517
1.0,0.18461067297231812
1.4142135623730951,0.020726722595164723
8.246211251235321,0.0
7.280109889280518,0.0
6.324555320336759,0.0
5.385164807134504,0.0
4.47213595499958,1.6820597569772159e-06
3.605551275463989,5.106492093465988e-06
2.8284271247461903,1.5273026348731823e-06
2.23606797749979,0.0009104067927016632
2.0,0.0004908693470348676
2.23606797749979,0.0005105141638233197
8.54400374531753,0.0
7.615773105863909,0.0
6.708203932499369,0.0
5.830951894845301,0.0
5.0,0.0
4.242640687119285,0.0
3.605551275463989,0.0
3.1622776601683795,4.7988974372328206e-05
3.0,0.0012084005167510153
3.1622776601683795,0.0
8.94427190999916,0.0
8.06225774829855,0.0
7.211102550927978,0.0
6.4031242374328485,0.0
5.656854249492381,0.0
5.0,0.0
4.47213595499958,0.0
4.123105625617661,0.0
4.0,5.1010631917204525e-05
4.123105625617661,0.0
9.433981132056603,0.0
8.602325267042627,0.0
7.810249675906654,0.0
7.0710678118654755,0.0
6.4031242374328485,0.0
5.830951894845301,0.0
5.385164807134504,0.0
5.0990195135927845,0.0
5.0,0.0
5.0990195135927845,0.0
9.055385138137417,0.0
8.06225774829855,0.0
7.0710678118654755,0.0
6.082762530298219,0.0
5.0990195135927845,0.00017376133842236766
4.123105625617661,0.04281086791607263
3.1622776601683795,0.030049216321395074
2.23606797749979,0.0018672309571883929
1.4142135623730951,0.1299148395356432
1.0,0.3250053428553638
9.219544457292887,0.0
8.246211251235321,0.0
7.280109889280518,0.0
6.324555320336759,0.0
5.385164807134504,6.432664729064172e-05
4.47213595499958,0.00019528647209249335
3.605551275463989,0.0
2.8284271247461903,0.0
2.23606797749979,0.0022591190837807367
2.0,0.03240919498796785
9.486832980505138,0.0
8.54400374531753,0.0
7.615773105863909,0.0
6.708203932499369,0.0
5.830951894845301,0.0
5.0,0.0
4.242640687119285,0.0
3.605551275463989,0.00012913709727968928
3.1622776601683795,0.0045849673547039395
3.0,0.016713299593091275
9.848857801796104,0.0
8.94427190999916,0.0
8.06225774829855,0.0
7.211102550927978,0.0
6.4031242374328485,0.0
5.656854249492381,0.0
5.0,0.0
4.47213595499958,0.0
4.123105625617661,0.00013726830011163816
4.0,4.9748692253454415e-05
10.295630140987,0.0
9.433981132056603,0.0
8.602325267042627,0.0
7.810249675906654,0.0
7.0710678118654755,0.0
6.4031242374328485,0.0
5.830951894845301,0.0
5.385164807134504,0.0
5.0990195135927845,0.0
5.0,0.0
1.0,0.15316810772426642
2.0,0.0011788222943987668
3.0,8.222530392877082e-07
4.0,0.009422590760528697
5.0,0.0
6.0,1.6043520085734168e-06
7.0,0.0
8.0,0.0
9.0,0.0
1.0,0.2487533817837038
1.4142135623730951,0.03628570507684061
2.23606797749979,0.00028337750568835574
3.1622776601683795,2.8261214906837565e-06
4.123105625617661,0.001699684346570848
5.0990195135927845,0.00032969008649253535
6.082762530298219,6.418507416739267e-07
7.0710678118654755,0.0
8.06225774829855,0.0
9.055385138137417,0.0
2.0,0.009650492209979218
2.23606797749979,0.0005511906806964527
2.8284271247461903,0.0
3.605551275463989,0.0
4.47213595499958,0.0
5.385164807134504,0.0
6.324555320336759,0.0
7.280109889280518,0.0
8.246211251235321,0.0
9.219544457292887,0.0
3.0,7.051367276988996e-06
3.1622776601683795,0.0
3.605551275463989,0.0
4.242640687119285,0.0
5.0,0.0
5.830951894845301,0.0
6.708203932499369,0.0
7.615773105863909,0.0
8.54400374531753,0.0
9.486832980505138,0.0
4.0,0.0
4.123105625617661,0.0
4.47213595499958,0.0
5.0,0.0
5.656854249492381,0.0
6.4031242374328485,0.0
7.211102550927978,0.0
8.06225774829855,0.0
8.94427190999916,0.0
9.848857801796104,0.0
1.0,0.2830960988011875
2.0,0.0004448937640501056
3.0,0.005383723094171562
4.0,0.0
5.0,0.0008927924655590235
6.0,0.0
7.0,0.0
8.0,0.0
1.4142135623730951,0.07176875430124631
1.0,0.32263961766630755
1.4142135623730951,0.02491451120989809
2.23606797749979,0.0007997070578678936
3.1622776601683795,0.0016589317136315616
4.123105625617661,0.001262716997181971
5.0990195135927845,0.00024509747125681477
6.082762530298219,0.0
7.0710678118654755,0.0
8.06225774829855,0.0
2.23606797749979,0.0013710011648336458
2.0,0.008411615849904337
2.23606797749979,5.0715930565713656e-05
2.8284271247461903,0.0
3.605551275463989,0.0
4.47213595499958,0.0
5.385164807134504,0.0
6.324555320336759,0.0
7.280109889280518,0.0
8.246211251235321,0.0
3.1622776601683795,1.0434819903065506e-08
3.0,1.5000663836653906e-05
3.1622776601683795,0.0
3.605551275463989,0.0
4.242640687119285,0.0
5.0,0.0
5.830951894845301,0.0
6.708203932499369,0.0
7.615773105863909,0.0
8.54400374531753,0.0
4.123105625617661,0.0
4.0,0.0
4.123105625617661,0.0
4.47213595499958,0.0
5.0,0.0
5.656854249492381,0.0
6.4031242374328485,0.0
7.211102550927978,0.0
8.06225774829855,0.0
8.94427190999916,0.0
1.0,0.25431912934578765
2.0,0.0046271556359191125
3.0,0.0006751092450344373
4.0,8.579411388401489e-05
5.0,0.00011564686154087764
6.0,0.00017999630482650744
7.0,0.0
2.23606797749979,0.001058126421755637
1.4142135623730951,0.06003694869509541
1.0,0.09526693088749896
1.4142135623730951,0.04517484526548967
2.23606797749979,0.0011712555705652304
3.1622776601683795,0.00011868248956483856
4.123105625617661,0.002800182636327646
5.0990195135927845,6.624235538439481e-06
6.082762530298219,1.3746602915708898e-06
7.0710678118654755,3.0429125226536497e-05
2.8284271247461903,0.0
2.23606797749979,0.0008774626417152845
2.0,2.8239972914065777e-05
2.23606797749979,7.254977093184511e-05
2.8284271247461903,1.8999143385227352e-05
3.605551275463989,2.2271724541441014e-07
4.47213595499958,1.885835115847296e-06
5.385164807134504,0.0
6.324555320336759,1.1101699321860946e-05
7.280109889280518,0.00013568399881896826
3.605551275463989,0.0
3.1622776601683795,4.628870937099112e-06
3.0,3.548019082052797e-05
3.1622776601683795,0.0
3.605551275463989,5.0161475476778e-08
4.242640687119285,0.0
5.0,9.80628213404333e-09
5.830951894845301,0.0
6.708203932499369,1.1895580677488475e-06
7.615773105863909,2.485572571010026e-05
4.47213595499958,0.0
4.123105625617661,0.0
4.0,1.4641865658085047e-07
4.123105625617661,0.0
4.47213595499958,0.0
5.0,0.0
5.656854249492381,0.0
6.4031242374328485,0.0
7.211102550927978,0.0
8.06225774829855,0.0
1.0,0.3067406797217509
2.0,0.004470908742066166
3.0,1.932426014045701e-05
4.0,7.017392826095447e-05
5.0,0.00017955415741876393
6.0,0.0
3.1622776601683795,0.0
2.23606797749979,0.0026095099082573477
1.4142135623730951,0.09946801390723373
1.0,0.26799986261425857
1.4142135623730951,0.04658729465981971
2.23606797749979,0.0037475943746715233
3.1622776601683795,0.003050021654207653
4.123105625617661,0.0
5.0990195135927845,7.4822161992061485e-06
6.082762530298219,0.0
3.605551275463989,0.0
2.8284271247461903,0.0
2.23606797749979,0.0010584750990806178
2.0,0.0035683718489049623
2.23606797749979,0.00019127243818017932
2.8284271247461903,0.0
3.605551275463989,0.0
4.47213595499958,4.622523314668111e-05
5.385164807134504,1.3733764880889265e-05
6.324555320336759,0.0
4.242640687119285,0.0
3.605551275463989,0.0
3.1622776601683795,5.5844447885573245e-06
3.0,0.0
3.1622776601683795,0.0
3.605551275463989,0.0
4.242640687119285,6.131504490801516e-06
5.0,0.0006008276403146042
5.830951894845301,9.587291554938046e-05
6.708203932499369,0.0
5.0,0.0
4.47213595499958,0.0
4.123105625617661,0.0
4.0,0.0
4.123105625617661,0.0
4.47213595499958,0.0
5.0,0.0
5.656854249492381,0.0
6.4031242374328485,0.0
7.211102550927978,0.0
1.0,0.26916345503184885
2.0,0.005949601434888488
3.0,7.875428440484276e-05
4.0,0.00046104326798137397
5.0,0.0028084546993939153
4.123105625617661,0.005360462586433299
3.1622776601683795,0.0003680890010845248
2.23606797749979,0.0013174499032474394
1.4142135623730951,0.011754646483493704
1.0,0.09479115702380826
1.4142135623730951,0.016776634188688282
2.23606797749979,0.0032652230253545854
3.1622776601683795,0.0
4.123105625617661,3.525869555521356e-05
5.0990195135927845,0.0016331011312926047
4.47213595499958,0.002237535607603495
3.605551275463989,2.2072343003641604e-06
2.8284271247461903,0.0
2.23606797749979,1.7171421298624905e-05
2.0,0.00012788287521895138
2.23606797749979,1.973673052076728e-05
2.8284271247461903,0.0
3.605551275463989,0.0
4.47213595499958,0.0
5.385164807134504,0.0
5.0,0.0
4.242640687119285,0.0
3.605551275463989,0.0
3.1622776601683795,0.0
3.0,0.0002718043784494126
3.1622776601683795,0.0009745691260373821
3.605551275463989,1.2668586799320522e-06
4.242640687119285,0.0
5.0,0.0
5.830951894845301,0.0
5.656854249492381,0.0
5.0,0.0
4.47213595499958,0.0
4.123105625617661,0.0
4.0,0.00011496605603522591
4.123105625617661,0.0004564207484924121
4.47213595499958,1.2450205052498166e-06
5.0,0.0
5.656854249492381,0.0
6.4031242374328485,0.0
1.0,0.3817371216370716
2.0,0.0005016948509040946
3.0,0.0002961991454096589
4.0,0.001091116903036065
5.0990195135927845,0.0
4.123105625617661,0.0
3.1622776601683795,5.9816250065644994e-05
2.23606797749979,0.00010465721800832954
1.4142135623730951,0.0444860664857163
1.0,0.2733472300238398
1.4142135623730951,0.09312507251528324
2.23606797749979,7.50356865196744e-05
3.1622776601683795,0.0
4.123105625617661,0.0
5.385164807134504,0.0
4.47213595499958,0.0
3.605551275463989,0.0
2.8284271247461903,0.0
2.23606797749979,3.0356350434307666e-05
2.0,0.0002028242314086603
2.23606797749979,0.00010725300214445063
2.8284271247461903,0.0
3.605551275463989,0.0
4.47213595499958,0.0
5.830951894845301,0.0
5.0,0.0
4.242640687119285,0.0
3.605551275463989,0.0
3.1622776601683795,0.00042261356062768833
3.0,0.0015153035090239638
3.1622776601683795,3.3397397846963486e-06
3.605551275463989,0.0
4.242640687119285,0.0
5.0,0.0
6.4031242374328485,0.0
5.656854249492381,0.0
5.0,0.0
4.47213595499958,0.0
4.123105625617661,0.00017875434740802706
4.0,0.0007096633202346773
4.123105625617661,1.9358133661413268e-06
4.47213595499958,0.0
5.0,0.0
5.656854249492381,0.0
1.0,0.07705701869369129
2.0,0.0021859301254829344
3.0,0.0019207646424853752
6.082762530298219,0.0
5.0990195135927845,4.4466824770921555e-06
4.123105625617661,0.0
3.1622776601683795,0.0
2.23606797749979,0.003473064667698292
1.4142135623730951,0.13732756896585868
1.0,0.358972207219092
1.4142135623730951,0.0933395079492236
2.23606797749979,0.00029009293872213506
3.1622776601683795,6.60979528449027e-05
6.324555320336759,0.0
5.385164807134504,0.0
4.47213595499958,0.0
3.605551275463989,0.0
2.8284271247461903,0.0
2.23606797749979,0.00011462052743551333
2.0,0.0014651752030712221
2.23606797749979,0.00024379801873583419
2.8284271247461903,0.0
3.605551275463989,0.0
6.708203932499369,0.0
5.830951894845301,0.0
5.0,0.0
4.242640687119285,0.0
3.605551275463989,0.0
3.1622776601683795,0.0
3.0,2.363468668531575e-05
3.1622776601683795,0.0
3.605551275463989,0.0
4.242640687119285,0.0
7.211102550927978,0.0
6.4031242374328485,0.0
5.656854249492381,0.0
5.0,0.0
4.47213595499958,0.0
4.123105625617661,0.0
4.0,0.0
4.123105625617661,0.0
4.47213595499958,0.0
5.0,0.0
1.0,0.18762379688148728
2.0,0.009680486344512606
7.0710678118654755,0.0
6.082762530298219,0.0
5.0990195135927845,0.0
4.123105625617661,0.0
3.1622776601683795,0.0001761704829333185
2.23606797749979,0.0007341822221448778
1.4142135623730951,0.03955321476799058
1.0,0.3517927867861453
1.4142135623730951,0.023489050302975874
2.23606797749979,0.005177204375974611
7.280109889280518,0.0
6.324555320336759,0.0
5.385164807134504,0.0
4.47213595499958,0.0
3.605551275463989,0.0
2.8284271247461903,7.70168362163453e-07
2.23606797749979,0.002413372086731551
2.0,0.000764469298575428
2.23606797749979,0.0
2.8284271247461903,0.0
7.615773105863909,0.0
6.708203932499369,8.390641063906055e-07
5.830951894845301,0.0
5.0,0.0
4.242640687119285,0.0
3.605551275463989,0.0
3.1622776601683795,2.706441290529243e-07
3.0,0.0
3.1622776601683795,0.0
3.605551275463989,0.0
8.06225774829855,0.0
7.211102550927978,0.0
6.4031242374328485,0.0
5.656854249492381,0.0
5.0,0.0
4.47213595499958,0.0
4.123105625617661,0.0
4.0,0.0
4.123105625617661,0.0
4.47213595499958,0.0
1.0,0.23244317670098236
8.06225774829855,0.0
7.0710678118654755,0.0
6.082762530298219,0.0
5.0990195135927845,0.0
4.123105625617661,0.0002739140957456687
3.1622776601683795,0.0006452947124439586
2.23606797749979,0.0012206074207550912
1.4142135623730951,0.03742760143409558
1.0,0.36761492561468107
1.4142135623730951,0.10948949334258128
8.246211251235321,0.0
7.280109889280518,0.0
6.324555320336759,0.0
5.385164807134504,0.0
4.47213595499958,0.0
3.605551275463989,0.0
2.8284271247461903,0.0
2.23606797749979,0.0004605688559080377
2.0,0.004327179261999276
2.23606797749979,0.0009191782610806731
8.54400374531753,0.0
7.615773105863909,7.35655809347647e-05
6.708203932499369,0.0
5.830951894845301,0.0
5.0,0.0
4.242640687119285,0.0
3.605551275463989,0.0
3.1622776601683795,0.0
3.0,0.0
3.1622776601683795,0.0
8.94427190999916,0.0
8.06225774829855,0.0
7.211102550927978,0.0
6.4031242374328485,0.0
5.656854249492381,0.0
5.0,0.0
4.47213595499958,0.0
4.123105625617661,0.0
4.0,0.0
4.123105625617661,0.0
9.055385138137417,0.0
8.06225774829855,0.0
7.0710678118654755,0.0
6.082762530298219,0.0
5.0990195135927845,0.0010399979815917555
4.123105625617661,0.0031987044103898906
3.1622776601683795,0.0001536163041516383
2.23606797749979,0.0
1.4142135623730951,0.030305783468644577
1.0,0.42094104079476863
9.219544457292887,0.0
8.246211251235321,0.0
7.280109889280518,0.0
6.324555320336759,0.0
5.385164807134504,0.0
4.47213595499958,0.0
3.605551275463989,0.0
2.8284271247461903,3.4672184184354837e-05
2.23606797749979,0.003336688649408814
2.0,0.015996367897926335
9.486832980505138,0.0
8.54400374531753,1.5408339235174008e-06
7.615773105863909,0.0
6.708203932499369,0.0
5.830951894845301,0.0
5.0,0.0
4.242640687119285,0.0
3.605551275463989,0.0
3.1622776601683795,0.0
3.0,4.186696364612961e-05
9.848857801796104,0.0
8.94427190999916,0.0
8.06225774829855,0.0
7.211102550927978,0.0
6.4031242374328485,0.0
5.656854249492381,0.0
5.0,0.0
4.47213595499958,0.0
4.123105625617661,0.0
4.0,0.0
1.0,0.3460353554960208
2.0,0.0021308702068988205
3.0,1.5389031675657643e-05
4.0,0.0017041446589073296
5.0,0.0005679748386856977
6.0,9.276667766576725e-05
7.0,0.0
8.0,0.0
9.0,0.0
1.0,0.21997653899695832
1.4142135623730951,0.04556354660517489
2.23606797749979,0.0004531452580657775
3.1622776601683795,0.0009130238316745705
4.123105625617661,7.384095156062279e-05
5.0990195135927845,1.1497500365041505e-05
6.082762530298219,0.0
7.0710678118654755,0.0
8.06225774829855,0.0
9.055385138137417,0.0
2.0,0.009655289822604001
2.23606797749979,0.0012775368351352707
2.8284271247461903,0.0
3.605551275463989,0.00011698695609567197
4.47213595499958,3.6800972921960175e-06
5.385164807134504,0.0
6.324555320336759,0.0
7.280109889280518,0.0
8.246211251235321,0.0
9.219544457292887,0.0
3.0,0.016595335240962097
3.1622776601683795,0.011110802188903356
3.605551275463989,0.0
4.242640687119285,0.0
5.0,0.0
5.830951894845301,0.0
6.708203932499369,0.0
7.615773105863909,0.0
8.54400374531753,0.0
9.486832980505138,0.0
1.0,0.29363858647986935
2.0,0.013402225520926493
3.0,0.002463920896893927
4.0,0.0013683015800432564
5.0,0.0015893760536384036
6.0,0.0
7.0,0.0
8.0,0.0
1.4142135623730951,0.050857539943878025
1.0,0.23289261402643788
1.4142135623730951,0.08302300782447099
2.23606797749979,0.005231986385949536
3.1622776601683795,2.7457832356005593e-07
4.123105625617661,6.312735028948696e-05
5.0990195135927845,0.0005345242741521662
6.082762530298219,0.0
7.0710678118654755,0.0
8.06225774829855,0.0
2.23606797749979,0.00034934504180057194
2.0,0.0035671479136206146
2.23606797749979,0.0006080688377922579
2.8284271247461903,0.0
3.605551275463989,1.4217852899392914e-05
4.47213595499958,0.0
5.385164807134504,2.7795090863369573e-06
6.324555320336759,0.0
7.280109889280518,0.0
8.246211251235321,0.0
3.1622776601683795,0.0
3.0,0.0
3.1622776601683795,0.0
3.605551275463989,0.0
4.242640687119285,0.0
5.0,0.0
5.830951894845301,0.0
6.708203932499369,0.0
7.615773105863909,0.0
8.54400374531753,0.0
1.0,0.3212503143484866
2.0,0.016674755544662818
3.0,0.0012599995252314325
4.0,0.005743772095572372
5.0,0.0
6.0,1.333187256038629e-05
7.0,0.0
2.23606797749979,0.001012444042959206
1.4142135623730951,0.07091872690139757
1.0,0.35892740311449195
1.4142135623730951,0.18686801081586216
2.23606797749979,9.602961407964241e-05
3.1622776601683795,7.032739134020017e-05
4.123105625617661,0.0006202915073991226
5.0990195135927845,8.236448947453322e-05
6.082762530298219,2.5301471206315293e-05
7.0710678118654755,0.0
2.8284271247461903,1.4897191485817565e-05
2.23606797749979,0.0010186727894366057
2.0,0.0018564217859190196
2.23606797749979,0.0
2.8284271247461903,1.5839481623855298e-05
3.605551275463989,0.0
4.47213595499958,1.4021691900230296e-05
5.385164807134504,0.0010705594864101604
6.324555320336759,0.00017082712635764643
7.280109889280518,0.0
3.605551275463989,0.0
3.1622776601683795,0.0
3.0,0.0
3.1622776601683795,0.0
3.605551275463989,0.0
4.242640687119285,0.0
5.0,0.0
5.830951894845301,0.0
6.708203932499369,0.0
7.615773105863909,0.0
1.0,0.27565129938705185
2.0,0.005656214902504153
3.0,0.003897802872540985
4.0,0.0
5.0,1.4417400561769419e-05
6.0,0.0
3.1622776601683795,5.155214401319834e-05
2.23606797749979,0.0014933523045016135
1.4142135623730951,0.08374106143739109
1.0,0.18537451735408025
1.4142135623730951,0.016955421147626545
2.23606797749979,0.001008341523089131
3.1622776601683795,0.0
4.123105625617661,8.907089618816304e-05
5.0990195135927845,3.057079906725294e-05
6.082762530298219,0.0
3.605551275463989,0.0
2.8284271247461903,0.0
2.23606797749979,8.9881273921513e-05
2.0,0.0006215279156098405
2.23606797749979,2.6686762178839443e-05
2.8284271247461903,0.0
3.605551275463989,1.181472894348504e-05
4.47213595499958,0.0011577282089118776
5.385164807134504,0.00018473647241665692
6.324555320336759,0.0
4.242640687119285,0.0
3.605551275463989,0.0
3.1622776601683795,4.867010161802516e-05
3.0,0.00046493437209416393
3.1622776601683795,6.080238391609517e-06
3.605551275463989,0.0
4.242640687119285,0.0
5.0,0.0
5.830951894845301,0.0
6.708203932499369,0.0
1.0,0.13944210199586313
2.0,0.011349607714241875
3.0,0.002747419185831141
4.0,0.0007774911260991079
5.0,0.0006307643938711824
4.123105625617661,0.0014437831359696337
3.1622776601683795,0.0003625160695691724
2.23606797749979,0.0015936021670144107
1.4142135623730951,0.04266907491327238
1.0,0.2803979563419897
1.4142135623730951,0.028006262082655616
2.23606797749979,0.0017170832521529696
3.1622776601683795,0.0002449335464131409
4.123105625617661,2.297207607143152e-05
5.0990195135927845,0.0
4.47213595499958,1.3453053243031057e-05
3.605551275463989,2.4454027843312108e-05
2.8284271247461903,0.0
2.23606797749979,0.00037185559359606714
2.0,0.003433273263646379
2.23606797749979,0.007267743689095583
2.8284271247461903,1.0199589435612744e-05
3.605551275463989,0.0
4.47213595499958,0.0
5.385164807134504,0.0
5.0,0.0
4.242640687119285,0.0
3.605551275463989,0.0
3.1622776601683795,1.295809080612483e-07
3.0,0.0007888296327241297
3.1622776601683795,0.003129633389532445
3.605551275463989,8.536986446721885e-06
4.242640687119285,0.0
5.0,0.0
5.830951894845301,0.0
1.0,0.3004800529156477
2.0,0.005885802100118624
3.0,0.0005108866842727116
4.0,0.001971001212345068
5.0990195135927845,0.0022116673158044772
4.123105625617661,0.0029200040894794906
3.1622776601683795,0.0005166186086124893
2.23606797749979,0.000614748881525775
1.4142135623730951,0.014650523433497362
1.0,0.15197295663765042
1.4142135623730951,0.07534996157832054
2.23606797749979,0.0008324107946617496
3.1622776601683795,0.0019349991164513052
4.123105625617661,0.0008171488333739086
5.385164807134504,3.466001000679434e-05
4.47213595499958,6.300256413499937e-05
3.605551275463989,0.0
2.8284271247461903,0.0
2.23606797749979,0.002532988112760721
2.0,0.0051723331552321694
2.23606797749979,0.00011991509619236696
2.8284271247461903,0.0
3.605551275463989,9.07221665948603e-06
4.47213595499958,1.1409380593096588e-05
5.830951894845301,0.0
5.0,0.0
4.242640687119285,0.0
3.605551275463989,0.0
3.1622776601683795,0.0005420711833154107
3.0,0.003270532399806436
3.1622776601683795,0.001643787100415245
3.605551275463989,4.053728420010671e-06
4.242640687119285,0.0
5.0,0.0
1.0,0.2924011017659986
2.0,0.002996886669659844
3.0,0.0005894601643057503
6.082762530298219,0.0009656168262257709
5.0990195135927845,0.004629828453337382
4.123105625617661,0.005059141962373146
3.1622776601683795,0.0035616738766227002
2.23606797749979,0.0016109739505834426
1.4142135623730951,0.15425198802426987
1.0,0.22454381992841055
1.4142135623730951,0.023673405687944973
2.23606797749979,0.007217812922293418
3.1622776601683795,0.0031903247277948036
6.324555320336759,7.440462724749078e-05
5.385164807134504,7.262600601963277e-05
4.47213595499958,0.0002311269992176662
3.605551275463989,0.00030485439975124596
2.8284271247461903,0.0021824914069560777
2.23606797749979,0.0010828993933479558
2.0,0.0015065917311644409
2.23606797749979,0.0005172883729058762
2.8284271247461903,0.0007130339989084339
3.605551275463989,0.002146965528795051
6.708203932499369,0.00014355261623713036
5.830951894845301,0.001054603872791899
5.0,0.0011238863516970855
4.242640687119285,0.0009033354265688982
3.605551275463989,0.0
3.1622776601683795,0.004844137544499833
3.0,0.008037517890008505
3.1622776601683795,0.0018644509103321607
3.605551275463989,0.00017477588424263336
4.242640687119285,0.0001521389975022023
1.0,0.07368505356965005
2.0,0.00031148388394621303
7.0710678118654755,0.0
6.082762530298219,0.0
5.0990195135927845,0.0
4.123105625617661,1.9636430113848032e-06
3.1622776601683795,0.0
2.23606797749979,0.0011147847666587189
1.4142135623730951,0.15304053079152063
1.0,0.2891298684059533
1.4142135623730951,0.01598678214788328
2.23606797749979,0.00014086382769311576
7.280109889280518,0.0
6.324555320336759,0.0
5.385164807134504,0.0
4.47213595499958,0.0
3.605551275463989,0.0
2.8284271247461903,0.0
2.23606797749979,0.0010535833744079643
2.0,0.004118798345913986
2.23606797749979,2.4116753007513373e-05
2.8284271247461903,0.0
7.615773105863909,0.0
6.708203932499369,0.0
5.830951894845301,0.0
5.0,0.0
4.242640687119285,0.0
3.605551275463989,0.0
3.1622776601683795,0.0
3.0,0.0
3.1622776601683795,0.0
3.605551275463989,0.0
1.0,0.1355139103874418
8.06225774829855,0.0
7.0710678118654755,0.0
6.082762530298219,0.0
5.0990195135927845,3.7467507151785485e-07
4.123105625617661,0.0
3.1622776601683795,0.0
2.23606797749979,0.0003278725129730484
1.4142135623730951,0.01483638575762394
1.0,0.4036502291226049
1.4142135623730951,0.08455644145949658
8.246211251235321,0.0
7.280109889280518,9.799882902772763e-05
6.324555320336759,2.7618367720282943e-05
5.385164807134504,0.0
4.47213595499958,0.0
3.605551275463989,0.0
2.8284271247461903,3.0323900068366522e-05
2.23606797749979,0.00315014355414754
2.0,0.001280027684313268
2.23606797749979,0.004298403206207428
8.54400374531753,0.0
7.615773105863909,0.0
6.708203932499369,8.566579981555522e-08
5.830951894845301,0.0
5.0,0.0
4.242640687119285,9.527128691282316e-05
3.605551275463989,0.0
3.1622776601683795,0.0
3.0,0.0
3.1622776601683795,0.0003195241207094778
9.055385138137417,0.0
8.06225774829855,0.0
7.0710678118654755,0.0
6.082762530298219,0.0
5.0990195135927845,0.0
4.123105625617661,0.0
3.1622776601683795,0.0
2.23606797749979,0.00050559049124857
1.4142135623730951,0.06768786725814399
1.0,0.33749585824797
9.219544457292887,0.0
8.246211251235321,6.731249951499119e-06
7.280109889280518,0.0
6.324555320336759,0.0
5.385164807134504,0.0
4.47213595499958,0.0
3.605551275463989,0.0
2.8284271247461903,0.0
2.23606797749979,0.00421783127418742
2.0,0.03617137001618499
9.486832980505138,0.0
8.54400374531753,0.0
7.615773105863909,7.291161941716164e-05
6.708203932499369,0.0
5.830951894845301,0.0
5.0,2.7412359667341856e-05
4.242640687119285,0.0
3.605551275463989,0.0
3.1622776601683795,0.0
3.0,0.0058131909877738724
1.0,0.2004132788619153
2.0,0.001168962618411728
3.0,0.0037676086076764443
4.0,0.00037530285526119844
5.0,0.0017497983427634208
6.0,0.000528935968554573
7.0,0.0
8.0,0.0
9.0,0.0
1.0,0.16600761806576803
1.4142135623730951,0.028916721731691592
2.23606797749979,2.602909966328212e-05
3.1622776601683795,0.0004670197612608144
4.123105625617661,1.469119478083025e-05
5.0990195135927845,0.0
6.082762530298219,0.0
7.0710678118654755,0.0
8.06225774829855,0.0
9.055385138137417,0.0
2.0,0.04061391192083466
2.23606797749979,0.02648705279833003
2.8284271247461903,0.0
3.605551275463989,0.0
4.47213595499958,0.0
5.385164807134504,0.0
6.324555320336759,0.0
7.280109889280518,0.0
8.246211251235321,0.0
9.219544457292887,0.0
1.0,0.20354644706412972
2.0,0.006945830340599073
3.0,0.0002668736522007763
4.0,0.004979034046659932
5.0,0.005772925769192312
6.0,0.0
7.0,0.0
8.0,0.0
1.4142135623730951,0.020875796069906975
1.0,0.22879419810425466
1.4142135623730951,0.02918461488050176
2.23606797749979,0.0018729228375872044
3.1622776601683795,0.00038262982135866196
4.123105625617661,0.0
5.0990195135927845,2.1760046218539438e-05
6.082762530298219,5.323636574076442e-07
7.0710678118654755,0.00022295570216667677
8.06225774829855,0.0
2.23606797749979,0.004262804142518377
2.0,0.0043243580315349105
2.23606797749979,0.00010712958948084121
2.8284271247461903,0.0
3.605551275463989,0.0
4.47213595499958,0.0
5.385164807134504,0.0
6.324555320336759,0.0
7.280109889280518,0.0
8.246211251235321,0.0
1.0,0.44273306668985557
2.0,0.004039312864214843
3.0,0.0002718418269518357
4.0,0.0025878259469202195
5.0,0.0
6.0,6.121021121809089e-05
7.0,5.97654787656685e-06
2.23606797749979,7.18433313859999e-05
1.4142135623730951,0.01588470651766729
1.0,0.1258190137417106
1.4142135623730951,0.1124693964855448
2.23606797749979,0.0017626849355778203
3.1622776601683795,0.0
4.123105625617661,1.1969246683000717e-05
5.0990195135927845,4.559070150871577e-06
6.082762530298219,0.0010374535573084186
7.0710678118654755,3.357847501706246e-05
2.8284271247461903,0.0
2.23606797749979,0.0018437439386265783
2.0,0.0009862274729086741
2.23606797749979,0.0
2.8284271247461903,0.0
3.605551275463989,0.0
4.47213595499958,0.0
5.385164807134504,0.0
6.324555320336759,0.00012275710782174573
7.280109889280518,0.0
1.0,0.22952071109444486
2.0,0.01593166980521499
3.0,3.129185046176194e-05
4.0,4.2843648533333396e-05
5.0,0.000253508267553547
6.0,0.0
3.1622776601683795,5.453034679618344e-05
2.23606797749979,0.007231922952706132
1.4142135623730951,0.11449320888124127
1.0,0.2687694997883803
1.4142135623730951,0.10300957649239265
2.23606797749979,0.00042378103596777615
3.1622776601683795,0.0
4.123105625617661,1.9797517090208096e-06
5.0990195135927845,3.716823712617691e-06
6.082762530298219,0.0
3.605551275463989,0.0
2.8284271247461903,0.0013250458220566794
2.23606797749979,0.0008520563928132756
2.0,2.725141105063773e-06
2.23606797749979,1.0901951795932826e-05
2.8284271247461903,6.0220427211650905e-06
3.605551275463989,2.3873147994632155e-07
4.47213595499958,0.0
5.385164807134504,0.0
6.324555320336759,0.0
1.0,0.17765272685656333
2.0,0.002561164154790832
3.0,0.00011064011704657637
4.0,4.696222383496062e-06
5.0,0.0
4.123105625617661,0.00012733079713658668
3.1622776601683795,2.368376942106823e-06
2.23606797749979,0.000676490400639333
1.4142135623730951,0.07675435921394987
1.0,0.322401981847317
1.4142135623730951,0.05298591906036844
2.23606797749979,0.0025125687681249167
3.1622776601683795,0.00012168564108269226
4.123105625617661,0.0
5.0990195135927845,0.0
4.47213595499958,9.739363212680424e-06
3.605551275463989,0.0
2.8284271247461903,0.0
2.23606797749979,6.530419987815259e-08
2.0,1.0395058318511496e-06
2.23606797749979,0.00012007008869373846
2.8284271247461903,4.621941276843711e-06
3.605551275463989,0.0
4.47213595499958,0.0
5.385164807134504,0.0
1.0,0.21683747455576144
2.0,0.0053291085472155445
3.0,0.0
4.0,0.0
5.0990195135927845,0.0037275115555764527
4.123105625617661,6.530886454014854e-05
3.1622776601683795,2.1883127545088085e-05
2.23606797749979,0.004422324393325181
1.4142135623730951,0.17521362894493403
1.0,0.28393583556693125
1.4142135623730951,0.03709613541063297
2.23606797749979,0.00441468398348273
3.1622776601683795,0.0
4.123105625617661,0.0
5.385164807134504,0.00037674562631539885
4.47213595499958,0.0
3.605551275463989,0.0
2.8284271247461903,0.0
2.23606797749979,0.0002448465777118979
2.0,0.009751535059940437
2.23606797749979,0.0003547538061593777
2.8284271247461903,2.6678841436204212e-06
3.605551275463989,0.0
4.47213595499958,0.0
1.0,0.17274541747683245
2.0,0.005690260490464505
3.0,0.0
6.082762530298219,0.0
5.0990195135927845,0.000192041540964631
4.123105625617661,0.00020415334671744782
3.1622776601683795,0.0
2.23606797749979,0.001824086006286395
1.4142135623730951,0.044645760137897735
1.0,0.18793108579818457
1.4142135623730951,0.03985193933329929
2.23606797749979,0.00011505469501940753
3.1622776601683795,0.0
6.324555320336759,0.0
5.385164807134504,0.0
4.47213595499958,0.0
3.605551275463989,0.0
2.8284271247461903,0.0
2.23606797749979,0.0016460326561079694
2.0,0.0005032096404253295
2.23606797749979,0.00039144043066555563
2.8284271247461903,0.0
3.605551275463989,0.0
1.0,0.249257006553828
2.0,0.0010377439347099538
7.0710678118654755,0.0
6.082762530298219,0.0
5.0990195135927845,0.00017062665031468925
4.123105625617661,0.0
3.1622776601683795,0.00045482054962928657
2.23606797749979,0.003238242480501022
1.4142135623730951,0.026511228952338577
1.0,0.19289790927402728
1.4142135623730951,0.018369560518937032
2.23606797749979,0.00013757827834445888
7.280109889280518,0.0
6.324555320336759,0.0
5.385164807134504,0.0
4.47213595499958,0.0
3.605551275463989,0.0
2.8284271247461903,1.7332970990877746e-06
2.23606797749979,0.00021563343452517844
2.0,0.0003904731740820433
2.23606797749979,0.0
2.8284271247461903,0.0
1.0,0.2391506281797171
8.06225774829855,0.0
7.0710678118654755,0.0
6.082762530298219,0.0011199229441010527
5.0990195135927845,0.0
4.123105625617661,0.0
3.1622776601683795,0.0
2.23606797749979,0.0002941232423483491
1.4142135623730951,0.08110619029005817
1.0,0.1551868676003731
1.4142135623730951,0.07432315292506919
8.246211251235321,0.0
7.280109889280518,0.0
6.324555320336759,2.6600924930086107e-05
5.385164807134504,0.0
4.47213595499958,0.0
3.605551275463989,0.00039382816136209956
2.8284271247461903,0.0
2.23606797749979,0.00021492123244914652
2.0,0.0031525771749563772
2.23606797749979,0.0033481189794754163
9.055385138137417,0.0
8.06225774829855,0.0
7.0710678118654755,0.0001371280957599564
6.082762530298219,0.0
5.0990195135927845,0.0
4.123105625617661,0.0
3.1622776601683795,0.0
2.23606797749979,2.4156713425240898e-05
1.4142135623730951,0.05570678232645989
1.0,0.3653917452893361
9.219544457292887,0.0
8.246211251235321,0.0
7.280109889280518,0.000325114179564381
6.324555320336759,0.0
5.385164807134504,0.0
4.47213595499958,0.0001922816745872146
3.605551275463989,0.0
2.8284271247461903,0.0
2.23606797749979,0.0008318122005578512
2.0,0.025380816156440045
1.0,0.06799347369125266
2.0,0.011963848714545674
3.0,0.0007849232816069849
4.0,7.95107659732127e-05
5.0,0.0
6.0,1.8586839631951908e-05
7.0,0.00022907718697737683
8.0,6.837305574775754e-05
9.0,0.0
1.0,0.45465248970284755
1.4142135623730951,0.17029528219959436
2.23606797749979,0.0017302368061226296
3.1622776601683795,0.0013625696872291806
4.123105625617661,0.0
5.0990195135927845,0.0
6.082762530298219,3.623007112321061e-05
7.0710678118654755,0.00032429488036421966
8.06225774829855,0.0
9.055385138137417,0.0
1.0,0.6376751415937142
2.0,0.06937147368386831
3.0,0.012776396137513826
4.0,6.18115851239815e-05
5.0,8.00399900436152e-05
6.0,0.0010062180227301872
7.0,0.01063728265680187
8.0,3.3729189804833014e-07
1.4142135623730951,0.021773768652446623
1.0,0.10990142996610537
1.4142135623730951,0.036421194164022556
2.23606797749979,0.00827957950494126
3.1622776601683795,7.922246926854656e-05
4.123105625617661,5.9646718346620316e-06
5.0990195135927845,0.0002067569046408189
6.082762530298219,0.001302205013111219
7.0710678118654755,5.486092338931858e-06
8.06225774829855,1.6102804463962787e-05
1.0,0.2764164359923837
2.0,0.020391974546164655
3.0,0.0
4.0,0.0003440910037410631
5.0,0.006072492215838462
6.0,0.037016136381027444
7.0,0.0008251949750927448
2.23606797749979,0.00017122729912160076
1.4142135623730951,0.16739950760233627
1.0,0.1197456609468412
1.4142135623730951,0.09206008734184834
2.23606797749979,0.00037363293736229454
3.1622776601683795,0.0
4.123105625617661,0.0008370352249357115
5.0990195135927845,0.006950247841602316
6.082762530298219,0.008229055980277244
7.0710678118654755,0.002622041149679561
1.0,0.32808681047828964
2.0,0.01202889631568132
3.0,0.0002096986673144038
4.0,0.002426152919678136
5.0,0.0041328465639626855
6.0,0.0
3.1622776601683795,0.00011201597850661688
2.23606797749979,0.04265037139033059
1.4142135623730951,0.06558922088774387
1.0,0.41250362783139655
1.4142135623730951,0.019469007237854857
2.23606797749979,0.010913327467762567
3.1622776601683795,0.000754523074325588
4.123105625617661,0.003646809306773389
5.0990195135927845,0.0
6.082762530298219,0.0
1.0,0.47656414861662916
2.0,0.029282581976257563
3.0,0.007889656273316035
4.0,0.0010027987636088804
5.0,0.0
4.123105625617661,0.0
3.1622776601683795,0.0037410627603675826
2.23606797749979,0.0011954164044442666
1.4142135623730951,0.029608585978542094
1.0,0.05273371721041602
1.4142135623730951,0.046365384994161284
2.23606797749979,0.002828478037109676
3.1622776601683795,0.000425631211848347
4.123105625617661,0.0
5.0990195135927845,0.0
1.0,0.3212835647188873
2.0,0.013813902947183633
3.0,0.0005559238829619823
4.0,3.014560957854661e-05
5.0990195135927845,0.0
4.123105625617661,0.0
3.1622776601683795,9.7322577296241e-05
2.23606797749979,0.0016031410806684675
1.4142135623730951,0.03355196877622721
1.0,0.16549402530450563
1.4142135623730951,0.04161768414283646
2.23606797749979,0.0006794623840393249
3.1622776601683795,0.00025574916341932586
4.123105625617661,0.0
1.0,0.30076381767889493
2.0,0.002226142249874466
3.0,4.798871961080333e-06
6.082762530298219,1.2124344665584343e-05
5.0990195135927845,0.0018448541079714195
4.123105625617661,0.0022736114852942215
3.1622776601683795,0.0016638996809824182
2.23606797749979,0.0017106206858581456
1.4142135623730951,0.07770041096724473
1.0,0.0705097146941091
1.4142135623730951,0.02850951813502272
2.23606797749979,0.0002892801821247053
3.1622776601683795,0.0
1.0,0.31516667691904293
2.0,0.0013289365605757676
7.0710678118654755,0.0001397049765301648
6.082762530298219,0.02097525890332019
5.0990195135927845,0.023743141642849568
4.123105625617661,0.019172588069030622
3.1622776601683795,0.0
2.23606797749979,0.0010393850588353445
1.4142135623730951,0.018769161270263558
1.0,0.08843757775225014
1.4142135623730951,0.03976281691888254
2.23606797749979,2.6054960589536072e-06
1.0,0.25637816330481505
8.06225774829855,0.0
7.0710678118654755,0.003256046568998844
6.082762530298219,0.0016343365006865158
5.0990195135927845,5.972784164051824e-05
4.123105625617661,0.0003646998418898239
3.1622776601683795,0.00596878177745323
2.23606797749979,0.00016352482659351178
1.4142135623730951,0.028613450326062353
1.0,0.13795562656402346
1.4142135623730951,0.015156112396083036
9.055385138137417,0.0
8.06225774829855,0.00019294339578492724
7.0710678118654755,0.0007606573848783572
6.082762530298219,0.0
5.0990195135927845,0.0
4.123105625617661,0.00033675108731286624
3.1622776601683795,0.0
2.23606797749979,0.00030644771345258916
1.4142135623730951,0.014432787209276071
1.0,0.04433617024375204
1.0,0.5925032394474546
2.0,0.001916833617063578
3.0,0.0008907263436717849
4.0,0.0
5.0,0.0
6.0,2.3633166167814516e-05
7.0,0.000210850996485776
8.0,0.0
9.0,0.0
1.0,0.7034047963610328
2.0,0.21043660946390913
3.0,0.05212139570457527
4.0,0.03323542485407526
5.0,0.018526124510992253
6.0,0.03858473053189684
7.0,0.006080035325069627
8.0,0.012887674312092307
1.0,0.3624479517319607
2.0,0.03827563989535343
3.0,0.03447921851269602
4.0,0.03031939101334783
5.0,0.05785093684669968
6.0,0.04566344999941403
7.0,0.04432369592734141
1.0,0.4239496158369597
2.0,0.22630884706582594
3.0,0.03928516766123464
4.0,0.02895454163263289
5.0,0.0
6.0,0.0
1.0,0.6500874268597396
2.0,0.11188358608987638
3.0,0.0009448058932069642
4.0,3.93716074646876e-05
5.0,0.0
1.0,0.5249609913593364
2.0,0.06902702221200412
3.0,0.006038451887674256
4.0,0.00045805858811276694
1.0,0.4790483250173719
2.0,0.05310849361877395
3.0,0.026822531889737353
1.0,0.5723722864152819
2.0,0.03365236675749535
1.0,0.3153136434981049
