Distance,Cosine Similarity
1.0,0.24440916948061797
2.0,0.0034694228342507616
3.0,0.0003356933895007705
4.0,0.0001226819963181007
5.0,0.004591285995975015
6.0,0.0003539324551358971
7.0,0.0
8.0,0.0
9.0,0.0
1.0,0.7304493827940289
1.4142135623730951,0.18631240547946265
2.23606797749979,0.0
3.1622776601683795,0.0
4.123105625617661,0.0
5.0990195135927845,0.0011834392746023347
6.082762530298219,0.00012472104572089883
7.0710678118654755,0.0
8.06225774829855,0.0
9.055385138137417,0.0
2.0,7.615673320686993e-05
2.23606797749979,0.00013686850935178225
2.8284271247461903,0.0
3.605551275463989,0.0
4.47213595499958,0.0
5.385164807134504,0.0
6.324555320336759,0.0
7.280109889280518,0.0
8.246211251235321,0.0
9.219544457292887,0.0
3.0,0.0
3.1622776601683795,0.008996946361560017
3.605551275463989,0.0
4.242640687119285,0.0
5.0,0.0
5.830951894845301,0.0
6.708203932499369,0.0
7.615773105863909,0.0
8.54400374531753,0.00011559431651380531
9.486832980505138,0.00027262804810446515
4.0,0.0
4.123105625617661,0.0
4.47213595499958,0.0
5.0,0.0
5.656854249492381,0.0
6.4031242374328485,9.788894810427651e-07
7.211102550927978,0.0
8.06225774829855,0.0
8.94427190999916,0.0
9.848857801796104,0.0
5.0,0.0
5.0990195135927845,1.640746919316664e-05
5.385164807134504,0.0
5.830951894845301,0.0
6.4031242374328485,0.006829825490499214
7.0710678118654755,0.04236102295610323
7.810249675906654,0.0030393941187156445
8.602325267042627,0.0009901892105427118
9.433981132056603,1.0116431408842685e-05
10.295630140987,0.0
6.0,0.0007030572772554184
6.082762530298219,0.00032990578593119466
6.324555320336759,0.0
6.708203932499369,0.0015462802555561532
7.211102550927978,0.0022495772413153297
7.810249675906654,0.013848138000744517
8.48528137423857,0.00036091642843634074
9.219544457292887,0.002344222164118565
10.0,0.00010629950838260368
10.816653826391969,6.155521442268859e-05
7.0,0.0
7.0710678118654755,0.0
7.280109889280518,0.0
7.615773105863909,0.0
8.06225774829855,0.00039655240192182747
8.602325267042627,3.064482139478988e-05
9.219544457292887,0.0
9.899494936611665,0.0
10.63014581273465,0.0
11.40175425099138,0.0
8.0,0.006268721772366317
8.06225774829855,0.0
8.246211251235321,0.0
8.54400374531753,0.0
8.94427190999916,0.0
9.433981132056603,0.0
10.0,0.0
10.63014581273465,0.0
11.313708498984761,0.0
12.041594578792296,0.0
9.0,0.010871503896682452
9.055385138137417,9.802307067212307e-05
9.219544457292887,0.0
9.486832980505138,0.0
9.848857801796104,0.0
10.295630140987,0.0
10.816653826391969,0.0
11.40175425099138,0.0
12.041594578792296,0.0
12.727922061357855,0.0
1.0,0.0851208875451241
2.0,0.002075286466373079
3.0,0.00026550430399011353
4.0,0.010391244326522091
5.0,0.07001407139340976
6.0,0.016657991268234057
7.0,0.005118996670531278
8.0,0.012872357474723628
1.4142135623730951,0.10977169212436376
1.0,0.13717256082126617
1.4142135623730951,0.00823038810238043
2.23606797749979,0.00015285826244335087
3.1622776601683795,0.0
4.123105625617661,0.004643692352327305
5.0990195135927845,0.001398315098993806
6.082762530298219,0.0005344540358595266
7.0710678118654755,1.1606576533953886e-05
8.06225774829855,3.746160565453955e-05
2.23606797749979,0.00018919495442616303
2.0,0.0005826946278742387
2.23606797749979,1.680245218857171e-05
2.8284271247461903,0.0
3.605551275463989,0.0
4.47213595499958,0.0
5.385164807134504,0.0
6.324555320336759,0.0
7.280109889280518,0.0
8.246211251235321,0.0
3.1622776601683795,0.0
3.0,0.0023707922815059046
3.1622776601683795,0.0
3.605551275463989,0.0
4.242640687119285,6.336054273035191e-06
5.0,0.0
5.830951894845301,0.0
6.708203932499369,0.0
7.615773105863909,0.000230612658827848
8.54400374531753,0.0006164129101475734
4.123105625617661,0.0
4.0,0.0
4.123105625617661,0.0
4.47213595499958,0.0
5.0,0.0
5.656854249492381,0.0
6.4031242374328485,0.0
7.211102550927978,0.0
8.06225774829855,0.0
8.94427190999916,0.0
5.0990195135927845,0.0
5.0,0.0003649795780001196
5.0990195135927845,0.010546628806413652
5.385164807134504,0.00139774474375557
5.830951894845301,0.05064052554724542
6.4031242374328485,0.003596313708660287
7.0710678118654755,0.0707248921404241
7.810249675906654,0.02554245609361186
8.602325267042627,0.0
9.433981132056603,0.0
6.082762530298219,0.00016922421958305854
6.0,0.0001743240282162536
6.082762530298219,0.0
6.324555320336759,0.00884855329868959
6.708203932499369,0.017389800904222426
7.211102550927978,0.0034734851969366698
7.810249675906654,0.0007820702953724409
8.48528137423857,0.00017247806899677511
9.219544457292887,0.0
10.0,3.498776452846483e-05
7.0710678118654755,0.0
7.0,0.0
7.0710678118654755,3.8855894442301346e-06
7.280109889280518,7.3238075302419635e-06
7.615773105863909,0.0030654503392289353
8.06225774829855,0.0007183796360258564
8.602325267042627,0.0011772990650583343
9.219544457292887,0.0
9.899494936611665,0.0
10.63014581273465,0.0
8.06225774829855,0.0
8.0,0.0
8.06225774829855,0.0
8.246211251235321,0.0
8.54400374531753,0.0
8.94427190999916,0.0
9.433981132056603,0.0
10.0,0.0
10.63014581273465,0.0
11.313708498984761,0.0
9.055385138137417,0.0
9.0,0.0
9.055385138137417,0.0
9.219544457292887,0.0
9.486832980505138,0.0
9.848857801796104,0.0
10.295630140987,0.0
10.816653826391969,0.0
11.40175425099138,0.0
12.041594578792296,0.0
1.0,0.3870490577504924
2.0,0.00634118732633632
3.0,0.013627758338798852
4.0,0.2691499533667307
5.0,0.6917427872219489
6.0,0.03105078482456762
7.0,0.013521296225627486
2.23606797749979,0.0
1.4142135623730951,0.007084294088738905
1.0,0.22930159176815995
1.4142135623730951,0.07555968416790296
2.23606797749979,0.00014534917365523005
3.1622776601683795,0.0008750806141120252
4.123105625617661,0.0052632984486250135
5.0990195135927845,0.0053740010823892116
6.082762530298219,9.16169858560015e-05
7.0710678118654755,4.3183752757825565e-05
2.8284271247461903,0.0
2.23606797749979,0.00015618239419229525
2.0,1.4051168805951774e-05
2.23606797749979,0.0
2.8284271247461903,0.0
3.605551275463989,0.0
4.47213595499958,0.0
5.385164807134504,0.0
6.324555320336759,3.3230191813148365e-07
7.280109889280518,0.0
3.605551275463989,0.00012433018906678843
3.1622776601683795,0.008724977288280847
3.0,0.0
3.1622776601683795,0.0
3.605551275463989,0.0001534612914774408
4.242640687119285,2.659563884343687e-05
5.0,0.0
5.830951894845301,0.0
6.708203932499369,0.0
7.615773105863909,0.00015108362985098784
4.47213595499958,4.9004288275207715e-05
4.123105625617661,0.00011147114320951905
4.0,0.0
4.123105625617661,0.0
4.47213595499958,0.0
5.0,0.0
5.656854249492381,0.0
6.4031242374328485,0.0
7.211102550927978,0.0
8.06225774829855,0.0004842820791877365
5.385164807134504,9.0464393962942e-06
5.0990195135927845,0.012158848822374042
5.0,0.7194996505111416
5.0990195135927845,0.14344502930949066
5.385164807134504,0.024327983153154906
5.830951894845301,0.001442646533822833
6.4031242374328485,0.2659309031492259
7.0710678118654755,0.5935803390805012
7.810249675906654,0.005975078834556915
8.602325267042627,0.0004978264067908474
6.324555320336759,0.0
6.082762530298219,0.00035692474629305866
6.0,0.0010869513329927606
6.082762530298219,0.016158875258295687
6.324555320336759,0.0033660675829923587
6.708203932499369,0.0
7.211102550927978,0.005958446313866701
7.810249675906654,0.0015378448458658836
8.48528137423857,0.007620178554995896
9.219544457292887,0.0003592516370260012
7.280109889280518,0.005961837609908689
7.0710678118654755,0.00023335269179705062
7.0,0.003301838959905893
7.0710678118654755,0.004447397338341435
7.280109889280518,4.195723886869287e-05
7.615773105863909,0.005122438289970021
8.06225774829855,0.008480925420964328
8.602325267042627,0.0
9.219544457292887,0.0
9.899494936611665,0.0
8.246211251235321,0.00912518814768018
8.06225774829855,0.0
8.0,0.0
8.06225774829855,0.0
8.246211251235321,0.0
8.54400374531753,0.0
8.94427190999916,0.0
9.433981132056603,0.0
10.0,0.0
10.63014581273465,0.0
9.219544457292887,0.0
9.055385138137417,0.0
9.0,0.0
9.055385138137417,0.0
9.219544457292887,0.0
9.486832980505138,0.0
9.848857801796104,0.0
10.295630140987,0.0
10.816653826391969,0.0
11.40175425099138,0.0
1.0,0.4318304390098353
2.0,0.06718663338101578
3.0,0.0052179746822185995
4.0,0.1554676334960555
5.0,0.023000588585051312
6.0,0.021144735527871092
3.1622776601683795,0.0
2.23606797749979,0.0001347317131238429
1.4142135623730951,0.10464440027534937
1.0,0.1750301005027344
1.4142135623730951,0.04401476410540236
2.23606797749979,0.004377511715922191
3.1622776601683795,4.610600534142666e-05
4.123105625617661,0.007868106677364563
5.0990195135927845,0.01904731810098226
6.082762530298219,0.002470385751060452
3.605551275463989,0.0
2.8284271247461903,0.0
2.23606797749979,3.6381262588740653e-06
2.0,9.403641597140086e-05
2.23606797749979,3.287226773292334e-05
2.8284271247461903,0.0
3.605551275463989,2.5801062187755167e-06
4.47213595499958,0.0005532876198992745
5.385164807134504,0.00014645779837993647
6.324555320336759,0.0
4.242640687119285,0.00018644906593429995
3.605551275463989,0.0006225896135422811
3.1622776601683795,0.0
3.0,0.0001411633694358376
3.1622776601683795,9.16139566053708e-06
3.605551275463989,3.9883571781757925e-05
4.242640687119285,0.0
5.0,0.000988966241383323
5.830951894845301,0.00013224973515211884
6.708203932499369,0.0013830062100851767
5.0,0.004604639211734114
4.47213595499958,0.010474275110716417
4.123105625617661,0.0
4.0,0.0
4.123105625617661,0.0
4.47213595499958,0.0
5.0,0.0
5.656854249492381,0.0
6.4031242374328485,0.0
7.211102550927978,0.004472679002350868
5.830951894845301,0.0008500396809523096
5.385164807134504,0.00829075112554634
5.0990195135927845,0.2021155563657629
5.0,0.38306142687071026
5.0990195135927845,0.12733346962714392
5.385164807134504,0.009548464907507834
5.830951894845301,0.0021535231059088607
6.4031242374328485,0.10462419756767043
7.0710678118654755,0.006296804103254686
7.810249675906654,0.0022188874593191
6.708203932499369,0.0
6.324555320336759,0.0006358306945240094
6.082762530298219,0.001759371687639955
6.0,0.10014863208013675
6.082762530298219,0.03500741894459183
6.324555320336759,0.0
6.708203932499369,4.2262846727616796e-05
7.211102550927978,0.000543640904738794
7.810249675906654,0.008260142410412799
8.48528137423857,0.0011682785984103163
7.615773105863909,0.006401635792944781
7.280109889280518,0.00025056686242262314
7.0710678118654755,0.0017914762202004657
7.0,0.0014376262277754233
7.0710678118654755,0.0008400112539827334
7.280109889280518,0.0
7.615773105863909,0.0
8.06225774829855,0.00045219338348963353
8.602325267042627,0.00040800329126991025
9.219544457292887,2.0944157691567698e-05
8.54400374531753,0.009798343209894915
8.246211251235321,0.0
8.06225774829855,0.0008407618678999523
8.0,0.0017129129042578889
8.06225774829855,0.005719617639674117
8.246211251235321,0.0
8.54400374531753,0.0
8.94427190999916,0.0009851101650212779
9.433981132056603,0.00016492824378255288
10.0,0.0
9.486832980505138,0.0
9.219544457292887,0.0
9.055385138137417,0.0
9.0,0.00273856094964799
9.055385138137417,0.0
9.219544457292887,0.0
9.486832980505138,0.0
9.848857801796104,0.0
10.295630140987,0.0
10.816653826391969,0.0
1.0,0.4683662039536002
2.0,0.03213371198504696
3.0,0.0019198579512899972
4.0,0.004330286128190117
5.0,0.02045751108118214
4.123105625617661,0.0006743129364902065
3.1622776601683795,1.0744915697534136e-05
2.23606797749979,0.0007673222938203213
1.4142135623730951,0.006538751681268421
1.0,0.12991052129528843
1.4142135623730951,0.06053129988506136
2.23606797749979,0.00028943576995405976
3.1622776601683795,0.00030165710397355225
4.123105625617661,0.0017335348004204254
5.0990195135927845,0.00031310233710492037
4.47213595499958,0.0
3.605551275463989,1.8362800003606798e-05
2.8284271247461903,0.0
2.23606797749979,1.0803060011177502e-05
2.0,2.9577485184831725e-05
2.23606797749979,0.0
2.8284271247461903,0.0
3.605551275463989,0.0
4.47213595499958,3.562215982669526e-05
5.385164807134504,0.0
5.0,0.0
4.242640687119285,3.1391621847840607e-06
3.605551275463989,1.8604492938244317e-05
3.1622776601683795,0.0
3.0,3.116954778854434e-06
3.1622776601683795,0.0
3.605551275463989,1.5808702298301892e-05
4.242640687119285,0.0
5.0,0.0
5.830951894845301,0.0004533304502985902
5.656854249492381,0.0012158786505706326
5.0,0.0027657861781807762
4.47213595499958,2.6875860646230124e-06
4.123105625617661,0.0
4.0,0.0
4.123105625617661,1.847298785358005e-06
4.47213595499958,0.00011154537276684703
5.0,4.24229003833372e-05
5.656854249492381,0.0
6.4031242374328485,0.0014660827777858577
6.4031242374328485,0.00022445734675020291
5.830951894845301,0.003039259171674871
5.385164807134504,0.0019261328948453093
5.0990195135927845,0.018905605632368937
5.0,0.12132855525561248
5.0990195135927845,0.029077012509886365
5.385164807134504,0.0026402859774920327
5.830951894845301,0.002599189451111993
6.4031242374328485,0.00010248513148275825
7.0710678118654755,0.0006319255155466571
7.211102550927978,0.000145724461798251
6.708203932499369,0.0003626122811915436
6.324555320336759,0.0
6.082762530298219,0.011233460709862685
6.0,0.014508890508169621
6.082762530298219,0.00032635931208508696
6.324555320336759,1.0602832076241957e-06
6.708203932499369,1.779586538373548e-05
7.211102550927978,0.00013141105857957902
7.810249675906654,5.3249990072288366e-05
8.06225774829855,0.0003681636547719834
7.615773105863909,0.0
7.280109889280518,0.0
7.0710678118654755,1.0905953658878788e-05
7.0,0.0003765187458177441
7.0710678118654755,0.0
7.280109889280518,0.0
7.615773105863909,0.0
8.06225774829855,0.0
8.602325267042627,0.0
8.94427190999916,0.0
8.54400374531753,0.0
8.246211251235321,0.0
8.06225774829855,1.6686344999075656e-05
8.0,0.0003066802182295049
8.06225774829855,9.423221083503487e-07
8.246211251235321,2.29829537175225e-05
8.54400374531753,3.8336017736309874e-06
8.94427190999916,0.0
9.433981132056603,0.0
9.848857801796104,0.0
9.486832980505138,0.0
9.219544457292887,3.5762560550804823e-05
9.055385138137417,0.010328824893427367
9.0,0.0
9.055385138137417,1.3954297661985916e-05
9.219544457292887,0.00011627711537105503
9.486832980505138,4.9094224985139766e-05
9.848857801796104,0.0
10.295630140987,0.0
1.0,0.16457843170094152
2.0,0.013493105703601495
3.0,0.0020704858421969324
4.0,0.011450794212025142
5.0990195135927845,0.020022690835161124
4.123105625617661,0.0005013347840732265
3.1622776601683795,1.441825138940055e-05
2.23606797749979,0.0003030341568204841
1.4142135623730951,0.050162764294319574
1.0,0.08336738789992555
1.4142135623730951,0.017347369193929006
2.23606797749979,5.032906772312331e-05
3.1622776601683795,0.0
4.123105625617661,0.000121512966518955
5.385164807134504,0.0
4.47213595499958,1.8446441079735513e-05
3.605551275463989,0.0
2.8284271247461903,1.0852267080068983e-05
2.23606797749979,0.0
2.0,1.9318891991200707e-06
2.23606797749979,0.00016685672679883545
2.8284271247461903,0.0
3.605551275463989,0.0
4.47213595499958,0.0
5.830951894845301,3.972059346198538e-06
5.0,0.00035486155438673204
4.242640687119285,0.0
3.605551275463989,0.0
3.1622776601683795,1.2858576414253626e-05
3.0,0.0
3.1622776601683795,0.0
3.605551275463989,0.0
4.242640687119285,0.0
5.0,9.052057534798048e-07
6.4031242374328485,0.0
5.656854249492381,0.0
5.0,0.0
4.47213595499958,0.0
4.123105625617661,0.0
4.0,0.0
4.123105625617661,0.0
4.47213595499958,0.0
5.0,1.1731575263089448e-06
5.656854249492381,1.2248572071731129e-05
7.0710678118654755,0.00252225377754546
6.4031242374328485,0.017057493460001936
5.830951894845301,0.015059017631455706
5.385164807134504,0.0038575314330234972
5.0990195135927845,0.03715068864611354
5.0,0.2920622553015164
5.0990195135927845,0.08115768745349823
5.385164807134504,0.017676544951790784
5.830951894845301,0.0
6.4031242374328485,0.0
7.810249675906654,0.0013591241716092693
7.211102550927978,0.010104984195159096
6.708203932499369,4.3564155738832094e-05
6.324555320336759,0.0014100603039833477
6.082762530298219,0.003055916260072622
6.0,0.026894156010252218
6.082762530298219,0.01730504963072522
6.324555320336759,0.0
6.708203932499369,0.0
7.211102550927978,0.00028166703593520944
8.602325267042627,0.00037165138627572475
8.06225774829855,0.0
7.615773105863909,0.0
7.280109889280518,0.00026813635548539376
7.0710678118654755,5.790620412938794e-05
7.0,0.0
7.0710678118654755,4.649088204701293e-05
7.280109889280518,0.0
7.615773105863909,0.0
8.06225774829855,0.0
9.433981132056603,0.0
8.94427190999916,0.0
8.54400374531753,0.0
8.246211251235321,0.0
8.06225774829855,0.0
8.0,0.0
8.06225774829855,0.0
8.246211251235321,0.0
8.54400374531753,0.0
8.94427190999916,0.0
10.295630140987,0.0
9.848857801796104,0.0
9.486832980505138,0.0
9.219544457292887,0.004417343343843833
9.055385138137417,0.0
9.0,0.0
9.055385138137417,0.0
9.219544457292887,0.0
9.486832980505138,0.0
9.848857801796104,0.0
1.0,0.31043346811703304
2.0,0.0002664652443552785
3.0,0.0
6.082762530298219,0.002341068502211382
5.0990195135927845,0.0004661199059932778
4.123105625617661,0.0039143517783386626
3.1622776601683795,9.772153179904819e-05
2.23606797749979,0.000602179393182184
1.4142135623730951,0.0803493295287947
1.0,0.12314527594914065
1.4142135623730951,0.02830162043892206
2.23606797749979,1.4860735550015204e-05
3.1622776601683795,0.0
6.324555320336759,0.0
5.385164807134504,2.039668506183199e-05
4.47213595499958,4.266519123213687e-05
3.605551275463989,0.0
2.8284271247461903,0.0
2.23606797749979,2.202730591256669e-05
2.0,0.0019821532796057105
2.23606797749979,7.57513558348269e-05
2.8284271247461903,0.0
3.605551275463989,0.0
6.708203932499369,3.2981284885363626e-05
5.830951894845301,0.024882792135567343
5.0,0.0
4.242640687119285,0.0
3.605551275463989,8.946413724507183e-05
3.1622776601683795,0.0
3.0,0.0
3.1622776601683795,0.0
3.605551275463989,0.0
4.242640687119285,0.0
7.211102550927978,0.0
6.4031242374328485,0.0
5.656854249492381,0.0
5.0,0.0
4.47213595499958,0.0
4.123105625617661,0.0
4.0,0.0
4.123105625617661,0.0
4.47213595499958,0.0
5.0,0.0
7.810249675906654,0.000934530082088089
7.0710678118654755,0.02800792290332038
6.4031242374328485,0.25154067549403064
5.830951894845301,0.0015531195823422813
5.385164807134504,0.013026782065424293
5.0990195135927845,0.09504549086153026
5.0,0.9839636142376093
5.0990195135927845,0.43580810561446454
5.385164807134504,0.0
5.830951894845301,0.0
8.48528137423857,0.0006821615743196582
7.810249675906654,0.029010518611737448
7.211102550927978,0.003276189520111744
6.708203932499369,0.0003232594777546186
6.324555320336759,0.0
6.082762530298219,0.03893544593189789
6.0,0.10427746019869484
6.082762530298219,0.001053515577490301
6.324555320336759,0.0
6.708203932499369,4.594785528567688e-05
9.219544457292887,1.5035452291407361e-05
8.602325267042627,1.267394366486167e-06
8.06225774829855,5.4899499655879406e-05
7.615773105863909,0.002028482738719106
7.280109889280518,6.453812645513185e-06
7.0710678118654755,0.0
7.0,0.00035181676833259196
7.0710678118654755,0.0
7.280109889280518,0.0
7.615773105863909,0.0
10.0,0.0
9.433981132056603,4.308126223543435e-05
8.94427190999916,0.0
8.54400374531753,0.0
8.246211251235321,0.0
8.06225774829855,0.0
8.0,0.0
8.06225774829855,0.0
8.246211251235321,0.0
8.54400374531753,0.0
10.816653826391969,0.0
10.295630140987,0.0
9.848857801796104,0.0
9.486832980505138,0.0
9.219544457292887,0.0
9.055385138137417,0.0
9.0,0.0
9.055385138137417,0.0
9.219544457292887,0.0
9.486832980505138,0.0
1.0,0.059509727802092134
2.0,0.0
7.0710678118654755,0.0
6.082762530298219,0.00025199654976720083
5.0990195135927845,0.005647187514802832
4.123105625617661,0.003488626766585575
3.1622776601683795,5.863669317843283e-07
2.23606797749979,0.0004326498734647501
1.4142135623730951,0.014460337471358239
1.0,0.09927786137843514
1.4142135623730951,0.009959234825904405
2.23606797749979,4.786920821374791e-05
7.280109889280518,0.0
6.324555320336759,0.0
5.385164807134504,0.0002137758071452999
4.47213595499958,0.0005675523189286121
3.605551275463989,0.0
2.8284271247461903,0.0
2.23606797749979,5.345868471968466e-07
2.0,0.0005777662783515027
2.23606797749979,0.00012920452648472046
2.8284271247461903,0.0
7.615773105863909,0.001536664100774501
6.708203932499369,0.011066802819519514
5.830951894845301,1.4553933650164164e-05
5.0,2.9248439485643487e-05
4.242640687119285,0.0001950453732294731
3.605551275463989,0.00032870989543753776
3.1622776601683795,0.0
3.0,0.00020490952702564882
3.1622776601683795,2.740157302172697e-05
3.605551275463989,0.0
8.06225774829855,0.0
7.211102550927978,0.0
6.4031242374328485,0.0
5.656854249492381,0.0
5.0,0.0
4.47213595499958,0.0
4.123105625617661,0.0
4.0,0.0
4.123105625617661,0.0
4.47213595499958,0.0
8.602325267042627,0.0
7.810249675906654,0.030134453696427126
7.0710678118654755,0.8951805930518449
6.4031242374328485,0.12995490604193724
5.830951894845301,0.008154115173061593
5.385164807134504,0.0011668418400570166
5.0990195135927845,0.29875021569801063
5.0,0.8675177833258058
5.0990195135927845,0.0006352644899193219
5.385164807134504,0.0
9.219544457292887,0.0
8.48528137423857,0.002668867544649769
7.810249675906654,0.010659246376415646
7.211102550927978,0.006867127515172996
6.708203932499369,0.000310461643561009
6.324555320336759,1.6790615718428575e-06
6.082762530298219,0.0012758692563727774
6.0,0.007611602287790986
6.082762530298219,0.0007510402590821989
6.324555320336759,0.0
9.899494936611665,0.00014757490532597207
9.219544457292887,5.776239416899837e-06
8.602325267042627,0.0025467843489052873
8.06225774829855,0.006246827894646748
7.615773105863909,2.3140978630919132e-05
7.280109889280518,0.0
7.0710678118654755,1.594812517698586e-05
7.0,0.00037147411923062993
7.0710678118654755,0.00012026833511614704
7.280109889280518,0.0
10.63014581273465,0.00022587813776367026
10.0,0.0
9.433981132056603,0.0001742022219601776
8.94427190999916,0.00022681655732400746
8.54400374531753,3.2455307856541495e-07
8.246211251235321,0.0
8.06225774829855,2.827499533247814e-06
8.0,0.000205340336079661
8.06225774829855,3.417241864533446e-05
8.246211251235321,0.0
11.40175425099138,0.0
10.816653826391969,0.0
10.295630140987,0.0
9.848857801796104,0.0
9.486832980505138,0.0
9.219544457292887,0.0
9.055385138137417,0.0
9.0,0.0
9.055385138137417,0.0
9.219544457292887,0.0
1.0,0.3670383887253393
8.06225774829855,0.0
7.0710678118654755,0.0
6.082762530298219,0.0028667583419647136
5.0990195135927845,0.018576215332692506
4.123105625617661,0.0014226255073340917
3.1622776601683795,0.0010117894449112367
2.23606797749979,2.2813531387500286e-05
1.4142135623730951,0.03587581778581235
1.0,0.25251446015983936
1.4142135623730951,0.13890750521377337
8.246211251235321,0.0
7.280109889280518,0.0
6.324555320336759,0.0
5.385164807134504,0.0
4.47213595499958,0.0002156994892526727
3.605551275463989,0.0
2.8284271247461903,0.0
2.23606797749979,0.0
2.0,0.0005808459700553428
2.23606797749979,0.00016872489933353988
8.54400374531753,0.0009093873755746756
7.615773105863909,0.02036568691044692
6.708203932499369,0.002153096334681015
5.830951894845301,0.0
5.0,0.0
4.242640687119285,0.00019452828304292798
3.605551275463989,0.0
3.1622776601683795,0.0
3.0,0.0
3.1622776601683795,0.0
8.94427190999916,0.0
8.06225774829855,0.0
7.211102550927978,0.0
6.4031242374328485,0.0
5.656854249492381,0.0
5.0,0.0
4.47213595499958,0.0
4.123105625617661,0.0
4.0,0.0
4.123105625617661,0.0
9.433981132056603,0.0
8.602325267042627,0.0005288863736996362
7.810249675906654,0.03933793111400474
7.0710678118654755,0.4563142077070727
6.4031242374328485,0.37603168617285454
5.830951894845301,0.0023705017944532503
5.385164807134504,0.00025184663422301966
5.0990195135927845,0.024815452201858934
5.0,0.0008537454624834268
5.0990195135927845,0.004359356121883355
10.0,0.0
9.219544457292887,3.6666090837925672e-06
8.48528137423857,0.00010129114635810207
7.810249675906654,0.10475364018000147
7.211102550927978,0.18561546929280243
6.708203932499369,0.0
6.324555320336759,1.5879954539317587e-06
6.082762530298219,0.000578981239413592
6.0,9.683360335790155e-05
6.082762530298219,0.03852850955034321
10.63014581273465,0.0
9.899494936611665,0.0
9.219544457292887,0.00010485578915360379
8.602325267042627,0.0011146760649996576
8.06225774829855,0.007442628281994299
7.615773105863909,0.0
7.280109889280518,0.0
7.0710678118654755,0.0
7.0,0.0015769316120993594
7.0710678118654755,0.003045690473838987
11.313708498984761,0.0
10.63014581273465,0.0
10.0,0.0
9.433981132056603,0.0
8.94427190999916,0.00019553206528821415
8.54400374531753,0.0
8.246211251235321,0.00032107121281750237
8.06225774829855,0.00018193131472481495
8.0,0.0
8.06225774829855,0.0
12.041594578792296,0.0
11.40175425099138,0.0
10.816653826391969,0.0
10.295630140987,0.0
9.848857801796104,0.0
9.486832980505138,0.0
9.219544457292887,0.0
9.055385138137417,0.0
9.0,0.0
9.055385138137417,0.0
9.055385138137417,0.0
8.06225774829855,0.0
7.0710678118654755,0.0
6.082762530298219,0.0019358400183869507
5.0990195135927845,0.0004644165084712693
4.123105625617661,0.00454107476365833
3.1622776601683795,0.0
2.23606797749979,0.0003513922509931888
1.4142135623730951,0.08413622091863587
1.0,0.2509681464803764
9.219544457292887,0.0
8.246211251235321,0.0
7.280109889280518,0.0
6.324555320336759,0.0
5.385164807134504,6.63173720448661e-05
4.47213595499958,0.0
3.605551275463989,0.0
2.8284271247461903,0.0
2.23606797749979,1.348169817381339e-06
2.0,0.0005692190401076875
9.486832980505138,0.0
8.54400374531753,0.0
7.615773105863909,0.0
6.708203932499369,0.0
5.830951894845301,0.0
5.0,0.0
4.242640687119285,0.0
3.605551275463989,0.0
3.1622776601683795,0.0
3.0,0.0
9.848857801796104,0.0
8.94427190999916,0.0
8.06225774829855,0.0
7.211102550927978,0.0
6.4031242374328485,0.0
5.656854249492381,0.0
5.0,0.0
4.47213595499958,0.0
4.123105625617661,0.0
4.0,0.0
10.295630140987,0.0
9.433981132056603,0.0
8.602325267042627,0.0
7.810249675906654,0.2554009255408862
7.0710678118654755,0.9082335266805639
6.4031242374328485,0.01410355332438492
5.830951894845301,0.0
5.385164807134504,0.0
5.0990195135927845,0.0020370744510153087
5.0,0.015622470932557019
10.816653826391969,0.0
10.0,0.0
9.219544457292887,0.0
8.48528137423857,0.04353516128885635
7.810249675906654,0.3438155505960391
7.211102550927978,0.0
6.708203932499369,0.0
6.324555320336759,0.0
6.082762530298219,1.3786302805397078e-06
6.0,0.06319784052364733
11.40175425099138,0.0
10.63014581273465,0.0
9.899494936611665,0.0
9.219544457292887,0.0
8.602325267042627,0.01310202476520876
8.06225774829855,0.0
7.615773105863909,0.0
7.280109889280518,0.0
7.0710678118654755,0.001583083859956355
7.0,0.0030576075159691515
12.041594578792296,0.0
11.313708498984761,0.0
10.63014581273465,0.0
10.0,0.0
9.433981132056603,6.0116844807312734e-05
8.94427190999916,0.0
8.54400374531753,0.0
8.246211251235321,0.0
8.06225774829855,0.0
8.0,0.0
12.727922061357855,0.0
12.041594578792296,0.0
11.40175425099138,0.0
10.816653826391969,0.0
10.295630140987,0.0
9.848857801796104,0.0
9.486832980505138,0.0
9.219544457292887,0.0
9.055385138137417,0.0
9.0,0.0
1.0,0.4193605916613074
2.0,0.00030119218702118455
3.0,0.0
4.0,0.0
5.0,0.020329643767607514
6.0,0.021568275905122204
7.0,0.00010870444141473797
8.0,0.0
9.0,0.0
1.0,0.049671598679449404
1.4142135623730951,0.005626564756766921
2.23606797749979,0.0
3.1622776601683795,0.0
4.123105625617661,0.0
5.0990195135927845,0.025966282318129013
6.082762530298219,0.004015170129599417
7.0710678118654755,0.0
8.06225774829855,0.0
9.055385138137417,0.0
2.0,0.002397640448987199
2.23606797749979,0.008486035349075858
2.8284271247461903,0.0
3.605551275463989,0.0
4.47213595499958,0.0
5.385164807134504,0.0005186453345951441
6.324555320336759,0.0
7.280109889280518,0.0
8.246211251235321,0.0
9.219544457292887,0.0
3.0,0.0
3.1622776601683795,0.0
3.605551275463989,0.00022610812887212964
4.242640687119285,0.003605481610462972
5.0,4.679348586173066e-05
5.830951894845301,0.0
6.708203932499369,0.0
7.615773105863909,2.4675254911257504e-05
8.54400374531753,0.0
9.486832980505138,0.0
4.0,0.00021514310355255634
4.123105625617661,8.666170444554045e-07
4.47213595499958,0.0
5.0,0.0
5.656854249492381,0.0
6.4031242374328485,0.026279430458978424
7.211102550927978,0.005631141468557623
8.06225774829855,0.0
8.94427190999916,0.0
9.848857801796104,0.0
5.0,0.03694118636175669
5.0990195135927845,0.00534784533765217
5.385164807134504,0.0001765525356676957
5.830951894845301,0.0
6.4031242374328485,0.0
7.0710678118654755,0.23536855164601433
7.810249675906654,0.021217255438936215
8.602325267042627,0.0
9.433981132056603,0.0
10.295630140987,3.2512508398325103e-06
6.0,0.02510762333501411
6.082762530298219,1.9939911305344717e-05
6.324555320336759,0.0002981091430068053
6.708203932499369,0.0002739687683225462
7.211102550927978,0.0
7.810249675906654,0.06692865378766275
8.48528137423857,0.0002819202414559069
9.219544457292887,0.0
10.0,0.0
10.816653826391969,0.0
7.0,0.0
7.0710678118654755,0.0006777973538564199
7.280109889280518,0.0
7.615773105863909,0.0
8.06225774829855,0.0
8.602325267042627,0.0
9.219544457292887,0.0
9.899494936611665,1.0713282996914035e-05
10.63014581273465,0.0
11.40175425099138,0.0
8.0,0.0
8.06225774829855,0.0
8.246211251235321,0.00043435476158311306
8.54400374531753,0.0022556584125026785
8.94427190999916,0.0
9.433981132056603,0.0
10.0,0.0
10.63014581273465,0.0008613141977974816
11.313708498984761,0.002230050479911004
12.041594578792296,0.0
1.0,0.07096748311128832
2.0,0.0006230839392808452
3.0,0.00028089856190657196
4.0,0.022378183545886172
5.0,0.03263962099658565
6.0,0.007008397495528174
7.0,1.4330925592059081e-05
8.0,0.0
1.4142135623730951,0.016006461484614112
1.0,0.05028733158171251
1.4142135623730951,0.004074690467112043
2.23606797749979,8.26520429141335e-05
3.1622776601683795,9.329741307931256e-05
4.123105625617661,0.0004539741927414238
5.0990195135927845,0.008740718715332147
6.082762530298219,0.0008718460942396224
7.0710678118654755,0.00015701544531564917
8.06225774829855,0.0
2.23606797749979,4.675410047924918e-05
2.0,0.003966158229969076
2.23606797749979,0.0
2.8284271247461903,9.494553235934448e-05
3.605551275463989,2.0094199770001483e-05
4.47213595499958,9.298887045987468e-07
5.385164807134504,0.0
6.324555320336759,2.4814802759637403e-05
7.280109889280518,0.0005785540643728079
8.246211251235321,1.9134389422383036e-05
3.1622776601683795,0.0
3.0,0.0
3.1622776601683795,0.0
3.605551275463989,0.0
4.242640687119285,0.0
5.0,0.0
5.830951894845301,0.0
6.708203932499369,0.0
7.615773105863909,0.0
8.54400374531753,0.0
4.123105625617661,0.0
4.0,1.0037768005647429e-06
4.123105625617661,1.575065695681689e-05
4.47213595499958,0.0
5.0,0.0024760054784109934
5.656854249492381,0.0006181946533934212
6.4031242374328485,0.0011641587128687345
7.211102550927978,2.256579526382695e-05
8.06225774829855,0.0
8.94427190999916,0.0
5.0990195135927845,0.0006848393992837154
5.0,0.003275250314617637
5.0990195135927845,0.018043715862913253
5.385164807134504,0.0005098464957329117
5.830951894845301,0.0012001550933802918
6.4031242374328485,0.01347314849419809
7.0710678118654755,0.023078034348570895
7.810249675906654,0.0007121229040986622
8.602325267042627,0.0
9.433981132056603,3.7658273475239147e-06
6.082762530298219,0.0005910978121534179
6.0,0.0016074546297285693
6.082762530298219,0.00564421518816163
6.324555320336759,0.0004373152466040416
6.708203932499369,0.0002115616997798201
7.211102550927978,0.0004697498931186784
7.810249675906654,0.0014212494751673541
8.48528137423857,0.00016519394102086697
9.219544457292887,0.0
10.0,0.0
7.0710678118654755,0.0
7.0,0.0010588159877340474
7.0710678118654755,0.0
7.280109889280518,0.0
7.615773105863909,0.0
8.06225774829855,8.887440446374572e-07
8.602325267042627,0.0
9.219544457292887,0.0
9.899494936611665,0.0
10.63014581273465,0.0
8.06225774829855,0.0
8.0,0.0
8.06225774829855,0.0
8.246211251235321,0.0
8.54400374531753,0.0
8.94427190999916,0.0
9.433981132056603,0.0
10.0,0.0
10.63014581273465,0.0
11.313708498984761,0.0
1.0,0.2261068274200929
2.0,0.0034631212139955734
3.0,0.024258613432869957
4.0,0.01985143814226952
5.0,0.1954871744263084
6.0,0.014044105564410832
7.0,0.0
2.23606797749979,2.123215486678865e-06
1.4142135623730951,0.0124583656747261
1.0,0.11544683155473147
1.4142135623730951,0.09316605045491934
2.23606797749979,0.0
3.1622776601683795,1.984620707498429e-05
4.123105625617661,0.013030420487688935
5.0990195135927845,0.08537102515722028
6.082762530298219,0.007011878079863672
7.0710678118654755,0.0
2.8284271247461903,0.0
2.23606797749979,0.00010384280316341745
2.0,0.0002474621717020556
2.23606797749979,0.0
2.8284271247461903,0.0
3.605551275463989,0.0
4.47213595499958,0.0
5.385164807134504,0.0
6.324555320336759,0.0
7.280109889280518,0.0
3.605551275463989,0.0
3.1622776601683795,0.0
3.0,0.0
3.1622776601683795,0.0
3.605551275463989,0.0
4.242640687119285,0.0
5.0,0.0
5.830951894845301,0.0
6.708203932499369,0.0
7.615773105863909,0.0
4.47213595499958,0.0
4.123105625617661,9.785671595849304e-06
4.0,0.006509802763684248
4.123105625617661,0.01666330846256705
4.47213595499958,0.000620654662115446
5.0,1.4538009212807607e-06
5.656854249492381,0.0021288170430557914
6.4031242374328485,0.0006353586295546617
7.211102550927978,0.006585798530689458
8.06225774829855,0.0003507459847114092
5.385164807134504,4.485799320107264e-05
5.0990195135927845,0.0071670518761583
5.0,0.08950723968818346
5.0990195135927845,0.03803366699853299
5.385164807134504,0.0009219553138522551
5.830951894845301,0.000668636962093888
6.4031242374328485,0.018031045060238175
7.0710678118654755,0.16501973916259224
7.810249675906654,0.023067461539043373
8.602325267042627,0.001020099880529551
6.324555320336759,0.00010781957122169721
6.082762530298219,0.003736252037500704
6.0,0.0699448263124548
6.082762530298219,0.02227603824897013
6.324555320336759,1.7584226750823863e-05
6.708203932499369,0.0006130339081005354
7.211102550927978,0.03942875861100847
7.810249675906654,0.13242291855767419
8.48528137423857,0.01278916205187104
9.219544457292887,0.0006920826328292395
7.280109889280518,0.0
7.0710678118654755,2.1888140382601117e-05
7.0,0.0
7.0710678118654755,0.0
7.280109889280518,0.0
7.615773105863909,0.0
8.06225774829855,0.0
8.602325267042627,3.736654729042989e-05
9.219544457292887,0.0
9.899494936611665,0.0
8.246211251235321,0.0
8.06225774829855,0.0
8.0,0.0
8.06225774829855,0.00017595734768827172
8.246211251235321,0.0
8.54400374531753,0.0
8.94427190999916,0.0
9.433981132056603,0.0
10.0,0.0
10.63014581273465,0.0
1.0,0.3843994480798392
2.0,0.00021196437396726238
3.0,0.000616446285419756
4.0,0.05316784966035293
5.0,0.05416460574843573
6.0,0.00489392641676134
3.1622776601683795,0.0
2.23606797749979,0.00033244032696384677
1.4142135623730951,0.011951137633443822
1.0,0.08643967476444586
1.4142135623730951,0.06126153827559936
2.23606797749979,0.0
3.1622776601683795,8.841074676506503e-05
4.123105625617661,0.010964172002483738
5.0990195135927845,0.0031047184967687687
6.082762530298219,0.0
3.605551275463989,0.0
2.8284271247461903,0.0
2.23606797749979,0.0
2.0,0.00013879141360933887
2.23606797749979,8.357981883164146e-06
2.8284271247461903,0.0
3.605551275463989,0.0
4.47213595499958,0.000972348727591787
5.385164807134504,0.00013002755434770295
6.324555320336759,0.0
4.242640687119285,0.0
3.605551275463989,0.0
3.1622776601683795,0.0
3.0,0.0
3.1622776601683795,0.0
3.605551275463989,0.0
4.242640687119285,0.0
5.0,0.0
5.830951894845301,0.0
6.708203932499369,0.0
5.0,0.0
4.47213595499958,0.0
4.123105625617661,0.006294446948681597
4.0,0.1468922907517092
4.123105625617661,0.010907426714838665
4.47213595499958,2.5968418659818143e-05
5.0,3.6839467762500145e-05
5.656854249492381,0.000772569434887581
6.4031242374328485,0.004622402051813872
7.211102550927978,0.00022041926093802682
5.830951894845301,0.0
5.385164807134504,0.02017380773059079
5.0990195135927845,0.011474582708567823
5.0,0.30421840379076803
5.0990195135927845,0.037762763051959705
5.385164807134504,0.0
5.830951894845301,0.00240754625265543
6.4031242374328485,0.03740017206762574
7.0710678118654755,0.019195696993792238
7.810249675906654,0.001662561876481595
6.708203932499369,0.00010083885795561133
6.324555320336759,3.992946450003716e-05
6.082762530298219,0.010021420137783083
6.0,0.009444856802660877
6.082762530298219,0.0018768453329696376
6.324555320336759,0.0
6.708203932499369,0.0028287439793802755
7.211102550927978,0.01895882297876676
7.810249675906654,0.004392956237185411
8.48528137423857,7.510884183614832e-05
7.615773105863909,0.00015434394756287954
7.280109889280518,0.0
7.0710678118654755,0.0008266346193139111
7.0,0.001272417492413764
7.0710678118654755,0.0018926242380391772
7.280109889280518,0.0
7.615773105863909,0.0
8.06225774829855,0.0009685574445456774
8.602325267042627,0.00016215696883808476
9.219544457292887,0.0
8.54400374531753,0.0
8.246211251235321,0.0028640029229528075
8.06225774829855,0.0
8.0,0.0003598491760958802
8.06225774829855,0.0
8.246211251235321,0.0
8.54400374531753,0.0
8.94427190999916,0.0
9.433981132056603,0.0
10.0,0.0
1.0,0.159754367988834
2.0,3.0141650074231094e-05
3.0,0.002210759366305406
4.0,0.014903819425412104
5.0,0.0022483501995868523
4.123105625617661,0.0
3.1622776601683795,0.00014598739956013667
2.23606797749979,0.0
1.4142135623730951,0.06421273419832702
1.0,0.12476284024655862
1.4142135623730951,0.0002887312095916757
2.23606797749979,0.0
3.1622776601683795,0.0
4.123105625617661,0.00032443465041242766
5.0990195135927845,0.0008069939364661256
4.47213595499958,0.0
3.605551275463989,0.0
2.8284271247461903,0.0
2.23606797749979,0.0
2.0,0.0
2.23606797749979,0.0
2.8284271247461903,0.0
3.605551275463989,0.0
4.47213595499958,0.0
5.385164807134504,6.8958047352837374e-06
5.0,0.0
4.242640687119285,0.0
3.605551275463989,0.0
3.1622776601683795,0.0
3.0,0.0
3.1622776601683795,0.0
3.605551275463989,0.0
4.242640687119285,0.0
5.0,0.0
5.830951894845301,0.0
5.656854249492381,0.0
5.0,0.0
4.47213595499958,1.358461465753141e-05
4.123105625617661,0.009224433399142903
4.0,0.007832258910352231
4.123105625617661,0.0005726770473341652
4.47213595499958,7.013304573949159e-07
5.0,6.5236426092395e-06
5.656854249492381,2.952555704257164e-10
6.4031242374328485,2.091148971454063e-08
6.4031242374328485,0.00022313633620833214
5.830951894845301,0.009230142346670524
5.385164807134504,0.0
5.0990195135927845,0.06326760914164259
5.0,0.010091253604936502
5.0990195135927845,0.0004927883989082701
5.385164807134504,1.6235277685912922e-06
5.830951894845301,0.0
6.4031242374328485,7.997876221354865e-08
7.0710678118654755,0.0005901109182024223
7.211102550927978,0.002926964001250397
6.708203932499369,0.0
6.324555320336759,0.009907981149549444
6.082762530298219,0.009562310819587297
6.0,0.01109140665460211
6.082762530298219,0.0
6.324555320336759,0.0
6.708203932499369,0.0
7.211102550927978,7.1564772713954985e-09
7.810249675906654,0.00027756272763709437
8.06225774829855,0.0
7.615773105863909,0.0
7.280109889280518,0.0
7.0710678118654755,0.00011237430910895822
7.0,0.006465678505118124
7.0710678118654755,0.0012238196183901378
7.280109889280518,0.0
7.615773105863909,0.0
8.06225774829855,0.0
8.602325267042627,0.0
8.94427190999916,0.0
8.54400374531753,0.015578281768671319
8.246211251235321,0.0
8.06225774829855,0.0013321088914081795
8.0,0.0
8.06225774829855,3.7666786211509736e-05
8.246211251235321,0.0
8.54400374531753,0.0
8.94427190999916,0.0
9.433981132056603,0.0
1.0,0.5558421445911302
2.0,0.003250848996367991
3.0,0.007299464761188613
4.0,6.754226386847649e-05
5.0990195135927845,0.009413159446915733
4.123105625617661,0.0023194061704375456
3.1622776601683795,0.00010356272423982338
2.23606797749979,7.08017925594287e-05
1.4142135623730951,0.00013860548954124273
1.0,0.07688508391801914
1.4142135623730951,0.06912105261067647
2.23606797749979,7.556370886676654e-08
3.1622776601683795,0.000492440754331989
4.123105625617661,1.9492363327249094e-06
5.385164807134504,0.000430869774407181
4.47213595499958,0.0007479813324244777
3.605551275463989,0.0
2.8284271247461903,0.0001444227489969511
2.23606797749979,3.056552001513842e-05
2.0,0.00011064763622561917
2.23606797749979,0.0
2.8284271247461903,3.774608389997872e-05
3.605551275463989,0.000880045288532803
4.47213595499958,1.884487461040485e-05
5.830951894845301,0.0
5.0,0.0
4.242640687119285,0.0
3.605551275463989,0.0
3.1622776601683795,0.0
3.0,0.0
3.1622776601683795,0.0
3.605551275463989,0.0
4.242640687119285,0.0
5.0,0.0
6.4031242374328485,0.00112103003476047
5.656854249492381,0.00838411747797771
5.0,0.001423342991730319
4.47213595499958,0.0027788925300359147
4.123105625617661,0.009516255182127785
4.0,0.11394786682747327
4.123105625617661,0.10865762116808879
4.47213595499958,0.0007050021084069216
5.0,0.0
5.656854249492381,0.0
7.0710678118654755,0.009898727027332247
6.4031242374328485,0.06079359684976863
5.830951894845301,0.005341510128316408
5.385164807134504,0.0070743905363203925
5.0990195135927845,0.0012921476470283799
5.0,0.18198369627979763
5.0990195135927845,0.5041171040612548
5.385164807134504,0.0
5.830951894845301,0.0
6.4031242374328485,0.0002738118618742965
7.810249675906654,0.0065886416265291126
7.211102550927978,0.00010592712905228568
6.708203932499369,0.0
6.324555320336759,0.0072618658092354835
6.082762530298219,3.508123322943329e-05
6.0,0.02022587778854582
6.082762530298219,0.0019947841908606206
6.324555320336759,0.0
6.708203932499369,0.0
7.211102550927978,0.0
8.602325267042627,0.0
8.06225774829855,0.0036006743798304734
7.615773105863909,0.0
7.280109889280518,0.0
7.0710678118654755,0.0013240464654458329
7.0,0.0013292335886803325
7.0710678118654755,0.0
7.280109889280518,0.0
7.615773105863909,0.0
8.06225774829855,0.0
9.433981132056603,0.0
8.94427190999916,0.0
8.54400374531753,0.0
8.246211251235321,0.0009675781435593793
8.06225774829855,0.0
8.0,4.0911223073741345e-05
8.06225774829855,0.0
8.246211251235321,0.0
8.54400374531753,0.0
8.94427190999916,0.0
1.0,0.13753219074368384
2.0,0.00017244048945509513
3.0,0.0
6.082762530298219,0.0
5.0990195135927845,0.03618846197394778
4.123105625617661,0.03945895815074438
3.1622776601683795,0.0020984476631599877
2.23606797749979,0.0
1.4142135623730951,0.0379230139876211
1.0,0.20030748541090948
1.4142135623730951,0.01893781809136116
2.23606797749979,8.256567466107921e-05
3.1622776601683795,0.0
6.324555320336759,0.0002790567350639291
5.385164807134504,0.0008646597992307969
4.47213595499958,6.520092513347508e-05
3.605551275463989,3.4841309603925546e-05
2.8284271247461903,7.731017777501316e-06
2.23606797749979,0.0
2.0,7.585745784202837e-05
2.23606797749979,2.3413439444390078e-05
2.8284271247461903,0.00021230679083594152
3.605551275463989,4.546237454337143e-06
6.708203932499369,0.0
5.830951894845301,0.0
5.0,0.0
4.242640687119285,0.0
3.605551275463989,0.0
3.1622776601683795,4.478416334097697e-06
3.0,1.8175000261560076e-05
3.1622776601683795,0.0
3.605551275463989,0.0
4.242640687119285,0.0
7.211102550927978,0.0006172723825586735
6.4031242374328485,0.008140444078501254
5.656854249492381,0.006563614113690119
5.0,6.029002602643535e-05
4.47213595499958,0.00019062889922352955
4.123105625617661,0.05615791678621825
4.0,0.14856730739343818
4.123105625617661,0.010035909008933178
4.47213595499958,1.0311953413916978e-05
5.0,0.0
7.810249675906654,0.0020009636084769803
7.0710678118654755,0.20361969182158202
6.4031242374328485,0.2751061797168059
5.830951894845301,0.0030670677669648724
5.385164807134504,0.0
5.0990195135927845,0.15113473680945086
5.0,0.7987207147717644
5.0990195135927845,0.011584119012196702
5.385164807134504,1.655762182659744e-05
5.830951894845301,7.627254475620776e-05
8.48528137423857,0.00012856081197413433
7.810249675906654,0.02544640493768843
7.211102550927978,0.06319884198559889
6.708203932499369,0.03351600954215652
6.324555320336759,6.552913919149236e-07
6.082762530298219,0.0005405191989647772
6.0,0.023557147690135755
6.082762530298219,0.010231718464555633
6.324555320336759,0.0
6.708203932499369,0.0
9.219544457292887,4.5046065203376486e-07
8.602325267042627,0.005360671286234365
8.06225774829855,0.0
7.615773105863909,0.0
7.280109889280518,0.0
7.0710678118654755,0.0
7.0,1.1447155610425632e-06
7.0710678118654755,1.9178324850071977e-05
7.280109889280518,0.0
7.615773105863909,0.0
10.0,0.0
9.433981132056603,1.0942324515703142e-06
8.94427190999916,0.0
8.54400374531753,0.0003835117402930806
8.246211251235321,0.0
8.06225774829855,0.0
8.0,0.0
8.06225774829855,0.0
8.246211251235321,0.0
8.54400374531753,0.0
1.0,0.1555542671538307
2.0,0.000988531666672133
7.0710678118654755,0.0
6.082762530298219,0.031747012043244205
5.0990195135927845,0.1641044747544019
4.123105625617661,0.14227420480651834
3.1622776601683795,0.0003165215535591935
2.23606797749979,1.2933772122253881e-05
1.4142135623730951,0.06526011413761984
1.0,0.13442460317332025
1.4142135623730951,0.020936417986543134
2.23606797749979,2.8926863671272673e-05
7.280109889280518,2.1671082329038233e-05
6.324555320336759,0.0001483934803684946
5.385164807134504,0.0006808104322625327
4.47213595499958,6.276644066117198e-05
3.605551275463989,1.3894235465146397e-05
2.8284271247461903,7.0943471451514895e-06
2.23606797749979,0.0
2.0,0.0005457614549554822
2.23606797749979,0.00021389698587322373
2.8284271247461903,0.0
7.615773105863909,0.0
6.708203932499369,0.0
5.830951894845301,0.0
5.0,0.0
4.242640687119285,0.0
3.605551275463989,5.928873048108366e-07
3.1622776601683795,2.4061467528082506e-06
3.0,0.0
3.1622776601683795,0.00013330413452305475
3.605551275463989,0.0
8.06225774829855,0.0
7.211102550927978,0.001176121713141788
6.4031242374328485,0.02422087963637675
5.656854249492381,0.10481174611402001
5.0,0.0004150689507194024
4.47213595499958,7.004161578654164e-06
4.123105625617661,0.011382934265318192
4.0,0.02568297315873294
4.123105625617661,0.006829099653383619
4.47213595499958,0.0
8.602325267042627,0.0
7.810249675906654,0.0592642610184973
7.0710678118654755,0.25069542413893836
6.4031242374328485,0.12839808508804457
5.830951894845301,0.005062576205969036
5.385164807134504,0.00025361653478185575
5.0990195135927845,0.023756996119821877
5.0,0.21478643211403753
5.0990195135927845,0.014320965301387469
5.385164807134504,4.113217124524234e-05
9.219544457292887,0.0
8.48528137423857,0.02104773222385439
7.810249675906654,0.13965162703075967
7.211102550927978,0.08815026132093952
6.708203932499369,0.0018996401904633627
6.324555320336759,0.00043331526379866833
6.082762530298219,0.05114696778008505
6.0,0.16473832802913363
6.082762530298219,0.006013993597209292
6.324555320336759,0.0
9.899494936611665,0.0
9.219544457292887,2.7030516426708323e-05
8.602325267042627,0.000373833736773367
8.06225774829855,0.0004867428224072111
7.615773105863909,2.6548079798543583e-06
7.280109889280518,0.0
7.0710678118654755,1.3908134795869685e-05
7.0,0.0009704958787112852
7.0710678118654755,0.0003670998722706663
7.280109889280518,0.0
10.63014581273465,0.0
10.0,1.746140193313937e-06
9.433981132056603,0.0
8.94427190999916,0.0005768335408320267
8.54400374531753,0.0
8.246211251235321,0.0
8.06225774829855,0.0
8.0,0.0
8.06225774829855,0.0
8.246211251235321,0.0
1.0,0.4383505240495073
8.06225774829855,0.0
7.0710678118654755,8.673066142395283e-06
6.082762530298219,0.0013266857351769926
5.0990195135927845,0.007091969160356213
4.123105625617661,0.005324802559009796
3.1622776601683795,0.0
2.23606797749979,2.390536053475462e-06
1.4142135623730951,0.005705699727611938
1.0,0.10116577025867975
1.4142135623730951,0.04756506521038358
8.246211251235321,5.037836479601876e-06
7.280109889280518,0.0008462998093463892
6.324555320336759,0.00021685643696966314
5.385164807134504,0.00011151912584823582
4.47213595499958,0.00010956846858970543
3.605551275463989,2.2369186243733267e-06
2.8284271247461903,0.0
2.23606797749979,3.740622863073246e-05
2.0,0.0004978934845358387
2.23606797749979,0.0001464659929136309
8.54400374531753,0.0
7.615773105863909,0.0
6.708203932499369,0.0
5.830951894845301,2.7439615858433443e-05
5.0,0.0
4.242640687119285,0.0
3.605551275463989,0.0
3.1622776601683795,0.0
3.0,6.285352909120609e-05
3.1622776601683795,4.7362243125402635e-07
8.94427190999916,0.0
8.06225774829855,6.737467379699778e-06
7.211102550927978,0.015973351349881253
6.4031242374328485,0.300399558110968
5.656854249492381,0.08014808740136803
5.0,0.0
4.47213595499958,0.0
4.123105625617661,0.0010910700353213487
4.0,0.0011626648175032722
4.123105625617661,0.0011228942938905772
9.433981132056603,0.0
8.602325267042627,0.0
7.810249675906654,0.0018220985989913059
7.0710678118654755,0.4087512784247443
6.4031242374328485,0.3979806687514723
5.830951894845301,0.0
5.385164807134504,0.0005275859144131534
5.0990195135927845,0.01213535197283284
5.0,0.006244495443111953
5.0990195135927845,0.0708295670048379
10.0,0.0
9.219544457292887,0.0
8.48528137423857,0.002386678201072483
7.810249675906654,0.033347887957012226
7.211102550927978,0.07085383373963272
6.708203932499369,0.0
6.324555320336759,0.00014487711495518517
6.082762530298219,0.0046768051727564645
6.0,0.002738639214865103
6.082762530298219,0.004103698182966786
10.63014581273465,0.0
9.899494936611665,7.925869486929702e-05
9.219544457292887,3.578644274735159e-05
8.602325267042627,0.0
8.06225774829855,0.0012407847749093363
7.615773105863909,0.0
7.280109889280518,0.00018146733176041449
7.0710678118654755,0.00017515192987114966
7.0,0.00015181387397660763
7.0710678118654755,0.0
11.313708498984761,0.0
10.63014581273465,8.233133490604557e-07
10.0,0.0
9.433981132056603,0.0
8.94427190999916,0.0
8.54400374531753,0.0
8.246211251235321,0.0
8.06225774829855,0.0
8.0,0.0
8.06225774829855,0.0
9.055385138137417,2.4308076261136324e-06
8.06225774829855,0.0
7.0710678118654755,0.0
6.082762530298219,0.00015159236268408554
5.0990195135927845,0.02863607123530051
4.123105625617661,0.0
3.1622776601683795,0.0
2.23606797749979,2.5035766026739645e-07
1.4142135623730951,0.0778902648701825
1.0,0.1389496790098523
9.219544457292887,4.695984930488077e-07
8.246211251235321,5.602134591519206e-05
7.280109889280518,0.0002818193140538792
6.324555320336759,0.00030480110217938474
5.385164807134504,0.0003297586011218931
4.47213595499958,2.7954021953181393e-05
3.605551275463989,2.542623895240461e-06
2.8284271247461903,0.0
2.23606797749979,5.158217590089314e-05
2.0,0.0007992158857201702
9.486832980505138,0.0
8.54400374531753,0.0
7.615773105863909,0.0
6.708203932499369,6.627679664694493e-05
5.830951894845301,0.0
5.0,0.00019670418338803947
4.242640687119285,4.2608171136649844e-05
3.605551275463989,0.0
3.1622776601683795,0.0
3.0,1.6101414778843444e-05
9.848857801796104,0.0
8.94427190999916,0.0
8.06225774829855,0.0003708743366478532
7.211102550927978,0.09059756917920156
6.4031242374328485,0.17673892397927066
5.656854249492381,0.00012391815064928804
5.0,0.0
4.47213595499958,0.0
4.123105625617661,0.0015448448167806976
4.0,0.012666128992266795
10.295630140987,0.0
9.433981132056603,0.0
8.602325267042627,0.0
7.810249675906654,0.07820212419143004
7.0710678118654755,0.775718127510336
6.4031242374328485,0.0
5.830951894845301,0.0
5.385164807134504,0.0
5.0990195135927845,0.024156765881411225
5.0,0.2595864761595911
10.816653826391969,0.0
10.0,0.0
9.219544457292887,0.00010608877883289736
8.48528137423857,0.004611606740636942
7.810249675906654,0.10568226447453602
7.211102550927978,0.0
6.708203932499369,0.0
6.324555320336759,0.0
6.082762530298219,0.002099056939712106
6.0,0.02067452191544706
11.40175425099138,0.0
10.63014581273465,0.00019143899205644922
9.899494936611665,8.643746329833526e-05
9.219544457292887,0.0
8.602325267042627,0.0011027260109727373
8.06225774829855,0.0
7.615773105863909,6.808773310722551e-06
7.280109889280518,5.881469389337091e-07
7.0710678118654755,0.0
7.0,0.0
12.041594578792296,0.0
11.313708498984761,9.943786785309386e-07
10.63014581273465,0.0
10.0,0.0
9.433981132056603,0.0
8.94427190999916,4.0149199841430904e-05
8.54400374531753,1.0156420968518498e-05
8.246211251235321,0.0
8.06225774829855,0.0
8.0,0.0
1.0,0.24257928588121414
2.0,3.353276834100556e-07
3.0,0.0
4.0,0.0
5.0,0.5345190818875755
6.0,0.002557759259801714
7.0,0.0
8.0,0.0
9.0,9.762018001864688e-07
1.0,0.5828499674688012
1.4142135623730951,0.07058904312244937
2.23606797749979,0.00019595188991993346
3.1622776601683795,0.0
4.123105625617661,0.0
5.0990195135927845,0.26563504810102356
6.082762530298219,0.004752792464347197
7.0710678118654755,0.0
8.06225774829855,0.0
9.055385138137417,0.0
2.0,0.006066298654444597
2.23606797749979,0.0
2.8284271247461903,0.0
3.605551275463989,0.0
4.47213595499958,0.0
5.385164807134504,0.011676293461797771
6.324555320336759,0.0008147567126703837
7.280109889280518,0.0
8.246211251235321,0.0
9.219544457292887,0.0
3.0,0.0018844526964047147
3.1622776601683795,0.0
3.605551275463989,0.0
4.242640687119285,0.0
5.0,0.001853326789991013
5.830951894845301,0.0005075394045343729
6.708203932499369,0.0
7.615773105863909,0.0
8.54400374531753,0.0
9.486832980505138,0.0
4.0,0.058015358919698966
4.123105625617661,0.002542975687885905
4.47213595499958,0.0
5.0,0.0
5.656854249492381,0.0
6.4031242374328485,0.09632532400868178
7.211102550927978,0.0008419144773942719
8.06225774829855,0.0
8.94427190999916,0.0
9.848857801796104,1.6635590967551122e-05
5.0,0.40256250232104623
5.0990195135927845,0.010805740943373016
5.385164807134504,0.006032527160822636
5.830951894845301,0.0024146722248564075
6.4031242374328485,0.002033216554478788
7.0710678118654755,0.5761026662063968
7.810249675906654,0.001240255381626107
8.602325267042627,0.0
9.433981132056603,0.0
10.295630140987,0.0
6.0,0.031924214304358864
6.082762530298219,0.0017092905776909819
6.324555320336759,0.0
6.708203932499369,0.0
7.211102550927978,0.0013177049106497243
7.810249675906654,0.034854821013400046
8.48528137423857,0.00048099181766434054
9.219544457292887,0.0
10.0,0.0
10.816653826391969,0.0
7.0,0.0
7.0710678118654755,8.994496176528721e-06
7.280109889280518,0.0
7.615773105863909,0.0
8.06225774829855,0.0
8.602325267042627,0.00036316328201842283
9.219544457292887,9.186831087681402e-05
9.899494936611665,0.0
10.63014581273465,0.0
11.40175425099138,0.0
1.0,0.06048152984238141
2.0,0.007182053649945441
3.0,2.715693712429331e-05
4.0,0.017299380547786184
5.0,0.04103091419165255
6.0,0.02215247246096203
7.0,0.0006077799180974029
8.0,2.4638903127135272e-05
1.4142135623730951,0.08356628083903793
1.0,0.16244937130343196
1.4142135623730951,0.059691765324793485
2.23606797749979,0.0019920699125372016
3.1622776601683795,0.0010243774852810728
4.123105625617661,0.02253565724674309
5.0990195135927845,0.021891017377646278
6.082762530298219,0.002685074708757301
7.0710678118654755,0.0016046282009288754
8.06225774829855,0.00022692799709189305
2.23606797749979,0.0
2.0,3.058534591524693e-06
2.23606797749979,4.715485028432163e-05
2.8284271247461903,6.667383977413873e-05
3.605551275463989,0.0
4.47213595499958,0.000775209376548479
5.385164807134504,0.0007438829035092335
6.324555320336759,3.001733054967173e-06
7.280109889280518,0.0
8.246211251235321,0.0
3.1622776601683795,2.395318029005409e-07
3.0,0.0
3.1622776601683795,0.0
3.605551275463989,0.0
4.242640687119285,8.140761272426368e-07
5.0,5.132652100816709e-05
5.830951894845301,9.637147328475403e-05
6.708203932499369,0.0
7.615773105863909,0.0
8.54400374531753,0.0
4.123105625617661,0.0010820814514016302
4.0,0.020700571829686976
4.123105625617661,0.10876273255459715
4.47213595499958,8.75788160686736e-05
5.0,0.0
5.656854249492381,0.0023560322962201297
6.4031242374328485,0.007496114083182091
7.211102550927978,0.007349748696630526
8.06225774829855,1.4301713920281635e-05
8.94427190999916,0.0
5.0990195135927845,0.011655423604108706
5.0,0.08660496571138764
5.0990195135927845,0.08647328273714137
5.385164807134504,0.0014921706446034296
5.830951894845301,0.0006157296920516578
6.4031242374328485,0.026638257949609133
7.0710678118654755,0.0855844768766677
7.810249675906654,0.02738998483491424
8.602325267042627,0.0
9.433981132056603,0.0
6.082762530298219,0.0011662568036286357
6.0,0.012426895091924874
6.082762530298219,0.003123602153586833
6.324555320336759,0.0008325898703476322
6.708203932499369,0.0012782789608769224
7.211102550927978,0.04522426318379997
7.810249675906654,0.042966839543724336
8.48528137423857,0.026566667259452417
9.219544457292887,0.0
10.0,0.0
7.0710678118654755,0.0
7.0,0.0002149266692565329
7.0710678118654755,0.0
7.280109889280518,0.00021014917145849475
7.615773105863909,0.0
8.06225774829855,0.0
8.602325267042627,0.0006322925792432931
9.219544457292887,3.471532556358751e-05
9.899494936611665,0.0
10.63014581273465,0.0
1.0,0.6330664154638306
2.0,0.023241425555610637
3.0,0.00016336023121760825
4.0,0.1951873257242019
5.0,0.9246332703837397
6.0,0.04389542868407565
7.0,4.390082183348783e-06
2.23606797749979,4.916104399666094e-07
1.4142135623730951,0.015083403987153018
1.0,0.18995115185471803
1.4142135623730951,0.009794593066510182
2.23606797749979,0.0005028303064950121
3.1622776601683795,7.933494550106235e-05
4.123105625617661,0.019128528314331834
5.0990195135927845,0.07514361664314814
6.082762530298219,0.0016790447224096505
7.0710678118654755,0.0
2.8284271247461903,0.0
2.23606797749979,0.0
2.0,0.0
2.23606797749979,0.0
2.8284271247461903,0.0
3.605551275463989,0.0
4.47213595499958,3.166037771643695e-05
5.385164807134504,0.0
6.324555320336759,4.110500637802747e-05
7.280109889280518,0.0
3.605551275463989,0.0
3.1622776601683795,0.0
3.0,0.0
3.1622776601683795,0.0
3.605551275463989,0.0
4.242640687119285,0.0
5.0,0.0
5.830951894845301,0.0
6.708203932499369,0.0
7.615773105863909,0.0
4.47213595499958,0.0
4.123105625617661,0.052422822163844626
4.0,0.22266217316666156
4.123105625617661,0.004707746758130452
4.47213595499958,0.0
5.0,0.0
5.656854249492381,0.022057425958881105
6.4031242374328485,0.23252817952934574
7.211102550927978,0.0017302727496116353
8.06225774829855,0.0
5.385164807134504,0.002063520575243709
5.0990195135927845,0.04239660221154547
5.0,0.9222780798878393
5.0990195135927845,0.09925538697164997
5.385164807134504,0.00019079925072571923
5.830951894845301,0.00091072139124939
6.4031242374328485,0.2392739192803415
7.0710678118654755,0.9511641713177548
7.810249675906654,0.008159950814330979
8.602325267042627,0.0
6.324555320336759,0.0006911176597559553
6.082762530298219,0.008473905671617404
6.0,0.02810344396667402
6.082762530298219,0.007591214251291273
6.324555320336759,0.00026643994060124163
6.708203932499369,0.0002464984707554947
7.211102550927978,0.018074352904597735
7.810249675906654,0.10369980087364201
8.48528137423857,0.0012347017695609266
9.219544457292887,0.0
7.280109889280518,0.0
7.0710678118654755,0.0016788222628191115
7.0,0.0
7.0710678118654755,0.005432593601634255
7.280109889280518,0.0
7.615773105863909,0.0
8.06225774829855,3.1350625259168784e-05
8.602325267042627,0.0
9.219544457292887,0.0
9.899494936611665,0.0
1.0,0.1789274222076879
2.0,0.0009816064436893983
3.0,0.03993252132181799
4.0,0.6655793805064282
5.0,0.10798384186477264
6.0,0.010585459710313444
3.1622776601683795,0.0
2.23606797749979,0.0014478160142794487
1.4142135623730951,0.10761620040418396
1.0,0.1611719850525535
1.4142135623730951,0.05487157314048397
2.23606797749979,0.0
3.1622776601683795,0.00457243957060957
4.123105625617661,0.023154360492268225
5.0990195135927845,0.08643984269596301
6.082762530298219,0.011289539138246422
3.605551275463989,0.0
2.8284271247461903,0.0
2.23606797749979,0.00017245044025429988
2.0,0.0014207653262054067
2.23606797749979,0.0002395901259063312
2.8284271247461903,0.0
3.605551275463989,0.0
4.47213595499958,0.0
5.385164807134504,0.0005990259607591792
6.324555320336759,0.0
4.242640687119285,0.0
3.605551275463989,0.0
3.1622776601683795,4.6371564222034545e-05
3.0,4.342135610846562e-05
3.1622776601683795,0.0007518432583489127
3.605551275463989,0.0
4.242640687119285,0.0
5.0,0.0
5.830951894845301,0.0
6.708203932499369,0.0
5.0,0.0
4.47213595499958,0.011602449965484136
4.123105625617661,0.09427121898608841
4.0,0.03548045101468198
4.123105625617661,0.008168332664442668
4.47213595499958,0.0
5.0,0.008003291195209122
5.656854249492381,0.175645460154222
6.4031242374328485,0.010197049667698509
7.211102550927978,0.0004155792244828578
5.830951894845301,5.990521943863476e-05
5.385164807134504,0.004180120072966569
5.0990195135927845,0.5633567609745878
5.0,0.09296211384986411
5.0990195135927845,0.016308923185060702
5.385164807134504,0.0
5.830951894845301,0.06754337819751445
6.4031242374328485,0.6738253894127572
7.0710678118654755,0.029393396669561145
7.810249675906654,0.0042284427416291
6.708203932499369,1.9382408404185713e-05
6.324555320336759,0.00016904015054252524
6.082762530298219,0.008801800907704696
6.0,0.008709367804296637
6.082762530298219,0.00656658513123257
6.324555320336759,0.0
6.708203932499369,0.0020026116322977958
7.211102550927978,0.027645744245856408
7.810249675906654,0.002325205000731783
8.48528137423857,0.0
7.615773105863909,0.0
7.280109889280518,4.708260348533053e-05
7.0710678118654755,0.0
7.0,0.004803606396576175
7.0710678118654755,1.0549535492486158e-06
7.280109889280518,0.0
7.615773105863909,0.0
8.06225774829855,0.0
8.602325267042627,0.0
9.219544457292887,0.0
1.0,2.523954814806213e-05
2.0,0.006036730731988459
3.0,0.0341892673492848
4.0,0.10934920818414762
5.0,0.5386653296166053
4.123105625617661,0.0
3.1622776601683795,9.966527146744111e-05
2.23606797749979,0.01509812084946661
1.4142135623730951,0.022278107351491203
1.0,0.227257726379094
1.4142135623730951,0.0
2.23606797749979,0.0009564175869754575
3.1622776601683795,0.005185447587464403
4.123105625617661,0.036197789699547525
5.0990195135927845,0.238524626073042
4.47213595499958,0.0007284301699213789
3.605551275463989,0.0
2.8284271247461903,1.2240389089135197e-05
2.23606797749979,0.0003752142433013824
2.0,0.003535609224584504
2.23606797749979,0.0
2.8284271247461903,0.0
3.605551275463989,0.0
4.47213595499958,0.00015984029050713513
5.385164807134504,0.0013379613260963243
5.0,0.0004891034866953723
4.242640687119285,0.005818704500300974
3.605551275463989,0.0
3.1622776601683795,0.00046077752994290477
3.0,0.00246528947563778
3.1622776601683795,0.0
3.605551275463989,0.0
4.242640687119285,0.0
5.0,0.0
5.830951894845301,1.9531811519006027e-05
5.656854249492381,0.0
5.0,0.0
4.47213595499958,0.0
4.123105625617661,0.030580679119303383
4.0,0.0436318436493387
4.123105625617661,0.0
4.47213595499958,0.0
5.0,0.0
5.656854249492381,0.0005262958194782347
6.4031242374328485,0.010598681019267336
6.4031242374328485,0.0
5.830951894845301,0.0001481226065852852
5.385164807134504,0.03455660874297713
5.0990195135927845,0.03682550876797835
5.0,0.3085433597881404
5.0990195135927845,0.0
5.385164807134504,0.004835085851335912
5.830951894845301,0.02458264218388154
6.4031242374328485,0.05930189309557747
7.0710678118654755,0.4133259786653366
7.211102550927978,0.0
6.708203932499369,0.0007730083180469828
6.324555320336759,0.002433327985345036
6.082762530298219,0.0016532108355613196
6.0,0.0029288555830431534
6.082762530298219,0.0
6.324555320336759,0.0005289136145744796
6.708203932499369,0.005915746510408942
7.211102550927978,0.009552011782320537
7.810249675906654,0.11202518762258513
8.06225774829855,0.0
7.615773105863909,4.9987526716978004e-05
7.280109889280518,0.0
7.0710678118654755,0.000358821254065311
7.0,0.0
7.0710678118654755,0.0
7.280109889280518,0.0
7.615773105863909,0.0
8.06225774829855,0.0
8.602325267042627,0.0
1.0,0.22745684502005248
2.0,0.0002479004183631947
3.0,0.0
4.0,0.002063073759228353
5.0990195135927845,0.3275813940888931
4.123105625617661,0.015335143478207252
3.1622776601683795,3.704238858483734e-05
2.23606797749979,0.0
1.4142135623730951,0.0
1.0,0.3720856341108837
1.4142135623730951,0.031640028785025476
2.23606797749979,0.002001055912838511
3.1622776601683795,0.0
4.123105625617661,0.0006972800065286257
5.385164807134504,0.016183491780572098
4.47213595499958,0.0
3.605551275463989,1.7984667022652756e-06
2.8284271247461903,0.0
2.23606797749979,0.0
2.0,0.011581920241967402
2.23606797749979,0.001151758234957157
2.8284271247461903,1.398428214562809e-07
3.605551275463989,0.0
4.47213595499958,0.0
5.830951894845301,0.0016427269548415363
5.0,0.0
4.242640687119285,0.0
3.605551275463989,0.0
3.1622776601683795,0.004944117293540396
3.0,0.00048516720489081064
3.1622776601683795,9.218153252617217e-05
3.605551275463989,0.0
4.242640687119285,0.0
5.0,0.0
6.4031242374328485,0.052774999614643575
5.656854249492381,0.002488047155677916
5.0,1.8203417468714022e-05
4.47213595499958,7.638398779179464e-07
4.123105625617661,0.0
4.0,0.10236789211017304
4.123105625617661,0.005507028946666599
4.47213595499958,0.0
5.0,0.0
5.656854249492381,0.0
7.0710678118654755,0.4921407681067899
6.4031242374328485,0.01648331332565133
5.830951894845301,0.008329232254644464
5.385164807134504,0.002107090080112724
5.0990195135927845,0.021034574589108925
5.0,0.6244506304722129
5.0990195135927845,0.025509570209610952
5.385164807134504,0.0
5.830951894845301,0.0
6.4031242374328485,0.0
7.810249675906654,0.04559459271483194
7.211102550927978,0.01015523519150957
6.708203932499369,9.33323640530878e-05
6.324555320336759,3.642450403622458e-06
6.082762530298219,0.004048378426193392
6.0,0.053102192039366385
6.082762530298219,0.004601576918429673
6.324555320336759,0.0002466857394357185
6.708203932499369,0.0
7.211102550927978,0.0
8.602325267042627,0.0
8.06225774829855,0.0
7.615773105863909,0.0
7.280109889280518,0.0
7.0710678118654755,0.0
7.0,0.0002946784362665619
7.0710678118654755,0.0007022849276707228
7.280109889280518,6.481241373875813e-06
7.615773105863909,0.0
8.06225774829855,0.0
1.0,0.16757185164357138
2.0,0.0018121398304037878
3.0,0.00017582688220515853
6.082762530298219,0.0012176139737058835
5.0990195135927845,0.003489118177615141
4.123105625617661,0.11756882337527445
3.1622776601683795,0.003908009489593057
2.23606797749979,2.6018500318069157e-05
1.4142135623730951,0.00583620145838501
1.0,0.1921039003683847
1.4142135623730951,0.09661567318509838
2.23606797749979,0.000964848674548262
3.1622776601683795,5.942616885291433e-05
6.324555320336759,0.0
5.385164807134504,1.2294952384719836e-06
4.47213595499958,2.3320968520978803e-05
3.605551275463989,0.0
2.8284271247461903,0.0
2.23606797749979,1.629732025650844e-05
2.0,0.0008817669304792494
2.23606797749979,1.4573371792380038e-05
2.8284271247461903,0.0
3.605551275463989,0.0
6.708203932499369,0.0
5.830951894845301,4.6803986907815696e-05
5.0,4.025081216724213e-05
4.242640687119285,0.0
3.605551275463989,8.410563480443177e-07
3.1622776601683795,0.0003499978491261254
3.0,0.003414472193375767
3.1622776601683795,2.9542613930953397e-05
3.605551275463989,0.0
4.242640687119285,0.0
7.211102550927978,0.0003509863782345732
6.4031242374328485,0.04705092417841706
5.656854249492381,0.2161002073963897
5.0,0.0009422007803945663
4.47213595499958,0.0
4.123105625617661,0.0062490921999822655
4.0,0.04596381092580873
4.123105625617661,0.014828802346933923
4.47213595499958,1.0009371047282353e-05
5.0,0.0
7.810249675906654,0.004863171203435942
7.0710678118654755,0.04483099179615893
6.4031242374328485,0.23250483402920852
5.830951894845301,0.02883470596817148
5.385164807134504,0.0014029096731616516
5.0990195135927845,0.006770203421868781
5.0,0.08112077092590737
5.0990195135927845,0.13667392999608716
5.385164807134504,0.00015179252826979446
5.830951894845301,0.0
8.48528137423857,0.0010185704303117358
7.810249675906654,0.02069543325434881
7.211102550927978,0.017503775293406697
6.708203932499369,0.0043411544337575375
6.324555320336759,9.994992301855268e-05
6.082762530298219,0.003712223514368706
6.0,0.008825388087765375
6.082762530298219,0.053994475765596725
6.324555320336759,0.000626675402082803
6.708203932499369,0.0
9.219544457292887,0.0
8.602325267042627,0.0018404198593251824
8.06225774829855,0.0
7.615773105863909,0.0005038350693564622
7.280109889280518,0.0
7.0710678118654755,1.1606601489854311e-07
7.0,0.000409922642356414
7.0710678118654755,1.3955156041298273e-05
7.280109889280518,0.0
7.615773105863909,0.0
1.0,0.13754855921501205
2.0,5.9398930927500535e-05
7.0710678118654755,0.0
6.082762530298219,0.0011734149419469625
5.0990195135927845,0.19941777172042563
4.123105625617661,0.017576402369943366
3.1622776601683795,0.001078614404160828
2.23606797749979,1.781836828912956e-05
1.4142135623730951,0.027932714186345055
1.0,0.1865830270032345
1.4142135623730951,0.023218087260954885
2.23606797749979,4.6110719315605503e-07
7.280109889280518,0.0
6.324555320336759,0.0
5.385164807134504,0.0
4.47213595499958,1.0739785429349104e-05
3.605551275463989,0.0
2.8284271247461903,0.0
2.23606797749979,6.958787236260533e-06
2.0,3.141747739272526e-05
2.23606797749979,3.007815691645563e-06
2.8284271247461903,0.0
7.615773105863909,0.0
6.708203932499369,0.0
5.830951894845301,0.0
5.0,0.0
4.242640687119285,0.0
3.605551275463989,0.0
3.1622776601683795,0.0
3.0,8.03218000232047e-06
3.1622776601683795,0.0
3.605551275463989,0.0
8.06225774829855,0.0
7.211102550927978,0.031065995588055298
6.4031242374328485,0.1350184730849064
5.656854249492381,0.007788285047463074
5.0,0.00014220919831410244
4.47213595499958,3.156458381354068e-07
4.123105625617661,0.014223060981733636
4.0,0.17885034112996068
4.123105625617661,0.0038806476790606546
4.47213595499958,3.9518414560069775e-05
8.602325267042627,0.0014978404018347773
7.810249675906654,0.022151892272341885
7.0710678118654755,0.8624785041470632
6.4031242374328485,0.14706974009278104
5.830951894845301,0.001781513221460442
5.385164807134504,0.00013263901019949122
5.0990195135927845,0.16673363695569904
5.0,0.9528218326366942
5.0990195135927845,0.04281876765415957
5.385164807134504,0.00011711586650781413
9.219544457292887,0.000493356564148771
8.48528137423857,0.004460829764175201
7.810249675906654,0.08406785901859114
7.211102550927978,0.06120159573767408
6.708203932499369,5.666867304309515e-05
6.324555320336759,0.0012386883805692917
6.082762530298219,0.007462868306745369
6.0,0.21227481978717544
6.082762530298219,0.0161908082977185
6.324555320336759,0.0
9.899494936611665,0.0
9.219544457292887,0.0011897711210649433
8.602325267042627,0.0
8.06225774829855,0.004403205778213787
7.615773105863909,0.0
7.280109889280518,0.0
7.0710678118654755,0.0
7.0,0.0
7.0710678118654755,0.0
7.280109889280518,0.0
1.0,0.35218728862861665
8.06225774829855,0.0
7.0710678118654755,0.0014392137843608048
6.082762530298219,0.01649905385321462
5.0990195135927845,0.13900632078165132
4.123105625617661,0.08328093972004531
3.1622776601683795,5.586807353667161e-07
2.23606797749979,0.00015083645999708437
1.4142135623730951,0.03227931259845679
1.0,0.31856641608355063
1.4142135623730951,0.0763324726143503
8.246211251235321,0.00024136147609509685
7.280109889280518,3.070295059536232e-05
6.324555320336759,0.002538595439647477
5.385164807134504,0.0035287919537281606
4.47213595499958,5.072511877135025e-05
3.605551275463989,0.0
2.8284271247461903,0.0
2.23606797749979,0.0
2.0,0.00023729414727160437
2.23606797749979,0.0006358371066336956
8.54400374531753,0.0001620618480489284
7.615773105863909,0.0004283453865052438
6.708203932499369,0.0012662523363307367
5.830951894845301,0.0019378748839186722
5.0,5.224430533474263e-06
4.242640687119285,0.0
3.605551275463989,0.0
3.1622776601683795,0.00045010030033755966
3.0,0.0002658898978719787
3.1622776601683795,1.3827936896243214e-05
8.94427190999916,0.0
8.06225774829855,0.0006064696554761257
7.211102550927978,0.010462291229303918
6.4031242374328485,0.03625086953218379
5.656854249492381,0.039775747153661584
5.0,0.0
4.47213595499958,0.00034010455086908465
4.123105625617661,0.01192805352316865
4.0,0.008991122047102774
4.123105625617661,0.010417818756517318
9.433981132056603,0.0
8.602325267042627,0.0001969348352441491
7.810249675906654,0.0644028254670895
7.0710678118654755,0.1127835027841257
6.4031242374328485,0.0764376739979273
5.830951894845301,0.0
5.385164807134504,0.0026886335532570085
5.0990195135927845,0.08552653605173777
5.0,0.04553527644021775
5.0990195135927845,0.03310650787043604
10.0,0.0
9.219544457292887,0.005337850949394877
8.48528137423857,0.010233778877599225
7.810249675906654,0.015553062484204053
7.211102550927978,0.005436301885897003
6.708203932499369,0.00020909272892309416
6.324555320336759,8.341487897453729e-05
6.082762530298219,0.029925309543371345
6.0,0.029082204423244957
6.082762530298219,0.004993056872722664
10.63014581273465,0.0
9.899494936611665,3.9677557158407497e-07
9.219544457292887,0.0
8.602325267042627,0.001382017016310199
8.06225774829855,0.0
7.615773105863909,0.0
7.280109889280518,0.0
7.0710678118654755,0.0
7.0,0.0004531076844606897
7.0710678118654755,0.00042683491556127834
9.055385138137417,1.885887181504462e-07
8.06225774829855,9.042415046979724e-05
7.0710678118654755,0.010074889823487202
6.082762530298219,0.020575140970972246
5.0990195135927845,0.13941428533025185
4.123105625617661,0.0009703828257693373
3.1622776601683795,0.00019712698034296848
2.23606797749979,2.9661037016316173e-05
1.4142135623730951,0.03762300217178448
1.0,0.18575143283624615
9.219544457292887,0.0009455031351374574
8.246211251235321,0.0
7.280109889280518,1.1105440927499066e-05
6.324555320336759,0.0024493146000056157
5.385164807134504,0.0011686809318138453
4.47213595499958,7.899554693870168e-05
3.605551275463989,1.7111256735997393e-05
2.8284271247461903,0.0
2.23606797749979,0.0001753078944345547
2.0,0.0020352180632575846
9.486832980505138,0.0006348568458209924
8.54400374531753,0.0033764671697123333
7.615773105863909,0.0
6.708203932499369,6.294097877826238e-05
5.830951894845301,0.00019483145488961845
5.0,0.0
4.242640687119285,0.0
3.605551275463989,0.0
3.1622776601683795,0.0
3.0,5.13427986850495e-05
9.848857801796104,0.0
8.94427190999916,0.0
8.06225774829855,0.0
7.211102550927978,0.0007968640279754013
6.4031242374328485,0.08283613224736697
5.656854249492381,7.643807868494203e-05
5.0,4.0318323197623736e-05
4.47213595499958,0.0
4.123105625617661,0.0010845278334992987
4.0,0.030847499807485128
10.295630140987,0.0
9.433981132056603,0.0
8.602325267042627,0.0019247025023913036
7.810249675906654,0.01987806560577259
7.0710678118654755,0.3639723056325858
6.4031242374328485,0.0006944351215295855
5.830951894845301,0.0003836720203585952
5.385164807134504,1.1305280537708253e-05
5.0990195135927845,0.022217781464300066
5.0,0.34938341468542616
10.816653826391969,0.0
10.0,0.006840169188414257
9.219544457292887,0.0030884349464377738
8.48528137423857,0.000486167612606597
7.810249675906654,0.0013844879395107823
7.211102550927978,9.434884363317794e-05
6.708203932499369,1.215446656459168e-05
6.324555320336759,3.6749407080537156e-05
6.082762530298219,0.0019571741805113952
6.0,0.04249148107132615
11.40175425099138,0.0
10.63014581273465,3.993381646580232e-07
9.899494936611665,0.0
9.219544457292887,0.00010772102544047027
8.602325267042627,0.0
8.06225774829855,1.612374452844462e-05
7.615773105863909,4.078774612358352e-06
7.280109889280518,0.0
7.0710678118654755,0.0005851410875633701
7.0,0.0005512125599874129
1.0,0.196424061709212
2.0,0.0016870509716079285
3.0,0.0
4.0,0.0
5.0,0.4959658404028263
6.0,0.010274010838265917
7.0,0.0
8.0,0.00045567693056685715
9.0,0.0003865986664670032
1.0,0.016076495790962184
1.4142135623730951,0.008985523560484992
2.23606797749979,0.0003212530769336355
3.1622776601683795,0.0
4.123105625617661,0.0
5.0990195135927845,0.019085675153982663
6.082762530298219,0.0008749818352110379
7.0710678118654755,0.0
8.06225774829855,0.00028574082014524635
9.055385138137417,0.0
2.0,0.0
2.23606797749979,2.5982006103488737e-06
2.8284271247461903,0.0005621736960803157
3.605551275463989,0.0019747636613522005
4.47213595499958,0.001955175305217388
5.385164807134504,2.2603744274323555e-05
6.324555320336759,6.162285687588705e-05
7.280109889280518,4.775128699796009e-05
8.246211251235321,0.0
9.219544457292887,0.0
3.0,0.000725497825998241
3.1622776601683795,1.5074956593902904e-05
3.605551275463989,0.0
4.242640687119285,0.0
5.0,0.0
5.830951894845301,0.0008176891240698034
6.708203932499369,0.0002740994931940475
7.615773105863909,0.0
8.54400374531753,0.0
9.486832980505138,3.2137666368227753e-06
4.0,0.15662192030215563
4.123105625617661,0.0036002662482293533
4.47213595499958,0.005359520841947659
5.0,0.0
5.656854249492381,0.003046765856030702
6.4031242374328485,0.1417855991574681
7.211102550927978,0.0017655666791107293
8.06225774829855,0.0
8.94427190999916,0.0
9.848857801796104,0.0
5.0,0.05800782281403997
5.0990195135927845,0.003034630494146349
5.385164807134504,0.0
5.830951894845301,0.0
6.4031242374328485,0.0020670044134517675
7.0710678118654755,0.0809806736082795
7.810249675906654,0.00103669519598038
8.602325267042627,0.0
9.433981132056603,0.0
10.295630140987,0.0
6.0,0.0
6.082762530298219,1.7376125551260307e-06
6.324555320336759,0.0
6.708203932499369,0.0
7.211102550927978,0.0
7.810249675906654,7.015813515410548e-05
8.48528137423857,1.7747690061210357e-05
9.219544457292887,0.0
10.0,0.0
10.816653826391969,0.0
1.0,0.25387277017575943
2.0,0.007310846127692995
3.0,0.0037594394275171626
4.0,0.035445879296976
5.0,0.16457077174857834
6.0,0.0013194273479922548
7.0,0.006273340366723716
8.0,0.001158943140956821
1.4142135623730951,0.02068912590984256
1.0,0.3580442631345355
1.4142135623730951,0.09299718538644566
2.23606797749979,0.0002446913033842041
3.1622776601683795,0.0
4.123105625617661,0.0034858679309830417
5.0990195135927845,0.028931759505918624
6.082762530298219,0.0017558186705680279
7.0710678118654755,0.00024104245885798222
8.06225774829855,0.0
2.23606797749979,0.0005988130784052337
2.0,0.0010341660503751793
2.23606797749979,0.007087147326023305
2.8284271247461903,0.0078099585696240655
3.605551275463989,0.0004745394752376606
4.47213595499958,3.5780903020862276e-05
5.385164807134504,0.023584506872943195
6.324555320336759,0.009866994088742769
7.280109889280518,0.0
8.246211251235321,0.0
3.1622776601683795,0.0
3.0,0.001608805770141902
3.1622776601683795,6.132842276797954e-05
3.605551275463989,0.00019903095764702098
4.242640687119285,0.0
5.0,0.0
5.830951894845301,0.00013070497310746886
6.708203932499369,0.0
7.615773105863909,0.0
8.54400374531753,0.0
4.123105625617661,0.0020844085820992844
4.0,0.03787348399093523
4.123105625617661,0.030022197207786365
4.47213595499958,0.0
5.0,0.0020745000653591586
5.656854249492381,0.037786798919873806
6.4031242374328485,0.15099457894936508
7.211102550927978,0.015129934189462674
8.06225774829855,0.0
8.94427190999916,0.0
5.0990195135927845,0.0013719434894462832
5.0,0.028669156084668617
5.0990195135927845,0.005950314074246259
5.385164807134504,0.0028207893566093495
5.830951894845301,0.007232778522756597
6.4031242374328485,0.13623197099865478
7.0710678118654755,0.2699207445447639
7.810249675906654,0.06331474158726501
8.602325267042627,0.0
9.433981132056603,0.0
6.082762530298219,1.1994755236613015e-05
6.0,6.0023370152199505e-05
6.082762530298219,0.0013418362004863926
6.324555320336759,0.0014006336470118775
6.708203932499369,0.0
7.211102550927978,0.004365037808474466
7.810249675906654,0.03393605340652446
8.48528137423857,0.004149667694967314
9.219544457292887,0.0
10.0,0.0
1.0,0.1950765947983247
2.0,0.011427645849942766
3.0,0.021718884928248763
4.0,0.2401401343269508
5.0,0.16856807186592856
6.0,0.027607002013234322
7.0,0.0030184641445873987
2.23606797749979,0.00010734295240679875
1.4142135623730951,0.04220104213406886
1.0,0.21073792194424412
1.4142135623730951,0.004444967049367581
2.23606797749979,4.005351528458649e-05
3.1622776601683795,0.0013490467852119966
4.123105625617661,0.05795260821341491
5.0990195135927845,0.016201575641351402
6.082762530298219,0.0021617578623961105
7.0710678118654755,0.0
2.8284271247461903,0.0
2.23606797749979,5.346873019681543e-05
2.0,0.0
2.23606797749979,0.00015106524100789382
2.8284271247461903,0.0022972525460966797
3.605551275463989,0.0
4.47213595499958,0.0
5.385164807134504,0.0
6.324555320336759,0.0
7.280109889280518,0.0
3.605551275463989,0.0
3.1622776601683795,0.0027650182640094195
3.0,0.0021547750940931767
3.1622776601683795,0.00010047781560860616
3.605551275463989,0.0002870343351816193
4.242640687119285,0.0
5.0,3.123626005130927e-05
5.830951894845301,0.0009845733885079399
6.708203932499369,0.0
7.615773105863909,0.0
4.47213595499958,0.001516553069882474
4.123105625617661,0.03183942749795357
4.0,0.23776033001327945
4.123105625617661,0.02663756485676268
4.47213595499958,0.0029169798047716817
5.0,0.0010228083949030142
5.656854249492381,0.2569782006670775
6.4031242374328485,0.20710077220666942
7.211102550927978,0.006215977972175531
8.06225774829855,0.0
5.385164807134504,0.0006259161815793422
5.0990195135927845,0.0439211132706791
5.0,0.075927543082168
5.0990195135927845,0.0223253846657855
5.385164807134504,0.010844129647364238
5.830951894845301,0.04499188769822026
6.4031242374328485,0.3636928127101738
7.0710678118654755,0.3185650467395344
7.810249675906654,0.013252750597495054
8.602325267042627,0.0003346088291279592
6.324555320336759,7.372667285783769e-05
6.082762530298219,0.001221789603569499
6.0,0.009414090767715575
6.082762530298219,0.0033069125829718275
6.324555320336759,4.973996386405648e-05
6.708203932499369,0.005684375981151327
7.211102550927978,0.06716693115371025
7.810249675906654,0.019030535667201667
8.48528137423857,0.00046761409696944206
9.219544457292887,0.0
1.0,0.5088328574829247
2.0,0.00015574211328899564
3.0,0.0012463989105752932
4.0,0.13104459517367834
5.0,0.4984970936318023
6.0,0.0478821979938808
3.1622776601683795,1.4004670857295408e-05
2.23606797749979,0.0
1.4142135623730951,0.004416208013484626
1.0,0.1572252240862057
1.4142135623730951,0.08437355744385028
2.23606797749979,0.00045348965535065906
3.1622776601683795,0.01068164099792409
4.123105625617661,0.03099700382229005
5.0990195135927845,0.0306705947552736
6.082762530298219,0.001874776388162502
3.605551275463989,9.40341796532612e-06
2.8284271247461903,0.0
2.23606797749979,0.0007550569646829087
2.0,0.0
2.23606797749979,0.0
2.8284271247461903,0.0
3.605551275463989,0.0
4.47213595499958,0.0
5.385164807134504,0.0
6.324555320336759,0.0
4.242640687119285,0.0
3.605551275463989,0.0
3.1622776601683795,0.0
3.0,0.0
3.1622776601683795,0.00043699155839043243
3.605551275463989,0.0
4.242640687119285,0.0
5.0,0.0
5.830951894845301,0.0
6.708203932499369,6.391596272690753e-05
5.0,0.0
4.47213595499958,9.392540801352734e-05
4.123105625617661,0.014437476142682048
4.0,0.005988690425015074
4.123105625617661,0.02531875737511766
4.47213595499958,0.0
5.0,0.0031014392957302924
5.656854249492381,0.015305847509494767
6.4031242374328485,0.009775797621693927
7.211102550927978,0.0011625796381066996
5.830951894845301,0.0005011073066481431
5.385164807134504,0.009607467252708266
5.0990195135927845,0.05813341861704697
5.0,0.07850958420148824
5.0990195135927845,0.03506483372989773
5.385164807134504,0.0009071370886365841
5.830951894845301,0.0009380461560343469
6.4031242374328485,0.08021841724768175
7.0710678118654755,0.08464579010826064
7.810249675906654,0.017368011925959954
6.708203932499369,4.982010794638754e-05
6.324555320336759,0.0031577036532293187
6.082762530298219,0.0013764085604531053
6.0,0.04052615607904465
6.082762530298219,0.0027707680245387337
6.324555320336759,0.0018381496337370462
6.708203932499369,0.010678090451030154
7.211102550927978,0.0043697457373354735
7.810249675906654,0.05470647155749564
8.48528137423857,0.023860573699553085
1.0,0.0
2.0,0.0
3.0,0.016952260159051127
4.0,0.259012721744993
5.0,0.5634958611448332
4.123105625617661,0.000658125586089943
3.1622776601683795,0.00015025767941875324
2.23606797749979,0.005899678927463192
1.4142135623730951,0.19461422478187718
1.0,0.3139025888277532
1.4142135623730951,0.0
2.23606797749979,0.00010840438070484096
3.1622776601683795,0.012444436115555122
4.123105625617661,0.03169725713628483
5.0990195135927845,0.04192338188034377
4.47213595499958,0.00042406653688963693
3.605551275463989,0.003944989798343478
2.8284271247461903,0.0003456797595318163
2.23606797749979,1.3704369622186612e-06
2.0,2.30958778605742e-06
2.23606797749979,0.0
2.8284271247461903,0.0001024921964018944
3.605551275463989,0.0002589117640969789
4.47213595499958,0.0
5.385164807134504,2.207215066492376e-05
5.0,0.0
4.242640687119285,0.0
3.605551275463989,0.0
3.1622776601683795,0.0
3.0,0.0006316132723782948
3.1622776601683795,0.0
3.605551275463989,0.0
4.242640687119285,0.0
5.0,3.202827322149709e-07
5.830951894845301,0.00015716612397370715
5.656854249492381,0.0
5.0,0.0
4.47213595499958,0.003966248898934818
4.123105625617661,0.005782826130426347
4.0,0.1529015088669995
4.123105625617661,0.0
4.47213595499958,1.730628445117499e-05
5.0,0.0007788014154757885
5.656854249492381,0.026900021424863196
6.4031242374328485,0.18991316457990892
6.4031242374328485,0.0
5.830951894845301,0.00038112327373249417
5.385164807134504,0.005587804626679795
5.0990195135927845,0.03587940322743407
5.0,0.028938415323528057
5.0990195135927845,3.879315418991215e-07
5.385164807134504,0.0
5.830951894845301,0.0008157092727918547
6.4031242374328485,0.04770986997509939
7.0710678118654755,0.1573355313692264
7.211102550927978,0.0
6.708203932499369,0.0
6.324555320336759,0.00975372340809727
6.082762530298219,0.04357757851837886
6.0,0.0013341815852707568
6.082762530298219,0.0
6.324555320336759,0.00012389109454182657
6.708203932499369,0.009729445084785102
7.211102550927978,0.10181706556923632
7.810249675906654,0.15108920877396953
1.0,0.19836256172470818
2.0,0.0006249127229967323
3.0,0.0
4.0,0.00032417683834101783
5.0990195135927845,0.0049600654336030715
4.123105625617661,5.886512747137379e-05
3.1622776601683795,0.0008510869651774081
2.23606797749979,0.00016816815121314173
1.4142135623730951,0.0
1.0,0.20772724288664854
1.4142135623730951,0.08489739968089975
2.23606797749979,0.001106688083004164
3.1622776601683795,1.60572968682369e-05
4.123105625617661,0.0
5.385164807134504,0.0
4.47213595499958,4.37869094839733e-07
3.605551275463989,0.00012025533541335207
2.8284271247461903,0.0004244820852249514
2.23606797749979,0.0028677032987557355
2.0,0.0
2.23606797749979,0.0
2.8284271247461903,7.58886574573745e-05
3.605551275463989,0.00016292391982750237
4.47213595499958,0.0
5.830951894845301,0.000521332989294585
5.0,0.0
4.242640687119285,0.0
3.605551275463989,0.0015942879708221017
3.1622776601683795,0.0004876215087231337
3.0,0.0019806962870325966
3.1622776601683795,0.0008920220915462094
3.605551275463989,3.0378479945407882e-05
4.242640687119285,5.9972569219193476e-05
5.0,0.00019130747744714016
6.4031242374328485,0.12058602414973049
5.656854249492381,0.010029164275773756
5.0,0.008293365161460007
4.47213595499958,0.0
4.123105625617661,0.012757331667785829
4.0,0.14419790241704725
4.123105625617661,0.013704278950601825
4.47213595499958,1.1919444021350428e-06
5.0,4.2836617014067306e-07
5.656854249492381,0.0
7.0710678118654755,0.23058525937883043
6.4031242374328485,0.03609829980713936
5.830951894845301,0.001696392744709691
5.385164807134504,0.000115543552503325
5.0990195135927845,0.004213430097880939
5.0,0.28027335021040256
5.0990195135927845,0.17840665264304834
5.385164807134504,0.005498021015506537
5.830951894845301,8.521275434205847e-06
6.4031242374328485,0.0
7.810249675906654,0.018406200501292703
7.211102550927978,0.009723993906798201
6.708203932499369,0.0003804516589801223
6.324555320336759,0.0
6.082762530298219,0.0
6.0,0.05736052856501721
6.082762530298219,0.07442497960638575
6.324555320336759,0.0020628802311903455
6.708203932499369,0.0
7.211102550927978,0.0
1.0,0.17917403585280936
2.0,0.00021644837986308462
3.0,6.628008534462264e-05
6.082762530298219,0.0001309595758027081
5.0990195135927845,0.0007571378853547223
4.123105625617661,0.008296389522154186
3.1622776601683795,0.00029564047865187796
2.23606797749979,0.0
1.4142135623730951,0.046697172597343906
1.0,0.20015850172318328
1.4142135623730951,0.02494467540124451
2.23606797749979,0.0
3.1622776601683795,0.0
6.324555320336759,4.090536692121281e-06
5.385164807134504,0.0
4.47213595499958,0.0
3.605551275463989,0.0
2.8284271247461903,0.00208195978806555
2.23606797749979,0.0
2.0,0.0
2.23606797749979,0.0
2.8284271247461903,0.0
3.605551275463989,0.0
6.708203932499369,0.0
5.830951894845301,0.0
5.0,0.00016329820642822145
4.242640687119285,0.0007957504802308724
3.605551275463989,2.7979393045827104e-05
3.1622776601683795,0.0003457673545125504
3.0,0.00018237977968918554
3.1622776601683795,0.0
3.605551275463989,0.0
4.242640687119285,1.7400822118189524e-05
7.211102550927978,0.006418833863389627
6.4031242374328485,0.029808092551894465
5.656854249492381,0.04571248320421463
5.0,0.004827435997944516
4.47213595499958,0.001685890369861734
4.123105625617661,0.01654028472647132
4.0,0.025244407234796578
4.123105625617661,0.01996081543817621
4.47213595499958,0.0
5.0,0.0
7.810249675906654,0.004985206892325648
7.0710678118654755,0.1062446586583657
6.4031242374328485,0.022059386194236936
5.830951894845301,0.0021349781054510425
5.385164807134504,0.00020160763088798275
5.0990195135927845,0.40363340381588575
5.0,0.7883503752395978
5.0990195135927845,0.09724603638467857
5.385164807134504,0.0003573439701014438
5.830951894845301,0.0
8.48528137423857,0.00024152028232516756
7.810249675906654,0.004680973651722453
7.211102550927978,0.007611210687600485
6.708203932499369,1.176738377547519e-06
6.324555320336759,0.0
6.082762530298219,0.05667007086872265
6.0,0.22291523800884852
6.082762530298219,0.02991360476420679
6.324555320336759,0.0
6.708203932499369,0.0
1.0,0.0931659318632097
2.0,0.00015787034298427345
7.0710678118654755,0.0
6.082762530298219,2.244918681351782e-06
5.0990195135927845,0.007299725019006137
4.123105625617661,0.050217988221340965
3.1622776601683795,0.0027072561312534633
2.23606797749979,1.392634042973466e-07
1.4142135623730951,0.0029735750492728987
1.0,0.08053901379393028
1.4142135623730951,0.009937530132594949
2.23606797749979,0.0
7.280109889280518,0.0
6.324555320336759,0.0
5.385164807134504,0.00019734040333760724
4.47213595499958,0.0
3.605551275463989,0.0
2.8284271247461903,0.0
2.23606797749979,0.0
2.0,0.0
2.23606797749979,0.0
2.8284271247461903,0.0
7.615773105863909,0.0
6.708203932499369,1.3920619863207205e-05
5.830951894845301,0.0003229851673012822
5.0,0.0
4.242640687119285,0.0
3.605551275463989,0.0
3.1622776601683795,0.0
3.0,0.0
3.1622776601683795,0.0
3.605551275463989,0.0
8.06225774829855,0.0009565631947148749
7.211102550927978,0.003826778503074358
6.4031242374328485,0.14312147865574187
5.656854249492381,0.05625685938074395
5.0,0.0
4.47213595499958,0.0
4.123105625617661,0.03223117826353788
4.0,0.1548515590170461
4.123105625617661,0.057515869571945585
4.47213595499958,0.0
8.602325267042627,0.0009499051755145372
7.810249675906654,0.01876360658332711
7.0710678118654755,0.23896022800389882
6.4031242374328485,0.1459082715915871
5.830951894845301,0.0026991171967981806
5.385164807134504,0.006232001084770091
5.0990195135927845,0.01484369966368195
5.0,0.485913154910537
5.0990195135927845,0.052861546337756506
5.385164807134504,0.0
9.219544457292887,0.0
8.48528137423857,0.0002690407286953128
7.810249675906654,0.0021387312853946043
7.211102550927978,0.022433121821801665
6.708203932499369,0.0033530204269894945
6.324555320336759,0.0
6.082762530298219,0.006553634665676497
6.0,0.024174654534643656
6.082762530298219,0.0012429350918909605
6.324555320336759,0.0
1.0,0.19060210779518444
8.06225774829855,0.00023148703470525004
7.0710678118654755,5.6788073475675243e-05
6.082762530298219,0.0007690350015435259
5.0990195135927845,0.07916032151794443
4.123105625617661,0.014908850076403376
3.1622776601683795,0.0
2.23606797749979,0.0
1.4142135623730951,0.023417164269922065
1.0,0.2578701567186804
1.4142135623730951,0.02095982951567097
8.246211251235321,0.00010269826030851469
7.280109889280518,8.463237199308025e-05
6.324555320336759,0.004600967153430244
5.385164807134504,0.0
4.47213595499958,0.0
3.605551275463989,0.0
2.8284271247461903,0.0
2.23606797749979,0.0
2.0,0.0002137708011763596
2.23606797749979,1.8664951453735015e-05
8.54400374531753,0.0
7.615773105863909,0.0
6.708203932499369,0.0
5.830951894845301,0.0
5.0,6.393485169998449e-05
4.242640687119285,0.0
3.605551275463989,0.0
3.1622776601683795,0.0
3.0,0.0
3.1622776601683795,7.722105291849448e-06
8.94427190999916,0.0
8.06225774829855,3.063986494676414e-05
7.211102550927978,0.010548920221790528
6.4031242374328485,0.004700336978475838
5.656854249492381,0.011957928713006456
5.0,0.0
4.47213595499958,0.0007682933251443717
4.123105625617661,0.015704172846727628
4.0,0.02307776206742211
4.123105625617661,0.004892243468824226
9.433981132056603,0.00018919010624423715
8.602325267042627,0.003437486523554442
7.810249675906654,0.02893218955912064
7.0710678118654755,0.06035846636027169
6.4031242374328485,0.020089462145970488
5.830951894845301,0.000511911319473284
5.385164807134504,9.648005215656121e-05
5.0990195135927845,0.06078672186277326
5.0,0.06352110359098341
5.0990195135927845,0.003738768606055925
10.0,0.0
9.219544457292887,0.0
8.48528137423857,0.0
7.810249675906654,0.019836580713404342
7.211102550927978,0.0010901335569809063
6.708203932499369,0.0
6.324555320336759,0.0
6.082762530298219,0.0
6.0,0.005086832494760906
6.082762530298219,0.002325407910512787
9.055385138137417,0.0013733262586913477
8.06225774829855,4.8179295470620966e-05
7.0710678118654755,0.00010228277831589944
6.082762530298219,0.0014559264350154956
5.0990195135927845,0.05275271587280304
4.123105625617661,0.0
3.1622776601683795,0.0
2.23606797749979,0.0
1.4142135623730951,0.036630054279864925
1.0,0.12224174298005434
9.219544457292887,0.0008773788282363388
8.246211251235321,0.0036890621911947266
7.280109889280518,9.852293992453145e-05
6.324555320336759,0.0003737414470842696
5.385164807134504,0.0003325103707711641
4.47213595499958,0.0
3.605551275463989,0.0
2.8284271247461903,0.0
2.23606797749979,0.00013063538644901977
2.0,0.0008329625511792176
9.486832980505138,0.0
8.54400374531753,0.0
7.615773105863909,0.0
6.708203932499369,0.0
5.830951894845301,0.0016672993233521848
5.0,2.5834628435392053e-05
4.242640687119285,1.3626832553469843e-05
3.605551275463989,0.0
3.1622776601683795,0.0
3.0,0.0006800260840268283
9.848857801796104,0.0
8.94427190999916,0.0
8.06225774829855,0.0008845124781160874
7.211102550927978,0.003993697286167521
6.4031242374328485,0.12281823139432246
5.656854249492381,0.00023470596914332647
5.0,0.00012967390412670204
4.47213595499958,7.916576904366724e-08
4.123105625617661,0.013585390117148087
4.0,0.13203063703865375
10.295630140987,0.0
9.433981132056603,0.0004722923357872952
8.602325267042627,0.0002132467947212225
7.810249675906654,0.002692220741955423
7.0710678118654755,0.005406570177359823
6.4031242374328485,3.310723219302253e-05
5.830951894845301,4.095540141393507e-06
5.385164807134504,3.282905706653532e-06
5.0990195135927845,0.003009323305007596
5.0,0.04830456190638902
10.816653826391969,0.0
10.0,0.0
9.219544457292887,0.0
8.48528137423857,0.00043931465391139617
7.810249675906654,2.765877712090557e-06
7.211102550927978,0.0
6.708203932499369,0.0
6.324555320336759,0.0
6.082762530298219,0.0031528200922742505
6.0,0.0027794710926917878
1.0,0.1504122791867579
2.0,1.2908784643754514e-05
3.0,0.0
4.0,0.0017016824220329784
5.0,0.007247490471765239
6.0,0.00020484217233579044
7.0,0.0
8.0,0.0011458504099974883
9.0,0.0
1.0,0.33718895650636566
1.4142135623730951,0.038885377717960495
2.23606797749979,0.0
3.1622776601683795,3.5449226915262905e-05
4.123105625617661,0.0004497057330459651
5.0990195135927845,0.013102868870772458
6.082762530298219,0.0006211788135496925
7.0710678118654755,0.00012037953935692526
8.06225774829855,0.0022555819650376444
9.055385138137417,0.0
2.0,0.023005649005800998
2.23606797749979,0.0015131228897852205
2.8284271247461903,0.0
3.605551275463989,0.0
4.47213595499958,0.0
5.385164807134504,2.1060247995142578e-05
6.324555320336759,0.0
7.280109889280518,0.0
8.246211251235321,0.0
9.219544457292887,0.0
3.0,0.016562694201674763
3.1622776601683795,3.30946228889761e-05
3.605551275463989,0.0002270126464108848
4.242640687119285,0.0
5.0,0.0026881958146317358
5.830951894845301,0.01166945119242877
6.708203932499369,0.0027611726175235016
7.615773105863909,0.0
8.54400374531753,0.0
9.486832980505138,0.0003525294230009669
4.0,0.0016399840582571488
4.123105625617661,6.985073308013688e-05
4.47213595499958,0.0
5.0,0.0
5.656854249492381,0.0005611973195851382
6.4031242374328485,0.009483543190471552
7.211102550927978,0.002450794299127002
8.06225774829855,0.0
8.94427190999916,0.0
9.848857801796104,0.00014835633502563504
5.0,0.0013524252605638866
5.0990195135927845,0.0
5.385164807134504,0.0
5.830951894845301,0.0
6.4031242374328485,0.0
7.0710678118654755,0.0
7.810249675906654,0.0
8.602325267042627,0.0
9.433981132056603,0.00031260129586767674
10.295630140987,0.0023457976418546907
1.0,0.07896161573743739
2.0,0.0
3.0,0.008331571018423627
4.0,2.709867082763954e-06
5.0,6.748506118701232e-05
6.0,1.8924160115100676e-06
7.0,0.0010982398396371875
8.0,0.0
1.4142135623730951,0.02343860715759395
1.0,0.09961074083779052
1.4142135623730951,0.0
2.23606797749979,8.063714399739965e-05
3.1622776601683795,0.0
4.123105625617661,0.0
5.0990195135927845,0.0
6.082762530298219,0.00011665019218220498
7.0710678118654755,0.0021857042410190963
8.06225774829855,0.0
2.23606797749979,4.614912339279028e-05
2.0,0.004125722358471642
2.23606797749979,0.0
2.8284271247461903,0.0
3.605551275463989,0.0
4.47213595499958,0.0
5.385164807134504,0.0
6.324555320336759,0.0
7.280109889280518,0.0
8.246211251235321,0.0
3.1622776601683795,0.0
3.0,0.00676199460299336
3.1622776601683795,0.0015040794540945985
3.605551275463989,0.0
4.242640687119285,0.0026414838535212715
5.0,0.0024312204692621456
5.830951894845301,0.0020853127671140474
6.708203932499369,0.0
7.615773105863909,0.0
8.54400374531753,0.0
4.123105625617661,0.0
4.0,0.00911812438472979
4.123105625617661,2.652082257294545e-05
4.47213595499958,0.0
5.0,0.0015888954013801855
5.656854249492381,0.007049403063072845
6.4031242374328485,0.0026898915025653073
7.211102550927978,0.00011356525173640466
8.06225774829855,0.0
8.94427190999916,0.00038185233990662717
5.0990195135927845,9.393550969690708e-06
5.0,0.0
5.0990195135927845,0.0
5.385164807134504,0.0011122913803636126
5.830951894845301,0.0
6.4031242374328485,0.0
7.0710678118654755,0.0001368964162867715
7.810249675906654,3.296310998055277e-05
8.602325267042627,0.0015305205385275646
9.433981132056603,0.011485209810543755
1.0,0.12562589414269956
2.0,0.0016607894657829077
3.0,0.0008389522919522026
4.0,0.056475795545080566
5.0,0.4233858159413823
6.0,0.0035203876685070403
7.0,0.0
2.23606797749979,0.0005872969947986644
1.4142135623730951,0.00011255634928194566
1.0,0.0
1.4142135623730951,0.0
2.23606797749979,0.0003309657666300346
3.1622776601683795,0.0
4.123105625617661,0.0
5.0990195135927845,0.0
6.082762530298219,0.0
7.0710678118654755,0.0
2.8284271247461903,0.0
2.23606797749979,0.002769365425206324
2.0,0.0
2.23606797749979,8.33487346236945e-06
2.8284271247461903,0.0
3.605551275463989,0.0
4.47213595499958,0.0
5.385164807134504,0.0
6.324555320336759,0.00042205059682290505
7.280109889280518,0.0
3.605551275463989,0.0
3.1622776601683795,0.0004852684879282321
3.0,0.00021705720846990588
3.1622776601683795,0.0
3.605551275463989,0.0
4.242640687119285,0.0
5.0,2.9085709115792385e-05
5.830951894845301,4.09517367197303e-05
6.708203932499369,0.007669302218575636
7.615773105863909,0.0
4.47213595499958,2.259924071031914e-05
4.123105625617661,0.0015192414650299865
4.0,0.0002608374634102306
4.123105625617661,0.011215325642135277
4.47213595499958,0.003296711462290774
5.0,0.0016353250039468031
5.656854249492381,0.009638038223131737
6.4031242374328485,0.017623714670806465
7.211102550927978,0.0016744199962782297
8.06225774829855,0.0
5.385164807134504,0.0006715150426763589
5.0990195135927845,0.004126911375748141
5.0,0.40196733247622507
5.0990195135927845,0.09400854326547613
5.385164807134504,1.1710710095637064e-05
5.830951894845301,0.0036393708847252465
6.4031242374328485,0.06137987274584892
7.0710678118654755,0.4417849873066854
7.810249675906654,0.03221157726753186
8.602325267042627,0.0
1.0,0.31667868913653113
2.0,0.0004896717742174985
3.0,0.014207840123300553
4.0,0.2553211332945187
5.0,0.028158657324843222
6.0,0.0
3.1622776601683795,3.2859376719516643e-05
2.23606797749979,0.0
1.4142135623730951,0.0
1.0,0.0
1.4142135623730951,0.0
2.23606797749979,0.0
3.1622776601683795,0.0
4.123105625617661,0.0
5.0990195135927845,0.0
6.082762530298219,0.0
3.605551275463989,0.0
2.8284271247461903,0.0
2.23606797749979,0.0
2.0,0.0
2.23606797749979,0.0001586897740842171
2.8284271247461903,0.0
3.605551275463989,0.0
4.47213595499958,0.0
5.385164807134504,0.0
6.324555320336759,0.0
4.242640687119285,0.0
3.605551275463989,0.0
3.1622776601683795,0.00014598209815738057
3.0,0.0003536517678379881
3.1622776601683795,0.0003740297889355709
3.605551275463989,0.0
4.242640687119285,0.0
5.0,1.8568601121856193e-06
5.830951894845301,5.829785143801806e-05
6.708203932499369,0.0
5.0,2.5343701929545532e-05
4.47213595499958,0.0005523290747424985
4.123105625617661,0.008945081816487437
4.0,0.0545268745205584
4.123105625617661,0.005796691006091142
4.47213595499958,1.1126937431507275e-05
5.0,0.0004856646544274817
5.656854249492381,0.044235021426403516
6.4031242374328485,0.04972508544068776
7.211102550927978,0.026352274673307582
5.830951894845301,0.0
5.385164807134504,0.001181696520468685
5.0990195135927845,0.1509953566947541
5.0,0.40343251998373053
5.0990195135927845,0.025841894814839887
5.385164807134504,0.0019894397949528336
5.830951894845301,0.014386298703251348
6.4031242374328485,0.2447385660268174
7.0710678118654755,0.4666272465208472
7.810249675906654,0.09959071000883633
1.0,0.0
2.0,2.7580840456630445e-05
3.0,0.002871842154195015
4.0,0.006952355084003008
5.0,0.009033701208623674
4.123105625617661,0.00015388768323770378
3.1622776601683795,0.002859512687426035
2.23606797749979,0.0
1.4142135623730951,0.0
1.0,0.0
1.4142135623730951,0.0
2.23606797749979,0.0
3.1622776601683795,0.0
4.123105625617661,0.0
5.0990195135927845,0.0
4.47213595499958,0.0
3.605551275463989,0.0
2.8284271247461903,0.0
2.23606797749979,0.0
2.0,0.002467208306718358
2.23606797749979,0.0
2.8284271247461903,0.0
3.605551275463989,0.0
4.47213595499958,7.022617760163489e-06
5.385164807134504,0.0002418123684485307
5.0,0.0
4.242640687119285,0.0
3.605551275463989,0.0
3.1622776601683795,0.0013511528461798439
3.0,0.03861718288412536
3.1622776601683795,0.0
3.605551275463989,0.0
4.242640687119285,0.0
5.0,8.067411668636677e-05
5.830951894845301,0.0007938547067561321
5.656854249492381,0.0
5.0,0.0
4.47213595499958,0.0008389684133412157
4.123105625617661,0.023979127935418273
4.0,0.00338692851393947
4.123105625617661,8.505906381614901e-06
4.47213595499958,0.0
5.0,5.692682979074946e-05
5.656854249492381,0.026922273105975825
6.4031242374328485,0.0769527705699671
6.4031242374328485,2.62521471985981e-06
5.830951894845301,0.0
5.385164807134504,0.0027562963818801097
5.0990195135927845,0.09417739970773263
5.0,0.004613223028452147
5.0990195135927845,0.0
5.385164807134504,3.145267353599678e-05
5.830951894845301,0.004470745184907097
6.4031242374328485,0.20755896628843115
7.0710678118654755,0.5118022721382235
1.0,0.14962011026134114
2.0,0.011349035647586764
3.0,0.0
4.0,0.0
5.0990195135927845,2.1060992460847533e-06
4.123105625617661,0.0
3.1622776601683795,0.0
2.23606797749979,0.0
1.4142135623730951,0.00040709327129019173
1.0,0.0
1.4142135623730951,8.350561710822884e-07
2.23606797749979,0.0
3.1622776601683795,0.0
4.123105625617661,0.0
5.385164807134504,0.0
4.47213595499958,0.0
3.605551275463989,0.0
2.8284271247461903,0.003192435704806004
2.23606797749979,0.001060904613882795
2.0,0.0
2.23606797749979,0.00017117434122695957
2.8284271247461903,5.101323200058056e-05
3.605551275463989,0.0
4.47213595499958,0.001346174128012473
5.830951894845301,0.0031483401798237808
5.0,0.0002902529006761709
4.242640687119285,0.00029139100296346303
3.605551275463989,0.0
3.1622776601683795,0.0002471486861503105
3.0,0.0033587063741156165
3.1622776601683795,5.712883495007159e-05
3.605551275463989,2.6580985972361235e-06
4.242640687119285,0.0
5.0,0.0
6.4031242374328485,0.10179188606886955
5.656854249492381,0.02769585525643342
5.0,0.0008302369634920626
4.47213595499958,0.0001085226354418493
4.123105625617661,0.00018496344232156543
4.0,0.13688761619489942
4.123105625617661,0.04618668151388744
4.47213595499958,0.0011008443483689358
5.0,0.0
5.656854249492381,0.0
7.0710678118654755,0.21445500243428656
6.4031242374328485,0.03947086960692002
5.830951894845301,0.004883055566063211
5.385164807134504,0.0
5.0990195135927845,0.0
5.0,0.18271179393496428
5.0990195135927845,0.08868774184310907
5.385164807134504,0.011530048123784881
5.830951894845301,0.0
6.4031242374328485,0.0
1.0,0.4011349252519722
2.0,1.2719263730965909e-05
3.0,0.0
6.082762530298219,0.00034060710580532895
5.0990195135927845,0.0
4.123105625617661,0.0
3.1622776601683795,0.0
2.23606797749979,0.013716909210638319
1.4142135623730951,0.0
1.0,3.388953816616474e-06
1.4142135623730951,0.0
2.23606797749979,0.0
3.1622776601683795,0.0
6.324555320336759,0.0
5.385164807134504,0.0
4.47213595499958,0.0
3.605551275463989,0.00044924938125471224
2.8284271247461903,8.617775503328344e-05
2.23606797749979,0.0
2.0,0.0006946861266303373
2.23606797749979,0.00020702977029945572
2.8284271247461903,0.0
3.605551275463989,0.0002915953114882938
6.708203932499369,0.00016648103082776588
5.830951894845301,0.0014568398331936377
5.0,0.0005017348322514135
4.242640687119285,0.0
3.605551275463989,1.5184599197470355e-05
3.1622776601683795,0.0001694248637078928
3.0,0.0008057066176853504
3.1622776601683795,1.0787505916363763e-05
3.605551275463989,0.0
4.242640687119285,0.0
7.211102550927978,0.0049574530927319355
6.4031242374328485,0.04772636629354532
5.656854249492381,0.0013958475556933218
5.0,0.000386372626287631
4.47213595499958,1.1760742780153417e-05
4.123105625617661,0.20350319491222332
4.0,0.23887491812101136
4.123105625617661,0.02879450166163181
4.47213595499958,0.0
5.0,0.0
7.810249675906654,0.00834626479562714
7.0710678118654755,0.10184918993569075
6.4031242374328485,0.2062770829087024
5.830951894845301,0.0009052861941425564
5.385164807134504,0.0
5.0990195135927845,0.20669198414990267
5.0,0.9841398000441969
5.0990195135927845,0.4004808780428794
5.385164807134504,0.00017715355380171801
5.830951894845301,0.0
1.0,0.06493328323442422
2.0,0.0
7.0710678118654755,0.0012990955659324369
6.082762530298219,0.0
5.0990195135927845,0.0
4.123105625617661,0.0
3.1622776601683795,0.00520487212524496
2.23606797749979,0.0
1.4142135623730951,0.0
1.0,0.0
1.4142135623730951,0.0013455732996673331
2.23606797749979,0.0
7.280109889280518,0.0
6.324555320336759,0.0
5.385164807134504,0.0
4.47213595499958,6.480921887465123e-07
3.605551275463989,0.0
2.8284271247461903,0.0
2.23606797749979,0.0
2.0,0.0
2.23606797749979,0.0
2.8284271247461903,0.0
7.615773105863909,0.0
6.708203932499369,4.943015610302123e-05
5.830951894845301,8.99894693824887e-05
5.0,5.149458664936847e-05
4.242640687119285,0.0
3.605551275463989,0.0
3.1622776601683795,2.2616085255767646e-06
3.0,8.691722313975354e-06
3.1622776601683795,0.0
3.605551275463989,0.0
8.06225774829855,3.404010668568157e-05
7.211102550927978,0.015300006295760686
6.4031242374328485,0.008003955647988753
5.656854249492381,0.02476429808583315
5.0,0.0009122472280854776
4.47213595499958,0.0006064098104370444
4.123105625617661,0.0337609454963226
4.0,0.11521901472726953
4.123105625617661,0.008216100966958406
4.47213595499958,7.218615670538947e-07
8.602325267042627,0.0
7.810249675906654,0.0389580391232955
7.0710678118654755,0.7087556004732373
6.4031242374328485,0.1286746996351551
5.830951894845301,0.0025039027949804523
5.385164807134504,0.05066978890007749
5.0990195135927845,0.409034534234044
5.0,0.9090336542126934
5.0990195135927845,0.038907843525761716
5.385164807134504,0.00013449951724251648
1.0,0.2811595668588392
8.06225774829855,0.0011770051604594223
7.0710678118654755,0.002956417594522147
6.082762530298219,0.0
5.0990195135927845,0.00011156606476462176
4.123105625617661,0.002587978948559265
3.1622776601683795,0.0
2.23606797749979,0.0
1.4142135623730951,0.005532376188668604
1.0,0.16951889842349088
1.4142135623730951,0.15990252364525287
8.246211251235321,0.0
7.280109889280518,0.0
6.324555320336759,0.0
5.385164807134504,0.0004254834575997328
4.47213595499958,1.4453901805968727e-06
3.605551275463989,0.0
2.8284271247461903,0.0
2.23606797749979,0.0016470689473180693
2.0,0.0032516095811682905
2.23606797749979,0.000786326463954731
8.54400374531753,0.0
7.615773105863909,0.00041939299022143375
6.708203932499369,0.0
5.830951894845301,0.0010467778535462981
5.0,0.00226140403805751
4.242640687119285,0.0
3.605551275463989,0.0
3.1622776601683795,8.556524060740706e-05
3.0,0.0005003671323818691
3.1622776601683795,0.00023184660650824073
8.94427190999916,9.317208966802349e-05
8.06225774829855,0.0006941349313887478
7.211102550927978,0.0031498999488609337
6.4031242374328485,0.008192355298770746
5.656854249492381,0.0005701042058276339
5.0,0.0
4.47213595499958,1.1509103224701713e-06
4.123105625617661,0.0039044911335543767
4.0,0.0016769286402759668
4.123105625617661,0.0011807501931403275
9.433981132056603,3.399823482706384e-05
8.602325267042627,6.51591121836142e-05
7.810249675906654,0.0029238240922206836
7.0710678118654755,0.007318016275017473
6.4031242374328485,0.00034290136449726153
5.830951894845301,1.0398146763672863e-07
5.385164807134504,0.0
5.0990195135927845,0.0038609287729116566
5.0,0.006559658009196489
5.0990195135927845,0.00018044272393270442
9.055385138137417,0.0
8.06225774829855,0.0
7.0710678118654755,0.0
6.082762530298219,0.0012086898167862083
5.0990195135927845,0.007111321036468384
4.123105625617661,0.0
3.1622776601683795,0.0
2.23606797749979,0.0
1.4142135623730951,0.11733669480665275
1.0,0.40067716179793794
9.219544457292887,0.0
8.246211251235321,0.0
7.280109889280518,0.0
6.324555320336759,0.0
5.385164807134504,2.71544137451558e-05
4.47213595499958,0.0
3.605551275463989,0.0
2.8284271247461903,0.0
2.23606797749979,3.245271342863513e-05
2.0,0.0038433282734532557
9.486832980505138,0.0
8.54400374531753,0.0
7.615773105863909,0.0
6.708203932499369,0.0
5.830951894845301,0.0018154375651106827
5.0,0.00023629794855295605
4.242640687119285,0.0
3.605551275463989,0.0
3.1622776601683795,0.000936557048404139
3.0,0.005709745469677031
9.848857801796104,0.0
8.94427190999916,0.0
8.06225774829855,0.0
7.211102550927978,0.0
6.4031242374328485,0.00012279635655983244
5.656854249492381,3.930724292288989e-05
5.0,0.0
4.47213595499958,0.0
4.123105625617661,0.0
4.0,0.0013902986193126395
10.295630140987,0.0
9.433981132056603,0.0
8.602325267042627,0.0
7.810249675906654,0.0
7.0710678118654755,0.0
6.4031242374328485,0.0
5.830951894845301,0.0
5.385164807134504,0.0
5.0990195135927845,0.0
5.0,0.0
1.0,0.17279746272515215
2.0,0.0
3.0,6.544106530706425e-06
4.0,0.0
5.0,0.10476253608791239
6.0,0.014776870037449751
7.0,0.0007777347952758559
8.0,0.024538962896881993
9.0,0.00038475327343778234
1.0,0.5501877616648415
1.4142135623730951,0.07519664167368208
2.23606797749979,0.0
3.1622776601683795,0.0
4.123105625617661,0.0
5.0990195135927845,0.037929948115895805
6.082762530298219,0.005454052102892493
7.0710678118654755,0.0
8.06225774829855,0.005001783204339065
9.055385138137417,0.0
2.0,0.010500387449373736
2.23606797749979,1.8264419036809572e-06
2.8284271247461903,0.001057657074535295
3.605551275463989,0.000972009791767599
4.47213595499958,0.00046103949503784
5.385164807134504,0.00854897929279211
6.324555320336759,0.0
7.280109889280518,0.0
8.246211251235321,0.0
9.219544457292887,0.00023670542087938327
3.0,0.0
3.1622776601683795,3.854955722819018e-06
3.605551275463989,0.0
4.242640687119285,0.0
5.0,0.0008363778529885601
5.830951894845301,0.0
6.708203932499369,0.0
7.615773105863909,0.0
8.54400374531753,0.0
9.486832980505138,5.4299377499479074e-05
4.0,0.0
4.123105625617661,0.0
4.47213595499958,0.0008366437032315541
5.0,2.5628752285107308e-06
5.656854249492381,0.0
6.4031242374328485,0.0
7.211102550927978,0.00038400053837878644
8.06225774829855,0.0011821959173078124
8.94427190999916,2.826936952237524e-05
9.848857801796104,0.00021213674171836227
1.0,0.12444616804605146
2.0,0.00033377318797366207
3.0,0.00023993374831123018
4.0,0.04677616463011008
5.0,0.03427563928311209
6.0,0.030816325212913876
7.0,0.006616572528918675
8.0,7.573397759110391e-06
1.4142135623730951,0.11655008555570776
1.0,0.33649208309234974
1.4142135623730951,0.029931969704893424
2.23606797749979,2.287927214874442e-05
3.1622776601683795,0.0
4.123105625617661,0.0198789185766949
5.0990195135927845,0.011875867946389012
6.082762530298219,0.00017682445807918712
7.0710678118654755,0.0004470042401038961
8.06225774829855,0.0004237627234487093
2.23606797749979,0.0029912133769139397
2.0,0.006429285244981249
2.23606797749979,0.0005563848533021813
2.8284271247461903,0.0
3.605551275463989,0.005008554126540738
4.47213595499958,6.76407739847148e-05
5.385164807134504,0.0
6.324555320336759,6.927375776552403e-06
7.280109889280518,0.0003742160055757334
8.246211251235321,0.0060481780106427544
3.1622776601683795,0.0
3.0,0.002464514048664009
3.1622776601683795,0.00014174860041576948
3.605551275463989,0.0021474722055775065
4.242640687119285,0.002944849251424809
5.0,0.0
5.830951894845301,0.0
6.708203932499369,6.005464324964103e-05
7.615773105863909,0.00014936956864104668
8.54400374531753,0.003938682294736931
4.123105625617661,0.0
4.0,3.1097503347774657e-07
4.123105625617661,0.0
4.47213595499958,0.0
5.0,0.0
5.656854249492381,0.0
6.4031242374328485,0.0
7.211102550927978,0.0
8.06225774829855,0.0005252962362809892
8.94427190999916,0.003941886001856793
1.0,0.1107886863440611
2.0,0.011056497015783302
3.0,0.0012192577515183788
4.0,0.24859078526701123
5.0,0.7680532662580947
6.0,0.0008009241434936508
7.0,1.4439264908140632e-05
2.23606797749979,0.0
1.4142135623730951,0.007474057201361413
1.0,0.09025646330989487
1.4142135623730951,0.011130511980038128
2.23606797749979,0.001064393892188686
3.1622776601683795,0.00019987876122561888
4.123105625617661,0.0028300648589471367
5.0990195135927845,0.0010956361980531096
6.082762530298219,0.0005490750192359519
7.0710678118654755,0.0006549376864136121
2.8284271247461903,0.0020042599317345576
2.23606797749979,7.844887444668172e-05
2.0,0.0025562305008362193
2.23606797749979,0.004221047969185291
2.8284271247461903,0.0
3.605551275463989,0.0
4.47213595499958,0.0
5.385164807134504,0.0
6.324555320336759,0.0
7.280109889280518,0.00016885083140572496
3.605551275463989,0.003067720084079007
3.1622776601683795,0.0
3.0,0.0
3.1622776601683795,0.0
3.605551275463989,0.0
4.242640687119285,0.0
5.0,7.867616689627273e-06
5.830951894845301,0.0
6.708203932499369,0.0
7.615773105863909,0.0
4.47213595499958,0.0
4.123105625617661,0.0
4.0,0.0
4.123105625617661,0.0
4.47213595499958,0.0
5.0,0.0
5.656854249492381,0.0
6.4031242374328485,0.0
7.211102550927978,0.0
8.06225774829855,0.0
1.0,0.35255821168888435
2.0,0.003097001892003593
3.0,0.001037703219465911
4.0,0.05891905298505944
5.0,0.0024299129638494475
6.0,0.001265684563768582
3.1622776601683795,0.0
2.23606797749979,0.0008322147678919957
1.4142135623730951,0.0
1.0,0.3276273925132915
1.4142135623730951,0.2402375543837181
2.23606797749979,0.0
3.1622776601683795,0.0
4.123105625617661,0.003959780785695622
5.0990195135927845,0.003386638023476954
6.082762530298219,0.0396737445176638
3.605551275463989,0.0016312761155275494
2.8284271247461903,6.384988950217655e-05
2.23606797749979,0.0004736686126653571
2.0,0.0007840631384121717
2.23606797749979,0.01336490813597827
2.8284271247461903,0.0
3.605551275463989,0.0
4.47213595499958,3.2554484871668356e-05
5.385164807134504,0.001890786805735864
6.324555320336759,0.0036293157884363667
4.242640687119285,0.002496831086151263
3.605551275463989,0.0
3.1622776601683795,0.0
3.0,0.0
3.1622776601683795,0.00041769585259702563
3.605551275463989,0.0
4.242640687119285,3.0072465935793755e-05
5.0,0.0002949852142495276
5.830951894845301,0.0002327337849930558
6.708203932499369,0.0
5.0,0.0
4.47213595499958,1.461394956670903e-06
4.123105625617661,0.0
4.0,0.0
4.123105625617661,0.0
4.47213595499958,0.0
5.0,0.0
5.656854249492381,0.0
6.4031242374328485,0.0
7.211102550927978,0.0
1.0,0.01881924416376243
2.0,0.013326376702095685
3.0,0.009192397238621629
4.0,0.03108138275163468
5.0,0.020763685722901156
4.123105625617661,0.0
3.1622776601683795,6.040558611042267e-05
2.23606797749979,0.0
1.4142135623730951,0.07172985762357366
1.0,0.3825056281240288
1.4142135623730951,0.0
2.23606797749979,7.791627892066888e-06
3.1622776601683795,0.00035476125082467693
4.123105625617661,0.0018832131303384235
5.0990195135927845,0.06732125210702007
4.47213595499958,0.005139016576872096
3.605551275463989,0.0
2.8284271247461903,6.935507847965817e-05
2.23606797749979,0.0
2.0,0.017247843699271365
2.23606797749979,0.002581655654603683
2.8284271247461903,1.8252018415694532e-06
3.605551275463989,0.0
4.47213595499958,0.001996197371214586
5.385164807134504,0.005246166687428322
5.0,0.0015826128152542774
4.242640687119285,0.0
3.605551275463989,0.0
3.1622776601683795,0.0
3.0,0.0001593048089829315
3.1622776601683795,0.00018479498209322977
3.605551275463989,0.002938616979265746
4.242640687119285,0.00047380155678593077
5.0,0.0
5.830951894845301,0.0
5.656854249492381,6.76431223645449e-06
5.0,0.0
4.47213595499958,0.004387633291452696
4.123105625617661,0.0011876355200710741
4.0,0.0
4.123105625617661,0.0017120234132450018
4.47213595499958,0.014290907281567124
5.0,0.006023267144332603
5.656854249492381,0.0
6.4031242374328485,0.0
1.0,0.15632949103288704
2.0,0.0014839807470178863
3.0,0.0
4.0,0.0
5.0990195135927845,0.11385954316961859
4.123105625617661,0.03220120306328175
3.1622776601683795,3.276635049669286e-05
2.23606797749979,5.040492505063595e-05
1.4142135623730951,0.0010083087463714528
1.0,0.2471827225094373
1.4142135623730951,0.05875708569745634
2.23606797749979,0.0
3.1622776601683795,0.0
4.123105625617661,0.0030260988437824372
5.385164807134504,0.00042812997364812704
4.47213595499958,0.0
3.605551275463989,0.0
2.8284271247461903,0.00025983325944829114
2.23606797749979,3.4456854281642154e-05
2.0,0.001084046640654906
2.23606797749979,6.517652567598739e-05
2.8284271247461903,0.0
3.605551275463989,0.0
4.47213595499958,0.0
5.830951894845301,0.0
5.0,0.0
4.242640687119285,0.0
3.605551275463989,0.0
3.1622776601683795,0.005117457994387953
3.0,0.0
3.1622776601683795,0.0
3.605551275463989,0.0
4.242640687119285,0.0
5.0,0.0
6.4031242374328485,0.0
5.656854249492381,0.0
5.0,0.0
4.47213595499958,2.4518853119587054e-05
4.123105625617661,0.0
4.0,0.0
4.123105625617661,0.0
4.47213595499958,0.0
5.0,0.0
5.656854249492381,0.0
1.0,0.4298538905895982
2.0,0.0
3.0,0.0
6.082762530298219,0.009154413473409654
5.0990195135927845,0.033046995318439895
4.123105625617661,0.0028880702915434326
3.1622776601683795,0.00033557220582137006
2.23606797749979,0.0
1.4142135623730951,0.06201439068594866
1.0,0.13286902107860124
1.4142135623730951,0.0030842622915004136
2.23606797749979,0.0
3.1622776601683795,0.0003133750217588671
6.324555320336759,9.999305843078653e-05
5.385164807134504,5.988260443341814e-06
4.47213595499958,2.4996359366094072e-05
3.605551275463989,0.001896192330929565
2.8284271247461903,2.8836744791730584e-06
2.23606797749979,0.0
2.0,0.00048269594402396734
2.23606797749979,6.818415764817283e-06
2.8284271247461903,0.0
3.605551275463989,0.0
6.708203932499369,0.0
5.830951894845301,0.00020355291558454532
5.0,0.0
4.242640687119285,0.0
3.605551275463989,0.00017276084043451548
3.1622776601683795,0.0
3.0,0.0
3.1622776601683795,0.0
3.605551275463989,0.0
4.242640687119285,0.0
7.211102550927978,0.0
6.4031242374328485,0.0
5.656854249492381,0.0
5.0,0.0
4.47213595499958,0.0
4.123105625617661,0.0
4.0,0.0
4.123105625617661,0.0
4.47213595499958,0.0
5.0,0.0
1.0,0.05180705421887257
2.0,0.00021787068444531396
7.0710678118654755,0.0004768158289039767
6.082762530298219,0.0037277914740623495
5.0990195135927845,0.024082499173350713
4.123105625617661,0.004524498095483325
3.1622776601683795,0.0003133879295236434
2.23606797749979,3.2355768387248046e-05
1.4142135623730951,0.009738073981640267
1.0,0.16851795584833607
1.4142135623730951,0.05463656983296743
2.23606797749979,0.0
7.280109889280518,0.0
6.324555320336759,0.0
5.385164807134504,0.0018734232593875801
4.47213595499958,0.0035311479947546837
3.605551275463989,0.0
2.8284271247461903,0.00022160051595330427
2.23606797749979,0.0029785855704971835
2.0,0.0020153703921298016
2.23606797749979,0.00034511256542291325
2.8284271247461903,0.0
7.615773105863909,2.2502959480614303e-05
6.708203932499369,0.0
5.830951894845301,0.0
5.0,0.0
4.242640687119285,0.0
3.605551275463989,0.0
3.1622776601683795,0.0
3.0,0.008324908134037946
3.1622776601683795,0.006865152831299183
3.605551275463989,0.0
8.06225774829855,1.4129619691584696e-05
7.211102550927978,4.310805036206904e-05
6.4031242374328485,0.0
5.656854249492381,0.0
5.0,0.0
4.47213595499958,0.0
4.123105625617661,0.0
4.0,0.0
4.123105625617661,0.0
4.47213595499958,0.0
1.0,0.20415533239805667
8.06225774829855,0.01709768415695762
7.0710678118654755,0.0
6.082762530298219,0.0
5.0990195135927845,0.009383536336711181
4.123105625617661,0.003451240537981959
3.1622776601683795,0.0
2.23606797749979,0.0
1.4142135623730951,0.014675825199827066
1.0,0.16491731626472098
1.4142135623730951,0.02885314216289076
8.246211251235321,0.0
7.280109889280518,2.2220507209533885e-05
6.324555320336759,0.0
5.385164807134504,2.61580552716422e-06
4.47213595499958,0.00018375507486770903
3.605551275463989,1.3495136122983618e-06
2.8284271247461903,0.0
2.23606797749979,0.0005480191466543726
2.0,0.0006441425200493827
2.23606797749979,0.001618705428153949
8.54400374531753,0.0005840029282671243
7.615773105863909,0.0
6.708203932499369,0.0
5.830951894845301,0.0
5.0,0.0
4.242640687119285,0.0
3.605551275463989,0.0
3.1622776601683795,0.004634707236375122
3.0,0.0038220209753366203
3.1622776601683795,0.0
8.94427190999916,0.0003666957353896022
8.06225774829855,2.3999447170139047e-05
7.211102550927978,0.0
6.4031242374328485,0.0
5.656854249492381,0.0
5.0,0.0
4.47213595499958,0.0
4.123105625617661,0.0
4.0,0.00027802598368646377
4.123105625617661,0.0
9.055385138137417,0.0003337261558686794
8.06225774829855,0.0
7.0710678118654755,0.0
6.082762530298219,0.0009833681808560466
5.0990195135927845,0.01795393616025268
4.123105625617661,0.0
3.1622776601683795,0.0
2.23606797749979,0.0
1.4142135623730951,0.009700414898952032
1.0,0.13598524946361934
9.219544457292887,0.0
8.246211251235321,0.0
7.280109889280518,0.0
6.324555320336759,0.0
5.385164807134504,0.00018893860750299023
4.47213595499958,8.090623290465239e-05
3.605551275463989,0.0
2.8284271247461903,0.0
2.23606797749979,0.00029454862706375693
2.0,0.006584348555275164
9.486832980505138,0.0
8.54400374531753,0.0
7.615773105863909,0.0
6.708203932499369,0.0
5.830951894845301,0.0
5.0,0.0
4.242640687119285,0.0
3.605551275463989,0.0
3.1622776601683795,0.0
3.0,0.006250267892091764
9.848857801796104,0.0
8.94427190999916,0.0
8.06225774829855,0.0
7.211102550927978,0.0
6.4031242374328485,0.0
5.656854249492381,0.0
5.0,0.0
4.47213595499958,0.0
4.123105625617661,0.0
4.0,0.0
1.0,0.22163016311532974
2.0,3.9215673863291933e-07
3.0,0.0
4.0,0.0
5.0,0.32373540623988295
6.0,0.009901360610696547
7.0,0.0
8.0,0.0043384319160120885
9.0,0.00022156628779759446
1.0,0.17523158297223804
1.4142135623730951,0.034410545619291966
2.23606797749979,0.010479919908321818
3.1622776601683795,0.009631273702116262
4.123105625617661,0.0
5.0990195135927845,0.1801174730253124
6.082762530298219,0.0005364187775468492
7.0710678118654755,0.0
8.06225774829855,0.0
9.055385138137417,0.0
2.0,0.0
2.23606797749979,0.00030996689874839196
2.8284271247461903,0.0
3.605551275463989,0.0
4.47213595499958,0.002397277998869232
5.385164807134504,0.0
6.324555320336759,0.0
7.280109889280518,0.0
8.246211251235321,0.0
9.219544457292887,0.0
3.0,0.0
3.1622776601683795,0.0
3.605551275463989,0.0
4.242640687119285,0.0
5.0,0.0
5.830951894845301,0.0
6.708203932499369,0.0
7.615773105863909,0.0
8.54400374531753,0.0
9.486832980505138,0.0
1.0,0.14152701119616384
2.0,0.005567973664240374
3.0,0.0
4.0,0.05175259521167156
5.0,0.13594332544714327
6.0,0.010546090425188203
7.0,0.0
8.0,1.2578373863486709e-06
1.4142135623730951,0.06136465522529475
1.0,0.1029649184778038
1.4142135623730951,0.07538820844401244
2.23606797749979,0.00152845660518492
3.1622776601683795,3.851956787624808e-06
4.123105625617661,0.013954081697773284
5.0990195135927845,0.0244261189267776
6.082762530298219,0.03143737148406715
7.0710678118654755,0.0
8.06225774829855,0.0
2.23606797749979,0.0
2.0,0.0024253636322725605
2.23606797749979,0.0003327148319425598
2.8284271247461903,0.010399203663339796
3.605551275463989,0.00033179002671092594
4.47213595499958,0.0
5.385164807134504,0.000488891990294102
6.324555320336759,0.0011429085667130838
7.280109889280518,0.0
8.246211251235321,0.0
3.1622776601683795,0.0
3.0,0.0
3.1622776601683795,0.0
3.605551275463989,0.00040654441737388415
4.242640687119285,0.0
5.0,0.0
5.830951894845301,0.0
6.708203932499369,0.0
7.615773105863909,0.0
8.54400374531753,0.0
1.0,0.18613943235297017
2.0,4.501858224266399e-06
3.0,0.0009661683357348943
4.0,0.04065992759747759
5.0,0.1433528291268761
6.0,0.0026779157339973897
7.0,0.000252719622130548
2.23606797749979,8.127200939477833e-05
1.4142135623730951,0.06660315410721139
1.0,0.31194923214064535
1.4142135623730951,0.1541504740700804
2.23606797749979,0.0013847508326838872
3.1622776601683795,0.0014228179273914402
4.123105625617661,0.10750064854862383
5.0990195135927845,0.16166659026905927
6.082762530298219,0.00597232158573136
7.0710678118654755,6.69788517028192e-05
2.8284271247461903,2.722123253896278e-05
2.23606797749979,0.00028130669712945236
2.0,0.0011216586930142848
2.23606797749979,0.0028881434692541435
2.8284271247461903,0.0
3.605551275463989,0.0
4.47213595499958,6.917489538192378e-05
5.385164807134504,0.0003475418330059114
6.324555320336759,0.0
7.280109889280518,0.0
3.605551275463989,0.0
3.1622776601683795,6.612421280614356e-05
3.0,0.0
3.1622776601683795,0.003305440722252599
3.605551275463989,0.0
4.242640687119285,0.0
5.0,0.0
5.830951894845301,0.0
6.708203932499369,0.0
7.615773105863909,0.0
1.0,0.20087517867873952
2.0,0.00030345404982116964
3.0,0.00196002716195881
4.0,0.013773688445865016
5.0,0.026952063493970387
6.0,0.014074901230930697
3.1622776601683795,0.0
2.23606797749979,3.730549559416643e-05
1.4142135623730951,0.09455228702412358
1.0,0.4160158507475773
1.4142135623730951,0.1179028254812226
2.23606797749979,1.3140565321226247e-05
3.1622776601683795,0.00047475615001328826
4.123105625617661,0.008015419017217477
5.0990195135927845,0.018818297529659526
6.082762530298219,0.0023247388808715005
3.605551275463989,0.0007642612085483072
2.8284271247461903,0.0006448010069438069
2.23606797749979,0.0011357265258003324
2.0,0.002872165523720826
2.23606797749979,0.00033262841182659514
2.8284271247461903,0.00023124106850580344
3.605551275463989,0.0008206945686175844
4.47213595499958,0.0005633746335210457
5.385164807134504,0.00045192056764450667
6.324555320336759,0.0
4.242640687119285,0.000226696399671516
3.605551275463989,0.0003722684841779861
3.1622776601683795,0.0
3.0,0.0020079486554448914
3.1622776601683795,0.0
3.605551275463989,0.0005849378266751113
4.242640687119285,0.0002077691083631183
5.0,0.0
5.830951894845301,0.0
6.708203932499369,0.0
1.0,0.0
2.0,0.0
3.0,6.956559787411412e-05
4.0,0.06718446061694709
5.0,0.4044250872789821
4.123105625617661,0.0
3.1622776601683795,0.0
2.23606797749979,0.001327522726512856
1.4142135623730951,0.03692410838299454
1.0,0.11716329696817138
1.4142135623730951,0.0
2.23606797749979,0.0
3.1622776601683795,0.0002285651802691438
4.123105625617661,0.02165162800387207
5.0990195135927845,0.048893679330612796
4.47213595499958,0.0002547685146503646
3.605551275463989,0.0004148653887616766
2.8284271247461903,9.702452604609377e-05
2.23606797749979,0.0
2.0,0.0009413656927657133
2.23606797749979,2.7682976156326568e-05
2.8284271247461903,6.609277566806958e-06
3.605551275463989,0.0
4.47213595499958,2.577064159931132e-07
5.385164807134504,1.0168675405654794e-07
5.0,7.556985017020783e-05
4.242640687119285,0.00012316469602119997
3.605551275463989,0.0
3.1622776601683795,0.0
3.0,0.0
3.1622776601683795,0.00019499058646178956
3.605551275463989,1.2601756148436049e-05
4.242640687119285,0.0
5.0,7.553698945876674e-05
5.830951894845301,0.0006421583630103483
1.0,0.17305777543303535
2.0,0.0004540468352989654
3.0,0.0
4.0,0.0008396806103728032
5.0990195135927845,0.1018970927927528
4.123105625617661,0.00045971922645712116
3.1622776601683795,0.013369235403736602
2.23606797749979,0.013964129143795714
1.4142135623730951,0.0006098937695993023
1.0,0.3265711504345189
1.4142135623730951,0.0053916634089823294
2.23606797749979,4.146225481752344e-05
3.1622776601683795,0.0
4.123105625617661,0.0
5.385164807134504,1.6250208732991516e-06
4.47213595499958,0.0005396355954120029
3.605551275463989,0.0
2.8284271247461903,0.0
2.23606797749979,0.0011062695965553834
2.0,0.00016635274335824354
2.23606797749979,2.136545347862138e-05
2.8284271247461903,0.0
3.605551275463989,0.0
4.47213595499958,0.0
5.830951894845301,0.0
5.0,0.0
4.242640687119285,0.0
3.605551275463989,0.0
3.1622776601683795,0.0
3.0,0.0
3.1622776601683795,0.0
3.605551275463989,0.0
4.242640687119285,0.0
5.0,0.0
1.0,0.2073551775143561
2.0,0.000571304125520532
3.0,1.4971120594139852e-05
6.082762530298219,0.002402673212722783
5.0990195135927845,0.002151535951984174
4.123105625617661,0.015409180216991884
3.1622776601683795,0.012423298523983802
2.23606797749979,0.00032169691522827154
1.4142135623730951,0.015110733066321725
1.0,0.1624735322445446
1.4142135623730951,0.0525737747490039
2.23606797749979,0.0001832518239836754
3.1622776601683795,0.0
6.324555320336759,0.0
5.385164807134504,0.004171714030856616
4.47213595499958,0.0
3.605551275463989,0.0
2.8284271247461903,2.285861395248321e-05
2.23606797749979,8.774505831280507e-05
2.0,1.1269504328665802e-05
2.23606797749979,1.2629348880008713e-05
2.8284271247461903,0.0
3.605551275463989,0.0
6.708203932499369,0.0
5.830951894845301,0.0
5.0,0.0
4.242640687119285,3.616207363863496e-05
3.605551275463989,0.0
3.1622776601683795,0.0
3.0,0.0
3.1622776601683795,0.0
3.605551275463989,0.0
4.242640687119285,0.0
1.0,0.06452009349652509
2.0,0.00010366683087718439
7.0710678118654755,0.0
6.082762530298219,0.002793550529387355
5.0990195135927845,0.15211924456949158
4.123105625617661,0.014018318605361737
3.1622776601683795,4.220423856011274e-05
2.23606797749979,0.0042025965781303295
1.4142135623730951,0.18960294344217765
1.0,0.3107341718960083
1.4142135623730951,0.010596487546884909
2.23606797749979,0.0002375577256758095
7.280109889280518,0.0
6.324555320336759,0.0
5.385164807134504,0.0
4.47213595499958,0.0
3.605551275463989,0.0
2.8284271247461903,0.0
2.23606797749979,0.0
2.0,0.004289151635807246
2.23606797749979,0.0034358887808994226
2.8284271247461903,0.0
7.615773105863909,0.0
6.708203932499369,2.1574824369561872e-05
5.830951894845301,0.0
5.0,0.0006160574595343328
4.242640687119285,0.0
3.605551275463989,0.0
3.1622776601683795,0.0
3.0,0.0
3.1622776601683795,0.0
3.605551275463989,0.0
1.0,0.17428820079666021
8.06225774829855,0.0
7.0710678118654755,0.0
6.082762530298219,0.0008710141375508721
5.0990195135927845,0.026314458469988918
4.123105625617661,0.02894164073750027
3.1622776601683795,0.0
2.23606797749979,0.00011728600891220275
1.4142135623730951,0.013625526295874511
1.0,0.45806051680567716
1.4142135623730951,0.054173213064242054
8.246211251235321,5.792718972101366e-05
7.280109889280518,0.0
6.324555320336759,0.0
5.385164807134504,0.0
4.47213595499958,2.4800903275071314e-05
3.605551275463989,2.1276617872780935e-05
2.8284271247461903,0.0
2.23606797749979,0.008225360710925078
2.0,0.006783060841498406
2.23606797749979,0.0
8.54400374531753,5.086945987874852e-05
7.615773105863909,4.259257376342431e-05
6.708203932499369,0.0
5.830951894845301,0.0
5.0,0.0
4.242640687119285,0.0
3.605551275463989,0.0
3.1622776601683795,0.0
3.0,0.0
3.1622776601683795,0.0
9.055385138137417,0.0
8.06225774829855,0.0
7.0710678118654755,3.535392806608847e-05
6.082762530298219,0.0014568445882785746
5.0990195135927845,0.027310532080368374
4.123105625617661,0.0
3.1622776601683795,0.0
2.23606797749979,0.00023539652839891172
1.4142135623730951,0.03164518652703332
1.0,0.21582672322176277
9.219544457292887,0.0
8.246211251235321,0.0
7.280109889280518,0.0
6.324555320336759,0.0
5.385164807134504,0.001059297090100834
4.47213595499958,0.0007326255729845848
3.605551275463989,6.27241643328412e-07
2.8284271247461903,0.0
2.23606797749979,0.0
2.0,0.0022231723909640656
9.486832980505138,0.0
8.54400374531753,6.805177334967523e-06
7.615773105863909,0.0
6.708203932499369,0.0
5.830951894845301,0.0
5.0,0.00027476697829204955
4.242640687119285,6.950696678398313e-05
3.605551275463989,0.0
3.1622776601683795,0.0
3.0,0.0
1.0,0.1336533550888736
2.0,0.009716365913493232
3.0,0.0038741502991925113
4.0,0.003993660874818481
5.0,0.5334154672987709
6.0,0.0013162112330073496
7.0,0.0012517519526581882
8.0,0.0
9.0,0.0
1.0,0.337069982256338
1.4142135623730951,0.03711980149275138
2.23606797749979,3.3066588188906514e-05
3.1622776601683795,0.0
4.123105625617661,0.002432019884284437
5.0990195135927845,0.006334168747369526
6.082762530298219,8.959458317843805e-05
7.0710678118654755,0.0003402478939409985
8.06225774829855,0.0
9.055385138137417,0.0
2.0,3.219835451155888e-05
2.23606797749979,0.000297866165816547
2.8284271247461903,0.0
3.605551275463989,0.0
4.47213595499958,0.0
5.385164807134504,0.0
6.324555320336759,1.1199719615773947e-06
7.280109889280518,0.0
8.246211251235321,0.0
9.219544457292887,0.0
1.0,0.07180356028819325
2.0,0.0007014309288396585
3.0,0.00025871084282967714
4.0,0.04018161794759067
5.0,0.07109799236203872
6.0,0.02108499652239904
7.0,0.0
8.0,0.0
1.4142135623730951,0.007958006939227755
1.0,0.2790606979903999
1.4142135623730951,0.01717586039024431
2.23606797749979,0.0003195943535324446
3.1622776601683795,0.0003607692361472475
4.123105625617661,0.0580751094791809
5.0990195135927845,0.034387088398476914
6.082762530298219,0.011261179563707693
7.0710678118654755,1.6236006900589575e-06
8.06225774829855,0.0
2.23606797749979,0.0
2.0,0.008945861564693708
2.23606797749979,0.0
2.8284271247461903,0.00021580574437443978
3.605551275463989,0.0
4.47213595499958,0.00015381192249736683
5.385164807134504,0.0010583919052783502
6.324555320336759,0.0
7.280109889280518,1.0213392148696469e-05
8.246211251235321,0.0
1.0,0.20656043720139164
2.0,0.002272983021021742
3.0,0.014580167123132834
4.0,0.25408225324529626
5.0,0.8637611277576502
6.0,0.011787056717906332
7.0,0.0005149091033361471
2.23606797749979,0.0012936158382269964
1.4142135623730951,0.014599839894691382
1.0,0.05527904266597331
1.4142135623730951,0.029655028561782846
2.23606797749979,0.00179136569497529
3.1622776601683795,0.003011166065231043
4.123105625617661,0.03702989449772406
5.0990195135927845,0.15282878803341537
6.082762530298219,0.004007743601670021
7.0710678118654755,0.0
2.8284271247461903,0.0
2.23606797749979,0.0019271139717190018
2.0,0.0
2.23606797749979,0.005439130714811687
2.8284271247461903,0.0
3.605551275463989,0.0
4.47213595499958,0.00042598754185770417
5.385164807134504,0.0
6.324555320336759,0.0
7.280109889280518,0.0
1.0,0.5869966443074459
2.0,0.010692957889990702
3.0,0.019904812850445645
4.0,0.118798294796058
5.0,0.056616905208690275
6.0,0.0042588915733504495
3.1622776601683795,0.0
2.23606797749979,6.600027874876279e-05
1.4142135623730951,0.029741066410518092
1.0,0.040634700843766344
1.4142135623730951,0.01383527740754021
2.23606797749979,0.0
3.1622776601683795,0.0009948595162661842
4.123105625617661,0.0466373080372522
5.0990195135927845,0.004400972570779001
6.082762530298219,0.0
3.605551275463989,0.0
2.8284271247461903,0.0
2.23606797749979,0.0
2.0,0.0019236657063858122
2.23606797749979,0.0
2.8284271247461903,0.0
3.605551275463989,0.0
4.47213595499958,0.0
5.385164807134504,2.650413459204736e-05
6.324555320336759,1.8387905053221595e-05
1.0,0.007316097374030791
2.0,0.005740434440421244
3.0,0.0030813358094306104
4.0,0.0844218866026992
5.0,0.21281748441798556
4.123105625617661,0.001866324544276797
3.1622776601683795,0.00022405004485773062
2.23606797749979,5.4279147358563286e-05
1.4142135623730951,0.017317456196242795
1.0,0.08561972136569503
1.4142135623730951,0.0011660362897849925
2.23606797749979,0.002470826953486411
3.1622776601683795,0.0012075760766565983
4.123105625617661,0.0014814466271885311
5.0990195135927845,0.030120838115982887
4.47213595499958,0.0
3.605551275463989,0.0
2.8284271247461903,0.0
2.23606797749979,0.005530460417672348
2.0,0.0
2.23606797749979,0.0
2.8284271247461903,0.0
3.605551275463989,0.0
4.47213595499958,0.0021222316306025476
5.385164807134504,0.02279754182055366
1.0,0.22451081141127788
2.0,0.0011461401282326985
3.0,0.0
4.0,0.0
5.0990195135927845,0.011966946398045531
4.123105625617661,0.004621652926262583
3.1622776601683795,1.5232634438279687e-06
2.23606797749979,0.0
1.4142135623730951,0.0014382162224444138
1.0,0.201632046872023
1.4142135623730951,0.042660417955082096
2.23606797749979,0.0
3.1622776601683795,0.0
4.123105625617661,0.0
5.385164807134504,0.0
4.47213595499958,4.1171553702052495e-06
3.605551275463989,0.0
2.8284271247461903,8.37529430825165e-06
2.23606797749979,0.0
2.0,1.821013897757199e-05
2.23606797749979,1.504748341408164e-05
2.8284271247461903,0.0
3.605551275463989,0.0
4.47213595499958,0.0
1.0,0.2479422651849604
2.0,8.089245786328941e-05
3.0,0.0
6.082762530298219,0.00027261373292834464
5.0990195135927845,0.017768120304494702
4.123105625617661,0.022203874964265628
3.1622776601683795,0.005710125247745217
2.23606797749979,0.00759692623175451
1.4142135623730951,0.15779660308544008
1.0,0.17146515890184555
1.4142135623730951,0.13401057846405323
2.23606797749979,0.00042421558263236697
3.1622776601683795,0.0
6.324555320336759,0.0
5.385164807134504,0.0006622172035828733
4.47213595499958,0.0
3.605551275463989,0.0006049199988384891
2.8284271247461903,0.0
2.23606797749979,1.346733297777547e-05
2.0,0.0006154593802879719
2.23606797749979,0.0
2.8284271247461903,0.0
3.605551275463989,0.0
1.0,0.0508233867793921
2.0,0.0005137015926415713
7.0710678118654755,0.0004248822771459462
6.082762530298219,0.0058856107794485885
5.0990195135927845,0.07487372010192667
4.123105625617661,0.051792264522511136
3.1622776601683795,0.000752260017118103
2.23606797749979,0.001273939229339009
1.4142135623730951,0.01972999021632575
1.0,0.21116719086112032
1.4142135623730951,0.02266177884767136
2.23606797749979,0.0
7.280109889280518,4.935883857791375e-06
6.324555320336759,0.0010192920231349599
5.385164807134504,0.0
4.47213595499958,0.00443205128816078
3.605551275463989,9.181160725669197e-07
2.8284271247461903,3.0737671809190556e-07
2.23606797749979,0.0
2.0,0.0
2.23606797749979,0.0
2.8284271247461903,0.0
1.0,0.20869987014042224
8.06225774829855,0.0010526252728642305
7.0710678118654755,0.0
6.082762530298219,0.036198396801583536
5.0990195135927845,0.04110718848424278
4.123105625617661,0.004725793778732751
3.1622776601683795,0.0012374135748681409
2.23606797749979,0.0
1.4142135623730951,0.09701058049389323
1.0,0.208854352282149
1.4142135623730951,0.12580788395784542
8.246211251235321,0.0009243755711818897
7.280109889280518,3.042260476250037e-07
6.324555320336759,0.0
5.385164807134504,9.078718593459487e-06
4.47213595499958,0.0
3.605551275463989,0.0
2.8284271247461903,0.0
2.23606797749979,0.0
2.0,0.001156357578723465
2.23606797749979,0.0
9.055385138137417,0.0
8.06225774829855,0.0
7.0710678118654755,0.0
6.082762530298219,0.0
5.0990195135927845,0.004561911509866005
4.123105625617661,0.002405233160181766
3.1622776601683795,0.0
2.23606797749979,0.0
1.4142135623730951,0.06500464245773732
1.0,0.4873410243856263
9.219544457292887,0.0
8.246211251235321,0.0
7.280109889280518,0.0
6.324555320336759,0.0
5.385164807134504,0.0
4.47213595499958,0.0
3.605551275463989,0.0
2.8284271247461903,0.0
2.23606797749979,0.0
2.0,0.0
1.0,0.027974896129621996
2.0,0.000632725581853393
3.0,2.1347621998990403e-05
4.0,0.00135556339756376
5.0,0.013714384298738733
6.0,9.029874765469289e-05
7.0,0.0003134044212778334
8.0,0.00010045731307132066
9.0,0.0
1.0,0.2526033189418697
1.4142135623730951,0.06825763603188678
2.23606797749979,0.0
3.1622776601683795,0.0001478838849928316
4.123105625617661,0.0
5.0990195135927845,0.005509272802646496
6.082762530298219,0.00035605058517923293
7.0710678118654755,0.0
8.06225774829855,5.9688950257790426e-05
9.055385138137417,0.0
1.0,0.31010871010865404
2.0,0.003275286523319751
3.0,0.0006097981490157389
4.0,0.04327621368510482
5.0,0.08986872499778371
6.0,0.036254600905916506
7.0,0.001786772455494865
8.0,0.0
1.4142135623730951,0.004373241483262884
1.0,0.32465237217014564
1.4142135623730951,0.016282928420532944
2.23606797749979,0.0
3.1622776601683795,0.0
4.123105625617661,0.01142012065477544
5.0990195135927845,0.04136619353194119
6.082762530298219,0.013651792872456516
7.0710678118654755,1.0876498678607852e-05
8.06225774829855,0.0
1.0,0.4453435544990255
2.0,0.002937337210484718
3.0,0.004363420635622936
4.0,0.024198682724535788
5.0,0.29109806439864
6.0,0.028363817933019165
7.0,0.0
2.23606797749979,5.663804805044511e-05
1.4142135623730951,0.045127334885820554
1.0,0.0613778900047353
1.4142135623730951,0.023346800959897687
2.23606797749979,0.0010418625747622115
3.1622776601683795,0.00018776080893405104
4.123105625617661,0.0030034372178484744
5.0990195135927845,0.0006311319418086357
6.082762530298219,6.653801454340514e-05
7.0710678118654755,0.0
1.0,0.3468682626442188
2.0,0.002590332682307532
3.0,0.003431395055195708
4.0,0.1572502183426548
5.0,0.029265523023426318
6.0,0.0037856435467331553
3.1622776601683795,0.0
2.23606797749979,0.00022754428278411087
1.4142135623730951,0.100043629145222
1.0,0.09470608297595216
1.4142135623730951,0.04027443193255106
2.23606797749979,0.0005146751785685071
3.1622776601683795,0.00041989756021925236
4.123105625617661,0.019271843650668977
5.0990195135927845,0.02288755860111213
6.082762530298219,0.005521188237879609
1.0,0.03340345753790162
2.0,0.009408227086677753
3.0,0.0034585242398469614
4.0,0.005171008970911704
5.0,0.0028589039921588437
4.123105625617661,0.0
3.1622776601683795,0.0
2.23606797749979,1.5770678345174797e-05
1.4142135623730951,0.022567691764048225
1.0,0.10596551133243749
1.4142135623730951,0.026704254157914036
2.23606797749979,4.767076457247967e-05
3.1622776601683795,1.607154073152343e-07
4.123105625617661,0.006037878613460906
5.0990195135927845,0.0037876321836811523
1.0,0.5085989737746989
2.0,0.021569007067651556
3.0,0.0008279579370546876
4.0,0.0
5.0990195135927845,0.0002429674384605247
4.123105625617661,0.0032646464132043917
3.1622776601683795,0.0004027959828364645
2.23606797749979,0.00022745926935607226
1.4142135623730951,0.02892457573290014
1.0,0.18609763351892297
1.4142135623730951,0.21940206685667474
2.23606797749979,0.0038947635689336167
3.1622776601683795,0.0
4.123105625617661,0.0
1.0,0.1667009361682275
2.0,5.970595196634534e-05
3.0,0.0
6.082762530298219,2.03768700143307e-05
5.0990195135927845,0.00501674111951603
4.123105625617661,0.011216930531866792
3.1622776601683795,0.0
2.23606797749979,0.0
1.4142135623730951,0.06617026811086565
1.0,0.273442860913029
1.4142135623730951,0.043288517150388034
2.23606797749979,0.0
3.1622776601683795,0.0
1.0,0.12310206992063767
2.0,0.0019311932359698813
7.0710678118654755,0.0
6.082762530298219,0.0009756374973021535
5.0990195135927845,0.012019131704171569
4.123105625617661,0.00837377795971564
3.1622776601683795,0.0
2.23606797749979,0.0029900630215123464
1.4142135623730951,0.0452677747918075
1.0,0.0719415100227309
1.4142135623730951,0.0068956779337188455
2.23606797749979,0.0
1.0,0.277486557220987
8.06225774829855,0.0
7.0710678118654755,6.051817642885186e-06
6.082762530298219,0.0
5.0990195135927845,0.004737697173713907
4.123105625617661,8.51192444748679e-08
3.1622776601683795,0.0
2.23606797749979,0.0
1.4142135623730951,0.00045264780316102264
1.0,0.2768664478058298
1.4142135623730951,0.12942667445300107
9.055385138137417,0.0
8.06225774829855,0.0
7.0710678118654755,0.0
6.082762530298219,0.002390138397232711
5.0990195135927845,0.0
4.123105625617661,0.0
3.1622776601683795,0.0
2.23606797749979,0.0
1.4142135623730951,0.3021187649790584
1.0,0.31869134839931385
1.0,0.45332353459335445
2.0,0.0005862692344297448
3.0,0.0035342591189703137
4.0,0.0
5.0,0.0016341694373583023
6.0,0.00010561230225773874
7.0,1.152620380599143e-06
8.0,9.213887990709764e-05
9.0,0.0
1.0,0.07443694981222446
2.0,0.0035726287448910894
3.0,0.0
4.0,0.018332409063941506
5.0,0.09360210450058637
6.0,0.03605508174904012
7.0,0.00046767724180145576
8.0,0.0
1.0,0.13279191971076099
2.0,0.002841412485612162
3.0,0.023245909771283126
4.0,0.2117968580426155
5.0,0.8015076352191107
6.0,0.04266149964329757
7.0,0.0
1.0,0.5436112393154965
2.0,0.019384291196829332
3.0,0.0008981353792307477
4.0,0.17416622933540227
5.0,0.18010113969119626
6.0,0.007821370374599486
1.0,0.557159960327104
2.0,0.0008279280295005623
3.0,0.0010916013575931044
4.0,0.0028035589073341373
5.0,0.0
1.0,0.21440837811653982
2.0,0.05097034447558017
3.0,1.2940276653189906e-06
4.0,0.0
1.0,0.4091188298917197
2.0,9.330751537331452e-05
3.0,0.0
1.0,0.08746922066635252
2.0,0.0
1.0,0.6635285572724301
